-- phpMyAdmin SQL Dump
-- version 4.0.10.14
-- http://www.phpmyadmin.net
--
-- Host: localhost:3306
-- Generation Time: Jan 15, 2017 at 09:37 PM
-- Server version: 5.5.52-cll
-- PHP Version: 5.6.20

SET FOREIGN_KEY_CHECKS=0;
SET SQL_MODE = "NO_AUTO_VALUE_ON_ZERO";


/*!40101 SET @OLD_CHARACTER_SET_CLIENT=@@CHARACTER_SET_CLIENT */;
/*!40101 SET @OLD_CHARACTER_SET_RESULTS=@@CHARACTER_SET_RESULTS */;
/*!40101 SET @OLD_COLLATION_CONNECTION=@@COLLATION_CONNECTION */;
/*!40101 SET NAMES utf8 */;

--
-- Database: `liquamed_golfnation_dev`
--

--
-- Truncate table before insert `gn_address_type`
--

TRUNCATE TABLE `gn_address_type`;
--
-- Dumping data for table `gn_address_type`
--

INSERT INTO `gn_address_type` (`address_type_cd`, `address_type_value`) VALUES
('home', 'Home'),
('other', 'Other'),
('work', 'Work');

--
-- Truncate table before insert `gn_assn_billing_settings`
--

TRUNCATE TABLE `gn_assn_billing_settings`;
--
-- Dumping data for table `gn_assn_billing_settings`
--

INSERT INTO `gn_assn_billing_settings` (`association_id`, `billing_enabled`, `include_est_merchant_fee`, `merchant_fee_bill_cd`, `merchant_fee_pct`, `apply_deactivation_discount`, `regular_fee`, `junior_fee`) VALUES
(1, 1, 0, 'to_assn', '0.00', 1, '35.00', '0.00');

--
-- Truncate table before insert `gn_assn_discount_rule`
--

TRUNCATE TABLE `gn_assn_discount_rule`;
--
-- Dumping data for table `gn_assn_discount_rule`
--

INSERT INTO `gn_assn_discount_rule` (`assn_discount_rule_id`, `association_id`, `days_limit`, `discount_pct`) VALUES
(3, 1, 30, 75),
(4, 1, 60, 25);

--
-- Truncate table before insert `gn_association`
--

TRUNCATE TABLE `gn_association`;
--
-- Dumping data for table `gn_association`
--

INSERT INTO `gn_association` (`association_id`, `handicap_provider_id`, `hp_association_num`, `association_name`, `address`, `city`, `state`, `zip_code`, `gn_coop_member`, `website`, `association_phone`, `online_join_url`, `logo`, `mp_association_num`, `php_timezone`) VALUES
(1, 1, 73, 'Southern California Golf Association', '123 Testing Way', 'Los Angeles', 'CA', '90001', 1, NULL, '222-222-2222', NULL, '', '123', 'America/Los_Angeles');

--
-- Truncate table before insert `gn_association_customer`
--

TRUNCATE TABLE `gn_association_customer`;
--
-- Dumping data for table `gn_association_customer`
--

INSERT INTO `gn_association_customer` (`association_id`, `customer_id`, `user_name`, `password`, `assoc_login_type_cd`) VALUES
(1, 241, 'chrisphillips', '$P$Bw4oYe.ARxcLxdv9hspP.7g1RgBE0T0', 'super_admin'),
(1, 242, 'immarvin', '$P$BJNMblURyZ7t0T.rXSgtiqqJPB1E6z0', 'assoc_admin'),
(1, 243, 'jacanarias', '$P$Blht3mZsCL26bAz/TO5fMUNbuol/eP/', 'assoc_admin'),
(1, 244, 'jbono', '$P$B0DjB/3N.z6Dv4r.le9Y8P.p4VN2SR.', 'assoc_admin'),
(1, 245, 'jennea', '$P$B7IPW.SLn2Sw.X3hO6sPtp/Kqd6vBn.', 'super_admin'),
(1, 246, 'jenneabono', '$P$BqF9z6lMX1ee15wiAe4Zi6BeKSieXw0', 'club_admin'),
(1, 247, 'kevin', '$P$B7vUX1mCkTAkYEPfAQYJbAZHwucdzZ/', 'super_admin'),
(1, 248, 'marvin', '$P$BWz7ZZLnemRqD2Vr6VyPuT2qiBu.Xj0', 'super_admin'),
(1, 249, 'marvinhl', '$P$BIbvUHYnRCFLD5LqbOPUxKP8ihVsT9/', 'club_admin'),
(1, 250, 'marvinl', '$P$BcrjE/6mKirGSmTWXI8E121g.P4t040', 'assoc_admin'),
(1, 251, 'miki', '$P$BQBAwjAATBFjysFdtekOSXqTa6bhWh1', 'super_admin'),
(1, 252, 'miral', '$P$BHmFXkfSVtgShvTTHuGgOzq0rBjtYj0', 'super_admin'),
(1, 253, 'mklann2', '$P$BtS1YMYOwJbLLLrnlqYwy5IIaticr40', 'club_admin'),
(1, 254, 'princess1', '$P$BZMDdrknn9BwTM42M2/m.ru2DoooQo.', 'club_admin'),
(1, 255, 'renfrow', '$P$BMQRmYaFMVzupJCrGyCKVSpP1mh64n.', 'super_admin'),
(1, 256, 'scgaadmin', '$P$BvaTRb1LpHQX9uIHJpKAXIDaEI0jEQ/', 'assoc_admin'),
(1, 257, 'sdrake', '$P$BUa44Q0I8deTAuh24i3/Cyk6nkmQTl0', 'club_admin'),
(1, 258, 'vikas', '$P$BrTwg7YLS1PDTjw6ogIwzkeLMAe2P7.', 'super_admin');

--
-- Truncate table before insert `gn_association_facility`
--

TRUNCATE TABLE `gn_association_facility`;
--
-- Truncate table before insert `gn_association_log`
--

TRUNCATE TABLE `gn_association_log`;
--
-- Truncate table before insert `gn_association_login_type`
--

TRUNCATE TABLE `gn_association_login_type`;
--
-- Dumping data for table `gn_association_login_type`
--

INSERT INTO `gn_association_login_type` (`assoc_login_type_cd`, `assoc_login_value`) VALUES
('assoc_admin', 'Association Admin'),
('club_admin', 'Club Admin'),
('mobile_user', 'Mobile User'),
('super_admin', 'Super Admin');

--
-- Truncate table before insert `gn_association_migration`
--

TRUNCATE TABLE `gn_association_migration`;
--
-- Truncate table before insert `gn_association_settings`
--

TRUNCATE TABLE `gn_association_settings`;
--
-- Dumping data for table `gn_association_settings`
--

INSERT INTO `gn_association_settings` (`association_id`, `display_fee`, `renewal_start`, `apply_golfer_privacy`, `calendar_start`, `set_expiration_dates`, `custom_css`, `google_tracking_script`, `member_name_format`, `default_state`, `force_ssl_on_checkout`, `encrypt_member_number`, `enable_transaction_fee`, `default_transaction_fee`, `allow_auto_renewal`, `allow_approval_process`, `hp_provider_offline`, `hp_optional_fields`, `hp_username`, `hp_password`, `allow_limited_membership`, `limited_membership_title`, `limited_membership_text`, `merchant_provider_id`, `mp_merchant_fields`, `mp_username`, `mp_password`, `allow_snail_mail_opt_in`, `renew_days_before_calendar`, `show_golfer_address_cd`, `renew_first_notify_days`, `renew_second_notify_days`) VALUES
(1, 1, '10-15', 0, '01-01', 1, '', NULL, 'last_name,', 'CA', 0, 1, 0, '15.00', 1, 1, 1, NULL, 'LiqM73', 'LqM73scGA', 1, 'SCGA Associate Membership Network', 'Lorem Ipsum is simply dummy text of the printing and typesetting industry. Lorem Ipsum has been the industry''s standard dummy text ever since the 1500s, when an unknown printer took a galley of type and scrambled it to make a type specimen book. It has survived not only five centuries, but also the leap into electronic typesetting, remaining essentially unchanged. It was popularised in the 1960s with the release of Letraset sheets containing Lorem Ipsum passages, and more recently with desktop publishing software like Aldus PageMaker including versions of Lorem Ipsum.', 1, '11||Membership\r\n12|membership_type_name\r\n13|uid\r\n14|member_type|R\r\n15|membership_name\r\n16|member_name\r\n17|transaction_type_name|Paid Online', '2015test', 'LMTesting', 0, 91, 'never_show', NULL, NULL);

--
-- Truncate table before insert `gn_association_tracking`
--

TRUNCATE TABLE `gn_association_tracking`;
--
-- Dumping data for table `gn_association_tracking`
--

INSERT INTO `gn_association_tracking` (`association_id`, `last_hp_golfer_synch`, `last_hp_club_synch`) VALUES
(1, '2017-01-15 23:23:13', '2017-01-11 00:00:00');

--
-- Truncate table before insert `gn_association_zip_code`
--

TRUNCATE TABLE `gn_association_zip_code`;
--
-- Truncate table before insert `gn_bill_adjustment_type`
--

TRUNCATE TABLE `gn_bill_adjustment_type`;
--
-- Dumping data for table `gn_bill_adjustment_type`
--

INSERT INTO `gn_bill_adjustment_type` (`bill_adj_type_cd`, `bill_adj_type_value`) VALUES
('member_dues', 'Member Dues');

--
-- Truncate table before insert `gn_bill_status`
--

TRUNCATE TABLE `gn_bill_status`;
--
-- Dumping data for table `gn_bill_status`
--

INSERT INTO `gn_bill_status` (`bill_status_cd`, `bill_status_value`) VALUES
('closed', 'Closed'),
('created', 'Created'),
('open', 'Open');

--
-- Truncate table before insert `gn_calendar_year_type`
--

TRUNCATE TABLE `gn_calendar_year_type`;
--
-- Dumping data for table `gn_calendar_year_type`
--

INSERT INTO `gn_calendar_year_type` (`calendar_year_type_cd`, `calendar_year_type_value`) VALUES
('assn', 'Calendar'),
('revolving', 'Revolving');

--
-- Truncate table before insert `gn_club_bill`
--

TRUNCATE TABLE `gn_club_bill`;
--
-- Dumping data for table `gn_club_bill`
--

INSERT INTO `gn_club_bill` (`club_bill_id`, `club_service_id`, `start_bill_date`, `end_bill_date`, `bill_number`, `previous_balance`, `payments_received`, `payments_to_club`, `transaction_refunds`, `bill_amount`, `amount_due`, `bill_status_cd`) VALUES
(1, 2, '2016-11-01', '2016-11-30', '002-000', '0.00', '0.00', '0.00', '0.00', '-5.00', '-5.00', 'created'),
(3, 2, '2016-12-01', '2016-12-31', '002-001', '-5.00', '0.00', '-5.00', '0.00', '45.00', '45.00', 'created'),
(5, 1, '2016-11-01', '2016-11-30', '001-001', '0.00', '0.00', '0.00', '0.00', '485.00', '485.00', 'created');

--
-- Truncate table before insert `gn_club_bill_adjustment`
--

TRUNCATE TABLE `gn_club_bill_adjustment`;
--
-- Dumping data for table `gn_club_bill_adjustment`
--

INSERT INTO `gn_club_bill_adjustment` (`club_bill_adj_id`, `club_service_id`, `bill_adj_type_cd`, `adj_date`, `adj_description`, `adj_amount`, `applied_to_payment`, `club_bill_id`, `applied_to_bill`, `transaction_credit`) VALUES
(1, 2, 'member_dues', '2016-12-11', 'Test fee for something, not good', '50.00', 0, 3, 1, 0),
(4, 2, 'member_dues', '2017-01-12', 'Misc fee', '10.00', 0, NULL, 0, 0),
(5, 1, 'member_dues', '2016-12-14', 'Adjustment for partialkdfjdlkfj', '-26.50', 0, NULL, 0, 0),
(6, 1, 'member_dues', '2016-12-14', 'Random fee', '26.00', 0, NULL, 0, 0),
(7, 1, 'member_dues', '2016-12-14', 'Credit for something cool', '-1.00', 0, NULL, 0, 0);

--
-- Truncate table before insert `gn_club_contact_type`
--

TRUNCATE TABLE `gn_club_contact_type`;
--
-- Truncate table before insert `gn_club_customer_field`
--

TRUNCATE TABLE `gn_club_customer_field`;
--
-- Truncate table before insert `gn_club_field`
--

TRUNCATE TABLE `gn_club_field`;
--
-- Truncate table before insert `gn_club_payment`
--

TRUNCATE TABLE `gn_club_payment`;
--
-- Dumping data for table `gn_club_payment`
--

INSERT INTO `gn_club_payment` (`club_payment_id`, `club_service_id`, `payment_date`, `payment_type_cd`, `payment_amount`, `merchant_payment_id`, `club_bill_adj_id`, `club_bill_id`, `applied_to_bill`) VALUES
(1, 2, '2016-12-12', 'check', '-5.00', NULL, NULL, 3, 1),
(2, 1, '2016-12-14', 'check', '275.00', NULL, 5, NULL, 0);

--
-- Truncate table before insert `gn_club_payment_check`
--

TRUNCATE TABLE `gn_club_payment_check`;
--
-- Dumping data for table `gn_club_payment_check`
--

INSERT INTO `gn_club_payment_check` (`club_payment_check_id`, `club_payment_id`, `check_number`, `check_amount`, `check_memo`) VALUES
(1, 1, '1234', '-5.00', NULL),
(2, 2, '211', '300.00', NULL),
(3, 2, '322', '1.50', NULL);

--
-- Truncate table before insert `gn_club_payment_detail`
--

TRUNCATE TABLE `gn_club_payment_detail`;
--
-- Dumping data for table `gn_club_payment_detail`
--

INSERT INTO `gn_club_payment_detail` (`club_payment_detail_id`, `club_payment_id`, `club_bill_adj_id`, `transaction_id`, `is_postponed`, `is_deactivated`, `deactivation_discount_amt`) VALUES
(1, 1, NULL, 172, 0, 0, NULL),
(2, 1, NULL, 173, 0, 0, NULL),
(3, 2, NULL, 188, 0, 0, NULL),
(4, 2, NULL, 189, 0, 0, NULL),
(5, 2, NULL, 180, 0, 0, NULL),
(6, 2, NULL, 190, 0, 0, NULL),
(7, 2, NULL, 185, 0, 0, NULL),
(8, 2, NULL, 195, 0, 0, NULL),
(9, 2, NULL, 177, 0, 0, NULL),
(10, 2, NULL, 182, 0, 0, NULL),
(11, 2, NULL, 192, 0, 0, NULL),
(12, 2, NULL, 179, 0, 0, NULL),
(13, 2, NULL, 187, 0, 0, NULL),
(14, 2, NULL, 184, 1, 0, NULL),
(15, 2, NULL, 194, 1, 0, NULL),
(16, 2, NULL, 181, 0, 0, NULL),
(17, 2, NULL, 191, 1, 0, NULL),
(18, 2, NULL, 186, 1, 0, NULL),
(19, 2, NULL, 178, 0, 0, NULL),
(20, 2, NULL, 183, 1, 0, NULL),
(21, 2, NULL, 193, 1, 0, NULL);

--
-- Truncate table before insert `gn_club_service`
--

TRUNCATE TABLE `gn_club_service`;
--
-- Dumping data for table `gn_club_service`
--

INSERT INTO `gn_club_service` (`club_service_id`, `club_id`, `hp_service_num`, `club_service_name`, `club_service_email`, `club_service_phone`, `club_service_description`, `gender_type_cd`, `club_service_contact`, `is_default`, `is_active`, `address1`, `address2`, `city`, `state`, `zip_code`, `longitude`, `latitude`, `last_amount_due`, `last_bill_date`, `next_bill_date`, `next_bill_number_seq`, `current_amount_due`, `last_payment_date`, `sub_type_count`) VALUES
(1, 64, 1, 'Scga', 'jennea@golfnations.com', '', NULL, 'male', 'Jennea Bono', 0, 1, '1 Main Street', '', 'Oxnard', 'CA', '93036', '-119.300732', '34.281058', '485.00', '2016-11-30', '2016-12-31', 2, '210.00', '2016-12-14', 5),
(2, 62, 1, 'San Diego', 'sdrake@scga.org', '1234567890', NULL, 'male', '', 0, 1, '1 Friars Rd', '', 'San Diego', 'CA', '92120', '0.000000', '0.000000', '45.00', '2016-12-31', '2017-01-31', 2, '0.00', '2017-01-11', 10),
(3, 61, 1, 'Scga', 'jennea@golfnations.com', '', NULL, 'male', 'Handicap Dept', 0, 1, '3740 Cahuenga Blvd', '', 'Studio City', 'CA', '91604', '-118.361773', '34.135982', NULL, NULL, NULL, NULL, NULL, NULL, 2),
(4, 62, 2, 'Test 2', 'sdrake@scga.org', '1234567890', NULL, 'male', '', 0, 1, '3740 Cahuenga Blvd.', '', 'Studio City', 'CA', '91604', '0.000000', '0.000000', NULL, NULL, NULL, NULL, NULL, NULL, 1),
(5, 63, 3, 'Other', 'koconnor@scga.org', '2136831481', NULL, 'male', '', 0, 1, '3740 Cahuenga Blvd', '', 'Studio City', 'CA', '91604', '0.000000', '0.000000', NULL, NULL, NULL, NULL, NULL, NULL, 1),
(6, 63, 1, 'Scga', 'koconnor@scga.org', '2136831481', NULL, 'male', '', 0, 1, '3740 Cahuenga Blvd', '', 'Studio City', 'CA', '91604', '0.000000', '0.000000', NULL, NULL, NULL, NULL, NULL, NULL, 10),
(7, 4, 1, 'Scga', 'koconnor@scga.org', '6267973171', NULL, 'male', 'Jared Rivera', 0, 1, '1456 East Mendocino St', '', 'Altadena', 'CA', '91001', '-118.119664', '34.185243', NULL, NULL, NULL, NULL, NULL, NULL, 2),
(8, 64, 5, 'Second Tier', 'jennea@golfnations.com', '', NULL, 'male', 'Jennea Bono', 0, 1, '3740 Cahuenga Blvd', '', 'Studio City', 'CA', '91604', '-119.300732', '34.281058', NULL, NULL, NULL, NULL, NULL, NULL, 1),
(9, 64, 3, 'Women''s 18', 'jennea@golfnations.com', '', NULL, 'female', 'Jennea Bono', 0, 1, '3740 Cahuenga Blvd', '', 'Studio City', 'CA', '91604', '-119.300732', '34.281058', NULL, NULL, NULL, NULL, NULL, NULL, 1),
(10, 60, 1, 'Scga', 'jennea@golfnations.com', '8189803630', NULL, 'male', '', 0, 1, '83040 Avenue 42', '', 'Indio', 'CA', '92203', '-118.361773', '34.135982', NULL, NULL, NULL, NULL, NULL, NULL, 3),
(11, 56, 1, 'Scga', 'koconnor@scga.org', '8189803630', NULL, 'male', 'Jeff Kerner', 0, 1, '23920 Valencia Blvd', '', 'Valencia', 'CA', '91355', '-118.553837', '34.412681', NULL, NULL, NULL, NULL, NULL, NULL, 1),
(12, 42, 1, 'Scga', 'koconnor@scga.org', '8587616784', NULL, 'male', '', 0, 1, '5444 Camino Playa Malaga', '', 'San Diego', 'CA', '92124', '-117.087723', '32.833624', NULL, NULL, NULL, NULL, NULL, NULL, 1),
(13, 55, 1, 'Scga', 'koconnor@scga.org', '8189803630', NULL, 'male', 'Adam Dehoyas', 0, 1, '209 East Kern Street', '', 'Taft', 'CA', '93268', '-119.449562', '35.140746', NULL, NULL, NULL, NULL, NULL, NULL, 1),
(14, 48, 1, 'Scga', 'koconnor@scga.org', '9092879617', NULL, 'male', '', 0, 1, '14717 Molise Ln', '', 'Chino Hills', 'CA', '91709', '0.000000', '0.000000', NULL, NULL, NULL, NULL, NULL, NULL, 2),
(15, 45, 1, 'Scga', 'marvin@liquamedia.com', '5624589477', NULL, 'male', '', 0, 1, '5248 the Toledo', '', 'Long Beach', 'CA', '90803', '0.000000', '0.000000', NULL, NULL, NULL, NULL, NULL, NULL, 1),
(16, 43, 1, 'Scga', 'koconnor@scga.org', '6199872649', NULL, 'male', '', 0, 1, '1172 Sunbright  Dr', '', 'Oceanside', 'CA', '92056', '0.000000', '0.000000', NULL, NULL, NULL, NULL, NULL, NULL, 1),
(17, 40, 1, 'Scga', 'robkuehn@hotmail.com', '5624305411', NULL, 'male', 'Rob Kuehn', 0, 1, 'P O Box 15687', '', 'Long Beach', 'CA', '90815', '-118.118120', '33.796330', NULL, NULL, NULL, NULL, NULL, NULL, 1),
(18, 1, 1, 'Scga', NULL, '8584517712', NULL, 'male', NULL, 0, 1, '1232 Fairfield Street', 'C/O John Bepko', 'Chula Vista', 'CA', '91913', NULL, NULL, NULL, NULL, NULL, NULL, NULL, NULL, 0),
(19, 65, 1, 'Scga', NULL, '3103832740', NULL, 'male', NULL, 0, 1, '6900 W Manchester Ave', '', 'Los Angeles', 'CA', '90045', NULL, NULL, NULL, NULL, NULL, NULL, NULL, NULL, 0),
(20, 66, 1, 'Scga', NULL, '', NULL, 'male', NULL, 0, 1, '27601 Casta Del Sol Rd', '', 'Mission Viejo', 'CA', '92692', NULL, NULL, NULL, NULL, NULL, NULL, NULL, NULL, 0),
(21, 67, 1, 'Scga', NULL, '', NULL, 'male', NULL, 0, 1, '1440 East Bastanchury', '', 'Fullerton', 'CA', '92831', NULL, NULL, NULL, NULL, NULL, NULL, NULL, NULL, 0),
(22, 68, 1, 'Scga', NULL, '9494991919', NULL, 'male', NULL, 0, 1, '31106 Coast Highway', '', 'Laguna Beach', 'CA', '92677', NULL, NULL, NULL, NULL, NULL, NULL, NULL, NULL, 0),
(23, 2, 1, 'Scga', NULL, '9495989200', NULL, 'male', NULL, 0, 1, '24325 Cimarron Court', 'Robert Davies', 'Laguna Niguel', 'CA', '92677', NULL, NULL, NULL, NULL, NULL, NULL, NULL, NULL, 0),
(24, 3, 1, 'Scga', NULL, '7145281103', NULL, 'male', NULL, 0, 1, '777 East Alta Vista', '', 'Placentia', 'CA', '92870', NULL, NULL, NULL, NULL, NULL, NULL, NULL, NULL, 0),
(25, 5, 1, 'Scga', NULL, '7147653481', NULL, 'male', NULL, 0, 1, '430 North Gilbert', '', 'Anaheim', 'CA', '92801', NULL, NULL, NULL, NULL, NULL, NULL, NULL, NULL, 0),
(26, 6, 1, 'Scga', NULL, '7142212729', NULL, 'male', NULL, 0, 1, '6501 Nohl Ranch Rd', '', 'Anaheim', 'CA', '92807', NULL, NULL, NULL, NULL, NULL, NULL, NULL, NULL, 0),
(27, 7, 1, 'Scga', NULL, '7607771050', NULL, 'male', NULL, 0, 1, '58830 Marbella', '', 'La Quinta', 'CA', '92253', NULL, NULL, NULL, NULL, NULL, NULL, NULL, NULL, 0),
(28, 8, 1, 'Scga', NULL, '8189518771', NULL, 'male', NULL, 0, 1, '9401 Foothill Blvd.', '', 'Sunland', 'CA', '91040', NULL, NULL, NULL, NULL, NULL, NULL, NULL, NULL, 0),
(29, 9, 1, 'Scga', NULL, '6267958253', NULL, 'male', NULL, 0, 1, 'One North San Rafael Av', '', 'Pasadena', 'CA', '91105', NULL, NULL, NULL, NULL, NULL, NULL, NULL, NULL, 0),
(30, 69, 1, 'Scga', NULL, '6618107132', NULL, 'male', NULL, 0, 1, '425 Fairway Drive', '', 'Palmdale', 'CA', '93550', NULL, NULL, NULL, NULL, NULL, NULL, NULL, NULL, 0),
(31, 70, 1, 'Scga', NULL, '7602423125', NULL, 'male', NULL, 0, 1, '15200 Rancherias Rd', '', 'Apple Valley', 'CA', '92307', NULL, NULL, NULL, NULL, NULL, NULL, NULL, NULL, 0),
(32, 71, 1, 'Scga', NULL, '9098821638', NULL, 'male', NULL, 0, 1, '3433 Parkside Dr', '', 'San Bernardino', 'CA', '92404', NULL, NULL, NULL, NULL, NULL, NULL, NULL, NULL, 0),
(33, 72, 1, 'Scga', NULL, '9493055100', NULL, 'male', NULL, 0, 1, '26772 Avery Parkway', '', 'Mission Viejo', 'CA', '92692', NULL, NULL, NULL, NULL, NULL, NULL, NULL, NULL, 0),
(34, 10, 1, 'Scga', NULL, '7602471610', NULL, 'male', NULL, 0, 1, '10885 Apple Valley Rd', '', 'Apple Valley', 'CA', '92308', NULL, NULL, NULL, NULL, NULL, NULL, NULL, NULL, 0),
(35, 73, 1, 'Scga', NULL, '6143789632', NULL, 'male', NULL, 0, 1, '164 Riverview Drive', '', 'Avila Beach', 'CA', '93424', NULL, NULL, NULL, NULL, NULL, NULL, NULL, NULL, 0),
(36, 74, 1, 'Scga', NULL, '7603453712', NULL, 'male', NULL, 0, 1, '75-800 Avondale Dr', '', 'Palm Desert', 'CA', '92211', NULL, NULL, NULL, NULL, NULL, NULL, NULL, NULL, 0),
(37, 75, 1, 'Scga', NULL, '6618714121', NULL, 'male', NULL, 0, 1, '4200 Country Club Drive', '', 'Bakersfield', 'CA', '93306', NULL, NULL, NULL, NULL, NULL, NULL, NULL, NULL, 0),
(38, 76, 1, 'Scga', NULL, '6192391660', NULL, 'male', NULL, 0, 1, '2600 Golf Course Drive', '', 'San Diego', 'CA', '92102', NULL, NULL, NULL, NULL, NULL, NULL, NULL, NULL, 0),
(39, 77, 1, 'Scga', NULL, '7607914911', NULL, 'male', NULL, 0, 1, '2050 Country Club Dr', '', 'Holtville', 'CA', '92250', NULL, NULL, NULL, NULL, NULL, NULL, NULL, NULL, 0),
(40, 78, 1, 'Scga', NULL, '6193877018', NULL, 'male', NULL, 0, 1, '1932 Wildcat Canyon Rd', '', 'Lakeside', 'CA', '92040', NULL, NULL, NULL, NULL, NULL, NULL, NULL, NULL, 0),
(41, 79, 1, 'Scga', NULL, '8009137242', NULL, 'male', NULL, 0, 1, '22640 Bear Creek Dr N', '', 'Murrieta', 'CA', '92562', NULL, NULL, NULL, NULL, NULL, NULL, NULL, NULL, 0),
(42, 80, 1, 'Scga', NULL, '9095858002', NULL, 'male', NULL, 0, 1, 'P O Box 77', '', 'Big Bear Lake', 'CA', '92315', NULL, NULL, NULL, NULL, NULL, NULL, NULL, NULL, 0),
(43, 81, 1, 'Scga', NULL, '3104402423', NULL, 'male', NULL, 0, 1, '10768 Bellagio Road', '', 'Los Angeles', 'CA', '90077', NULL, NULL, NULL, NULL, NULL, NULL, NULL, NULL, 0),
(44, 82, 1, 'Scga', NULL, '7603602481', NULL, 'male', NULL, 0, 1, '42-360 Adams St', '', 'Bermuda Dunes', 'CA', '92201', NULL, NULL, NULL, NULL, NULL, NULL, NULL, NULL, 0),
(45, 83, 1, 'Scga', NULL, '7602718846', NULL, 'male', NULL, 0, 1, '16066 Bernardo Heights', '', 'San Diego', 'CA', '92128', NULL, NULL, NULL, NULL, NULL, NULL, NULL, NULL, 0),
(46, 84, 1, 'Scga', NULL, '9496445404', NULL, 'male', NULL, 0, 1, 'One Big Canyon Dr', '', 'Newport Beach', 'CA', '92660', NULL, NULL, NULL, NULL, NULL, NULL, NULL, NULL, 0),
(47, 85, 1, 'Scga', NULL, '7603414653', NULL, 'male', NULL, 0, 1, '255 Palowet Dr', '', 'Palm Desert', 'CA', '92260', NULL, NULL, NULL, NULL, NULL, NULL, NULL, NULL, 0),
(48, 86, 1, 'Scga', NULL, '7149900201', NULL, 'male', NULL, 0, 1, '2250 East Birch Street', '', 'Brea', 'CA', '92821', NULL, NULL, NULL, NULL, NULL, NULL, NULL, NULL, 0),
(49, 87, 1, 'Scga', NULL, '8059690919', NULL, 'male', NULL, 0, 1, '2031 Packing House Rd', '', 'Santa Barbara', 'CA', '93108', NULL, NULL, NULL, NULL, NULL, NULL, NULL, NULL, 0),
(50, 88, 1, 'Scga', NULL, '5624987003', NULL, 'male', NULL, 0, 1, '6180 Bixby Village Dr', '', 'Long Beach', 'CA', '90803', NULL, NULL, NULL, NULL, NULL, NULL, NULL, NULL, 0),
(51, 89, 1, 'Scga', NULL, '7149610060', NULL, 'male', NULL, 0, 1, 'One Black Gold Drive', '', 'Yorba Linda', 'CA', '92886', NULL, NULL, NULL, NULL, NULL, NULL, NULL, NULL, 0),
(52, 90, 1, 'Scga', NULL, '8083431214', NULL, 'male', NULL, 0, 1, '1490 Golf Course Lane', '', 'Nipomo', 'CA', '93444', NULL, NULL, NULL, NULL, NULL, NULL, NULL, NULL, 0),
(53, 91, 1, 'Scga', NULL, '7609227272', NULL, 'male', NULL, 0, 1, '4708 Wells Rd', '', 'Blythe', 'CA', '92225', NULL, NULL, NULL, NULL, NULL, NULL, NULL, NULL, 0),
(54, 92, 1, 'Scga', NULL, '6192671103', NULL, 'male', NULL, 0, 1, '5540 Sweetwater Rd', '', 'Bonita', 'CA', '91902', NULL, NULL, NULL, NULL, NULL, NULL, NULL, NULL, 0),
(55, 93, 1, 'Scga', NULL, '8183445172', NULL, 'male', NULL, 0, 1, '4001 Reseda Blvd', '', 'Tarzana', 'CA', '91356', NULL, NULL, NULL, NULL, NULL, NULL, NULL, NULL, 0),
(56, 11, 1, 'Scga', NULL, '3104518011', NULL, 'male', NULL, 0, 1, '590 S Burlingame Ave', '', 'Los Angeles', 'CA', '90049', NULL, NULL, NULL, NULL, NULL, NULL, NULL, NULL, 0),
(57, 94, 1, 'Scga', NULL, '8185015537', NULL, 'male', NULL, 0, 1, '1133 Rosemont Ave', '', 'Pasadena', 'CA', '91103', NULL, NULL, NULL, NULL, NULL, NULL, NULL, NULL, 0),
(58, 95, 1, 'Scga', NULL, '6617635124', NULL, 'male', NULL, 0, 1, '10256 Golf Course Rd', '', 'Taft', 'CA', '93268', NULL, NULL, NULL, NULL, NULL, NULL, NULL, NULL, 0),
(59, 96, 1, 'Scga', NULL, '8182223222', NULL, 'male', NULL, 0, 1, '4515 N Park Entrada', '', 'Calabasas Park', 'CA', '91302', NULL, NULL, NULL, NULL, NULL, NULL, NULL, NULL, 0),
(60, 97, 1, 'Scga', NULL, '9512469014', NULL, 'male', NULL, 0, 1, '26583 Cherry Hills Blvd', '', 'Sun City', 'CA', '92586', NULL, NULL, NULL, NULL, NULL, NULL, NULL, NULL, 0),
(61, 98, 1, 'Scga', NULL, '6269684222', NULL, 'male', NULL, 0, 1, '1509 S Workman Mill Rd', '', 'Whittier', 'CA', '90601', NULL, NULL, NULL, NULL, NULL, NULL, NULL, NULL, 0),
(62, 99, 1, 'Scga', NULL, '8054841075', NULL, 'male', NULL, 0, 1, '791 Camarillo Spr Rd', '', 'Camarillo', 'CA', '93012', NULL, NULL, NULL, NULL, NULL, NULL, NULL, NULL, 0),
(63, 100, 1, 'Scga', NULL, '5629415310', NULL, 'male', NULL, 0, 1, '14000 E Telegraph Rd', '', 'Whittier', 'CA', '90604', NULL, NULL, NULL, NULL, NULL, NULL, NULL, NULL, 0),
(64, 101, 1, 'Scga', NULL, '9512747906', NULL, 'male', NULL, 0, 1, '975 Country Club Drive', '', 'Riverside', 'CA', '92506', NULL, NULL, NULL, NULL, NULL, NULL, NULL, NULL, 0),
(65, 12, 1, 'Scga', NULL, '9512461782', NULL, 'male', NULL, 0, 1, '30643 Early Round Dr.', '', 'Canyon Lake', 'CA', '92587', NULL, NULL, NULL, NULL, NULL, NULL, NULL, NULL, 0),
(66, 102, 1, 'Scga', NULL, '6194488500', NULL, 'male', NULL, 0, 1, '9200 Inwood Dr', '', 'Santee', 'CA', '92071', NULL, NULL, NULL, NULL, NULL, NULL, NULL, NULL, 0),
(67, 103, 1, 'Scga Disband', NULL, '8584879224', NULL, 'male', NULL, 0, 1, '14050  Carmel Ridge Rd', '', 'San Diego', 'CA', '92128', NULL, NULL, NULL, NULL, NULL, NULL, NULL, NULL, 0),
(68, 103, 2, 'Scga', NULL, '8584879224', NULL, 'male', NULL, 0, 1, '14050  Carmel Ridge Rd', '', 'San Diego', 'CA', '92128', NULL, NULL, NULL, NULL, NULL, NULL, NULL, NULL, 0),
(69, 104, 1, 'Scga', NULL, '7607510261', NULL, 'male', NULL, 0, 1, '8797 Circle R Drive', '', 'Escondido', 'CA', '92026', NULL, NULL, NULL, NULL, NULL, NULL, NULL, NULL, 0),
(70, 105, 1, 'Scga', NULL, '3105100530', NULL, 'male', NULL, 0, 1, 'P O Box 81', '', 'Avalon', 'CA', '90704', NULL, NULL, NULL, NULL, NULL, NULL, NULL, NULL, 0),
(71, 106, 1, 'Scga', NULL, '7603286571', NULL, 'male', NULL, 0, 1, '68311 Paseo Real', '', 'Cathedral City', 'CA', '92234', NULL, NULL, NULL, NULL, NULL, NULL, NULL, NULL, 0),
(72, 107, 1, 'Scga', NULL, '8585663397', NULL, 'male', NULL, 0, 1, '10550 Oakbend Dr', '', 'San Diego', 'CA', '92131', NULL, NULL, NULL, NULL, NULL, NULL, NULL, NULL, 0),
(73, 108, 1, 'Scga', NULL, '7604338590', NULL, 'male', NULL, 0, 1, '2323 Goat Hill Dr', '', 'Oceanside', 'CA', '92054', NULL, NULL, NULL, NULL, NULL, NULL, NULL, NULL, 0),
(74, 109, 1, 'Scga', NULL, '9512770562', NULL, 'male', NULL, 0, 1, '8007 Softwinds Drive', '', 'Corona', 'CA', '92883', NULL, NULL, NULL, NULL, NULL, NULL, NULL, NULL, 0),
(75, 110, 1, 'Scga', NULL, '7603401501', NULL, 'male', NULL, 0, 1, '100 Chaparral Dr', '', 'Palm Desert', 'CA', '92260', NULL, NULL, NULL, NULL, NULL, NULL, NULL, NULL, 0),
(76, 111, 1, 'Scga', NULL, '8182448461', NULL, 'male', NULL, 0, 1, '3067 E Chevy Chase', '', 'Glendale', 'CA', '91206', NULL, NULL, NULL, NULL, NULL, NULL, NULL, NULL, 0),
(77, 112, 1, 'Scga', NULL, '7609392990', NULL, 'male', NULL, 0, 1, 'P.O Box 914', '', 'Inyokern', 'CA', '93527', NULL, NULL, NULL, NULL, NULL, NULL, NULL, NULL, 0),
(78, 113, 1, 'Scga', NULL, '6194794141', NULL, 'male', NULL, 0, 1, '4475 Bonita Road', '', 'Bonita', 'CA', '91902', NULL, NULL, NULL, NULL, NULL, NULL, NULL, NULL, 0),
(79, 114, 1, 'Scga', NULL, '7603270986', NULL, 'male', NULL, 0, 1, '33490 Date Palm Dr #965', '', 'Cathedral City', 'CA', '92235', NULL, NULL, NULL, NULL, NULL, NULL, NULL, NULL, 0),
(80, 115, 1, 'Scga', NULL, '7605647610', NULL, 'male', NULL, 0, 1, '50 200 Ave Vista Bonita', '', 'La Quinta', 'CA', '92253', NULL, NULL, NULL, NULL, NULL, NULL, NULL, NULL, 0),
(81, 116, 1, 'Scga', NULL, '', NULL, 'male', NULL, 0, 1, 'Km 119 Libramiento Aeropuerto', '', 'San Jose Del Cabo,', '*M', '00000', NULL, NULL, NULL, NULL, NULL, NULL, NULL, NULL, 0),
(82, 117, 1, 'Scga', NULL, '9098771712', NULL, 'male', NULL, 0, 1, '1901 W Valley Blvd', '', 'Colton', 'CA', '92324', NULL, NULL, NULL, NULL, NULL, NULL, NULL, NULL, 0),
(83, 118, 1, 'Scga', NULL, '6194353121', NULL, 'male', NULL, 0, 1, 'P O Box 180055', '', 'Coronado', 'CA', '92178', NULL, NULL, NULL, NULL, NULL, NULL, NULL, NULL, 0),
(84, 119, 1, 'Scga', NULL, '7145407500', NULL, 'male', NULL, 0, 1, '1701 Golf Course Dr', '', 'Costa Mesa', 'CA', '92626', NULL, NULL, NULL, NULL, NULL, NULL, NULL, NULL, 0),
(85, 120, 1, 'Scga', NULL, '9498582770', NULL, 'male', NULL, 0, 1, '11 Hawthorne Lane', '', 'Coto De Caza', 'CA', '92679', NULL, NULL, NULL, NULL, NULL, NULL, NULL, NULL, 0),
(86, 121, 1, 'Scga', NULL, '6194429891', NULL, 'male', NULL, 0, 1, '3121 Willow Glen Rd', '', 'El Cajon', 'CA', '92020', NULL, NULL, NULL, NULL, NULL, NULL, NULL, NULL, 0),
(87, 122, 1, 'Scga', NULL, '9517372255', NULL, 'male', NULL, 0, 1, '1295 Cresta Rd', '', 'Corona', 'CA', '92879', NULL, NULL, NULL, NULL, NULL, NULL, NULL, NULL, 0),
(88, 123, 1, 'Scga', NULL, '9515063402', NULL, 'male', NULL, 0, 1, '43860 Via Vaquero', '', 'Temecula', 'CA', '92590', NULL, NULL, NULL, NULL, NULL, NULL, NULL, NULL, 0),
(89, 124, 1, 'Scga', NULL, '7604441800', NULL, 'male', NULL, 0, 1, '5800 the Crossings Dr', '', 'Carlsbad', 'CA', '92008', NULL, NULL, NULL, NULL, NULL, NULL, NULL, NULL, 0),
(90, 125, 1, 'Scga', NULL, '6619442111', NULL, 'male', NULL, 0, 1, '15701 Boca Raton', '', 'Llano', 'CA', '93544', NULL, NULL, NULL, NULL, NULL, NULL, NULL, NULL, 0),
(91, 126, 1, 'Scga', NULL, '8054747979', NULL, 'male', NULL, 0, 1, '780 Cypress Ridge Pkwy', '', 'Arroyo Grande', 'CA', '93420', NULL, NULL, NULL, NULL, NULL, NULL, NULL, NULL, 0),
(92, 127, 1, 'Scga', NULL, '7603281315', NULL, 'male', NULL, 0, 1, '36-200 Date Palm Drive', '', 'Cathedral City', 'CA', '92234', NULL, NULL, NULL, NULL, NULL, NULL, NULL, NULL, 0),
(93, 128, 1, 'Scga', NULL, '9492949190', NULL, 'male', NULL, 0, 1, '321 Monte Vista Ave #A', '', 'Costa Mesa', 'CA', '92627', NULL, NULL, NULL, NULL, NULL, NULL, NULL, NULL, 0),
(94, 129, 1, 'Scga', NULL, '7607675577', NULL, 'male', NULL, 0, 1, 'P O Box 120', '', 'Borrego Springs', 'CA', '92004', NULL, NULL, NULL, NULL, NULL, NULL, NULL, NULL, 0),
(95, 130, 1, 'Scga', NULL, '8587595525', NULL, 'male', NULL, 0, 1, '6001 Clubhouse Drive', '', 'Rancho Santa Fe', 'CA', '92067', NULL, NULL, NULL, NULL, NULL, NULL, NULL, NULL, 0),
(96, 131, 1, 'Scga', NULL, '8587595525', NULL, 'male', NULL, 0, 1, 'P O Box 38', '', 'Brawley', 'CA', '92227', NULL, NULL, NULL, NULL, NULL, NULL, NULL, NULL, 0),
(97, 132, 1, 'Scga', NULL, '6617784579', NULL, 'male', NULL, 0, 1, '104 S Lexington St', '', 'Delano', 'CA', '93216', NULL, NULL, NULL, NULL, NULL, NULL, NULL, NULL, 0),
(98, 133, 1, 'Scga', NULL, '6619434141', NULL, 'male', NULL, 0, 1, '3620 E Ave P', '', 'Palmdale', 'CA', '93550', NULL, NULL, NULL, NULL, NULL, NULL, NULL, NULL, 0),
(99, 134, 1, 'Scga', NULL, '7602515370', NULL, 'male', NULL, 0, 1, '19-300 Palm Drive', '', 'Desert Hot Sprgs', 'CA', '92240', NULL, NULL, NULL, NULL, NULL, NULL, NULL, NULL, 0),
(100, 135, 1, 'Scga', NULL, '7603404653', NULL, 'male', NULL, 0, 1, '1111 Desert Falls Pky', '', 'Palm Desert', 'CA', '92260', NULL, NULL, NULL, NULL, NULL, NULL, NULL, NULL, 0),
(101, 136, 1, 'Scga', NULL, '7603404651', NULL, 'male', NULL, 0, 1, '44-900 Dsrt Horizon Dr', '', 'Indian Wells', 'CA', '92210', NULL, NULL, NULL, NULL, NULL, NULL, NULL, NULL, 0),
(102, 137, 1, 'Scga', NULL, '7603280841', NULL, 'male', NULL, 0, 1, '71-777 Frank Sinatra Dr', '', 'Rancho Mirage', 'CA', '92270', NULL, NULL, NULL, NULL, NULL, NULL, NULL, NULL, 0),
(103, 138, 1, 'Scga', NULL, '7603222280', NULL, 'male', NULL, 0, 1, '28-555 Landau Blvd', '', 'Cathedral City', 'CA', '92234', NULL, NULL, NULL, NULL, NULL, NULL, NULL, NULL, 0),
(104, 139, 1, 'Scga', NULL, '7613460015', NULL, 'male', NULL, 0, 1, '38500 Portola Ave', '', 'Palm Desert', 'CA', '92255', NULL, NULL, NULL, NULL, NULL, NULL, NULL, NULL, 0),
(105, 140, 1, 'Scga', NULL, '7604014813', NULL, 'male', NULL, 0, 1, '56643 Bonanza Dr', '', 'Yucca Valley', 'CA', '92284', NULL, NULL, NULL, NULL, NULL, NULL, NULL, NULL, 0),
(106, 141, 1, 'Scga', NULL, '9517670828', NULL, 'male', NULL, 0, 1, '31220 Sage Road', '', 'Hemet', 'CA', '92543', NULL, NULL, NULL, NULL, NULL, NULL, NULL, NULL, 0),
(107, 142, 1, 'Scga', NULL, '9512778787', NULL, 'male', NULL, 0, 1, '4507 Cabot Dr', '', 'Corona', 'CA', '92883', NULL, NULL, NULL, NULL, NULL, NULL, NULL, NULL, 0),
(108, 143, 1, 'Scga', NULL, '9498582888', NULL, 'male', NULL, 0, 1, '22682 Golf Club Drive', '', 'Dove Canyon', 'CA', '92679', NULL, NULL, NULL, NULL, NULL, NULL, NULL, NULL, 0),
(109, 144, 1, 'Scga', NULL, '7607679762', NULL, 'male', NULL, 0, 1, '2492 Old Ranch Road', '', 'Escondido', 'CA', '92027', NULL, NULL, NULL, NULL, NULL, NULL, NULL, NULL, 0),
(110, 145, 1, 'Scga', NULL, '7602385633', NULL, 'male', NULL, 0, 1, '84245 Indio Springs Pky', '', 'Indio', 'CA', '92203', NULL, NULL, NULL, NULL, NULL, NULL, NULL, NULL, 0),
(111, 146, 1, 'Scga', NULL, '9512724653', NULL, 'male', NULL, 0, 1, '1800 Eagle Glen Parkway', '', 'Corona', 'CA', '92883', NULL, NULL, NULL, NULL, NULL, NULL, NULL, NULL, 0),
(112, 147, 1, 'Scga', NULL, '9518450014', NULL, 'male', NULL, 0, 1, '36211 Champions Drive', '', 'Beaumont', 'CA', '92223', NULL, NULL, NULL, NULL, NULL, NULL, NULL, NULL, 0),
(113, 148, 1, 'Scga', NULL, '6194825757', NULL, 'male', NULL, 0, 1, '2375 Clubhouse Drive', '', 'Chula Vista', 'CA', '91915', NULL, NULL, NULL, NULL, NULL, NULL, NULL, NULL, 0),
(114, 149, 1, 'Scga', NULL, '8186543092', NULL, 'male', NULL, 0, 1, '18300 Tarzana Dr', '', 'Tarzana', 'CA', '91356', NULL, NULL, NULL, NULL, NULL, NULL, NULL, NULL, 0),
(115, 150, 1, 'Scga', NULL, '7607570321', NULL, 'male', NULL, 0, 1, '3202 Vista Way', '', 'Oceanside', 'CA', '92056', NULL, NULL, NULL, NULL, NULL, NULL, NULL, NULL, 0),
(116, 41, 1, 'Scga', NULL, '9494962023', NULL, 'male', NULL, 0, 1, '23700 Clubhouse Dr', '', 'Laguna Niguel', 'CA', '92677', NULL, NULL, NULL, NULL, NULL, NULL, NULL, NULL, 0),
(117, 151, 1, 'Scga', NULL, '9095971753', NULL, 'male', NULL, 0, 1, '6555 Pine Avenue', '', 'Chino', 'CA', '91710', NULL, NULL, NULL, NULL, NULL, NULL, NULL, NULL, 0),
(118, 152, 1, 'Scga', NULL, '7603468081', NULL, 'male', NULL, 0, 1, '46000 Fairway Drive', '', 'Indian Wells', 'CA', '92210', NULL, NULL, NULL, NULL, NULL, NULL, NULL, NULL, 0),
(119, 153, 1, 'Scga', NULL, '', NULL, 'male', NULL, 0, 1, '2295 Las Americas #20', '', 'San Diego', 'CA', '92154', NULL, NULL, NULL, NULL, NULL, NULL, NULL, NULL, 0),
(120, 154, 1, 'Scga', NULL, '8055241121', NULL, 'male', NULL, 0, 1, 'Po Box 2610', '', 'Moorpark', 'CA', '93030', NULL, NULL, NULL, NULL, NULL, NULL, NULL, NULL, 0),
(121, 155, 1, 'Scga', NULL, '7609441936', NULL, 'male', NULL, 0, 1, '1275 Quail Gardens Dr', '', 'Encintas', 'CA', '92024', NULL, NULL, NULL, NULL, NULL, NULL, NULL, NULL, 0),
(122, 156, 1, 'Scga', NULL, '8582598819', NULL, 'male', NULL, 0, 1, 'P.O. Box 9264', '', 'Rancho Santa Fe', 'CA', '92067', NULL, NULL, NULL, NULL, NULL, NULL, NULL, NULL, 0),
(123, 157, 1, 'Scga', NULL, '9516822202', NULL, 'male', NULL, 0, 1, '2681 Dexter Drive', '', 'Riverside', 'CA', '92501', NULL, NULL, NULL, NULL, NULL, NULL, NULL, NULL, 0),
(124, 158, 1, 'Disband', NULL, '7148715141', NULL, 'male', NULL, 0, 1, '2757 Gird Road', '', 'Fallbrook', 'CA', '92028', NULL, NULL, NULL, NULL, NULL, NULL, NULL, NULL, 0),
(125, 159, 1, 'Scga', NULL, '7606036900', NULL, 'male', NULL, 0, 1, '7447 Batiquitos Drive', '', 'Carlsbad', 'CA', '92009', NULL, NULL, NULL, NULL, NULL, NULL, NULL, NULL, 0),
(126, 160, 1, 'Scga', NULL, '8005551212', NULL, 'male', NULL, 0, 1, NULL, NULL, NULL, NULL, NULL, NULL, NULL, NULL, NULL, NULL, NULL, NULL, NULL, 0),
(127, 160, 90, 'Tournament', NULL, '8005551212', NULL, 'male', NULL, 0, 1, '3740 Cahuenga Bl', '', 'North Hollywood', 'WI', '53027', NULL, NULL, NULL, NULL, NULL, NULL, NULL, NULL, 0),
(128, 161, 1, 'Scga', NULL, '5626933623', NULL, 'male', NULL, 0, 1, '8500 S Villaverde Dr', '', 'Whittier', 'CA', '90605', NULL, NULL, NULL, NULL, NULL, NULL, NULL, NULL, 0),
(129, 162, 1, 'Scga', NULL, '7149816204', NULL, 'male', NULL, 0, 1, '2700 N Harbor Blvd', '', 'Fullerton', 'CA', '92835', NULL, NULL, NULL, NULL, NULL, NULL, NULL, NULL, 0),
(130, 163, 1, 'Scga', NULL, '9516976690', NULL, 'male', NULL, 0, 1, '16700 Village West Dr', '', 'Riverside', 'CA', '92518', NULL, NULL, NULL, NULL, NULL, NULL, NULL, NULL, 0),
(131, 164, 1, 'Scga', NULL, '8059686400', NULL, 'male', NULL, 0, 1, '405 Glen Annie Road', '', 'Goleta', 'CA', '93117', NULL, NULL, NULL, NULL, NULL, NULL, NULL, NULL, 0),
(132, 165, 1, 'Scga', NULL, '6263353713', NULL, 'male', NULL, 0, 1, '2400 Country Club Drive', '', 'Glendora', 'CA', '91741', NULL, NULL, NULL, NULL, NULL, NULL, NULL, NULL, 0),
(133, 166, 1, 'Scga', NULL, '7607752000', NULL, 'male', NULL, 0, 1, '84-000 Landmark Parkway', '', 'Indio', 'CA', '92203', NULL, NULL, NULL, NULL, NULL, NULL, NULL, NULL, 0),
(134, 167, 1, 'Scga', NULL, '7604513737', NULL, 'male', NULL, 0, 1, '3742 Flowerwood Lane', '', 'Fallbrook', 'CA', '92028', NULL, NULL, NULL, NULL, NULL, NULL, NULL, NULL, 0),
(135, 168, 1, 'Scga', NULL, '9517353982', NULL, 'male', NULL, 0, 1, '11418 68Th Street', '', 'Mira Loma', 'CA', '91752', NULL, NULL, NULL, NULL, NULL, NULL, NULL, NULL, 0),
(136, 169, 1, 'Scga', NULL, '7602454860', NULL, 'male', NULL, 0, 1, '14144 Green Tree Blvd', '', 'Victorville', 'CA', '92395', NULL, NULL, NULL, NULL, NULL, NULL, NULL, NULL, 0),
(137, 170, 1, 'Scga', NULL, '8189155883', NULL, 'male', NULL, 0, 1, '1889 Alpha Rd. #19', '', 'Glendale', 'CA', '91208', NULL, NULL, NULL, NULL, NULL, NULL, NULL, NULL, 0),
(138, 171, 1, 'Scga', NULL, '5626973610', NULL, 'male', NULL, 0, 1, '718 East Rd', '', 'La Habra', 'CA', '90631', NULL, NULL, NULL, NULL, NULL, NULL, NULL, NULL, 0),
(139, 172, 1, 'Scga', NULL, '7607727334', NULL, 'male', NULL, 0, 1, '44291S Heritage Plms Dr', '', 'Indio', 'CA', '92201', NULL, NULL, NULL, NULL, NULL, NULL, NULL, NULL, 0),
(140, 173, 1, 'Scga', NULL, '9517371010', NULL, 'male', NULL, 0, 1, '10 Clubhouse Dr', '', 'Norco', 'CA', '92860', NULL, NULL, NULL, NULL, NULL, NULL, NULL, NULL, 0),
(141, 174, 1, 'Scga', NULL, '9518453060', NULL, 'male', NULL, 0, 1, '10370 1/2 Chisholm Trai', '', 'Cherry Valley', 'CA', '92223', NULL, NULL, NULL, NULL, NULL, NULL, NULL, NULL, 0),
(142, 175, 1, 'Scga', NULL, '9518458044', NULL, 'male', NULL, 0, 1, '3740 Cahuenga Blvd.', '', 'Studio City', 'CA', '91604', NULL, NULL, NULL, NULL, NULL, NULL, NULL, NULL, 0),
(143, 176, 1, 'Scga', NULL, '3103006130', NULL, 'male', NULL, 0, 1, '10000 W Pico Blvd', '', 'Los Angeles', 'CA', '90064', NULL, NULL, NULL, NULL, NULL, NULL, NULL, NULL, 0),
(144, 177, 1, 'Scga', NULL, '6618220748', NULL, 'male', NULL, 0, 1, '28950 Horse Thief Dr', '', 'Tehachapi', 'CA', '93561', NULL, NULL, NULL, NULL, NULL, NULL, NULL, NULL, 0),
(145, 178, 1, 'Scga', NULL, '7608338725', NULL, 'male', NULL, 0, 1, '1100 Murray Canyon Dr', '', 'Palm Springs', 'CA', '92264', NULL, NULL, NULL, NULL, NULL, NULL, NULL, NULL, 0),
(146, 179, 1, 'Scga', NULL, '9513602090', NULL, 'male', NULL, 0, 1, '5700 Club House Dr', '', 'Riverside', 'CA', '92509', NULL, NULL, NULL, NULL, NULL, NULL, NULL, NULL, 0),
(147, 180, 1, 'Scga', NULL, '7607754135', NULL, 'male', NULL, 0, 1, '82719 Redford Way', '', 'Indio', 'CA', '92201', NULL, NULL, NULL, NULL, NULL, NULL, NULL, NULL, 0),
(148, 181, 1, 'Scga', NULL, '7607727222', NULL, 'male', NULL, 0, 1, '76-375 Country Club Dr', '', 'Palm Desert', 'CA', '92211', NULL, NULL, NULL, NULL, NULL, NULL, NULL, NULL, 0),
(149, 182, 1, 'Scga', NULL, '7602008988', NULL, 'male', NULL, 0, 1, '79-940 Westward Ho', '', 'Indio', 'CA', '92201', NULL, NULL, NULL, NULL, NULL, NULL, NULL, NULL, 0),
(150, 183, 1, 'Scga', NULL, '7608080556', NULL, 'male', NULL, 0, 1, '46-000 Club Drive', '', 'Indian Wells', 'CA', '92210', NULL, NULL, NULL, NULL, NULL, NULL, NULL, NULL, 0),
(151, 184, 1, 'Scga', NULL, '7603464653', NULL, 'male', NULL, 0, 1, '44-500 Indian Wells Ln', '', 'Indian Wells', 'CA', '92210', NULL, NULL, NULL, NULL, NULL, NULL, NULL, NULL, 0),
(152, 185, 1, 'Scga', NULL, '6266076932', NULL, 'male', NULL, 0, 1, 'One Industry Hills Pkwy', '', 'City of Industry', 'CA', '91744', NULL, NULL, NULL, NULL, NULL, NULL, NULL, NULL, 0),
(153, 186, 1, 'Scga', NULL, '7603467811', NULL, 'male', NULL, 0, 1, '73-735 Irontree Drive', '', 'Palm Desert', 'CA', '92260', NULL, NULL, NULL, NULL, NULL, NULL, NULL, NULL, 0),
(154, 187, 1, 'Scga', NULL, '7603432013', NULL, 'male', NULL, 0, 1, '74-580 Varner Rd', '', 'Thousand Palms', 'CA', '92276', NULL, NULL, NULL, NULL, NULL, NULL, NULL, NULL, 0),
(155, 188, 1, 'Scga', NULL, '9517704653', NULL, 'male', NULL, 0, 1, '45000 Pechanga Parkway', '', 'Temecula', 'CA', '92592', NULL, NULL, NULL, NULL, NULL, NULL, NULL, NULL, 0),
(156, 189, 1, 'Scga', NULL, '7603762828', NULL, 'male', NULL, 0, 1, '9472 Burlando Rd', '', 'Kernville', 'CA', '93238', NULL, NULL, NULL, NULL, NULL, NULL, NULL, NULL, 0),
(157, 190, 1, 'Scga', NULL, '8187600155', NULL, 'male', NULL, 0, 1, '5500 N Godbey Dr', '', 'La Canada', 'CA', '91011', NULL, NULL, NULL, NULL, NULL, NULL, NULL, NULL, 0),
(158, 191, 1, 'Scga', NULL, '7609317595', NULL, 'male', NULL, 0, 1, '2100 Costa Del Mar Rd', '', 'Carlsbad', 'CA', '92009', NULL, NULL, NULL, NULL, NULL, NULL, NULL, NULL, 0),
(159, 192, 1, 'Scga', NULL, '8056823131', NULL, 'male', NULL, 0, 1, '4015 Via Laguna', '', 'Santa Barbara', 'CA', '93105', NULL, NULL, NULL, NULL, NULL, NULL, NULL, NULL, 0),
(160, 193, 1, 'Scga', NULL, '8585514653', NULL, 'male', NULL, 0, 1, '7301 High Ave', '', 'La Jolla', 'CA', '92037', NULL, NULL, NULL, NULL, NULL, NULL, NULL, NULL, 0),
(161, 194, 1, 'Scga', NULL, '8057358395', NULL, 'male', NULL, 0, 1, '3455 State Hwy 246', '', 'Lompoc', 'CA', '93436', NULL, NULL, NULL, NULL, NULL, NULL, NULL, NULL, 0),
(162, 195, 1, 'Scga', NULL, '7605644151', NULL, 'male', NULL, 0, 1, '77-750 Avenue 50', '', 'La Quinta', 'CA', '92253', NULL, NULL, NULL, NULL, NULL, NULL, NULL, NULL, 0),
(163, 196, 1, 'Scga', NULL, '9495974276', NULL, 'male', NULL, 0, 1, '24112 Moulton Pkwy', '', 'Laguna Hills', 'CA', '92654', NULL, NULL, NULL, NULL, NULL, NULL, NULL, NULL, 0),
(164, 197, 1, 'Scga', NULL, '9093373515', NULL, 'male', NULL, 0, 1, 'Box 670', '', 'Lake Arrowhead', 'CA', '92352', NULL, NULL, NULL, NULL, NULL, NULL, NULL, NULL, 0),
(165, 198, 1, 'Scga', NULL, '8188891158', NULL, 'male', NULL, 0, 1, '5719 Lake Lindero Dr', '', 'Agoura', 'CA', '91301', NULL, NULL, NULL, NULL, NULL, NULL, NULL, NULL, 0),
(166, 199, 1, 'Scga', NULL, '7606858015', NULL, 'male', NULL, 0, 1, '1108 La Sobra', '', 'San Marcos', 'CA', '92078', NULL, NULL, NULL, NULL, NULL, NULL, NULL, NULL, 0),
(167, 200, 1, 'Scga', NULL, '8189853335', NULL, 'male', NULL, 0, 1, 'P O Box 2386-Toluca Sta', '', 'No Hollywood', 'CA', '91602', NULL, NULL, NULL, NULL, NULL, NULL, NULL, NULL, 0),
(168, 201, 1, 'Scga', NULL, '8004042599', NULL, 'male', NULL, 0, 1, 'Km 177 Carretara Federal #5', 'San Felipe, Bcs', 'Calexico', 'CA', '92232', NULL, NULL, NULL, NULL, NULL, NULL, NULL, NULL, 0),
(169, 202, 1, 'Scga', NULL, '8054824518', NULL, 'male', NULL, 0, 1, '955 Fairway Dr', '', 'Camarillo', 'CA', '93010', NULL, NULL, NULL, NULL, NULL, NULL, NULL, NULL, 0),
(170, 203, 1, 'Scga', NULL, '6615875465', NULL, 'male', NULL, 0, 1, '5201 Riverlakes Drive', '', 'Bakersfield', 'CA', '93308', NULL, NULL, NULL, NULL, NULL, NULL, NULL, NULL, 0),
(171, 204, 1, 'Scga', NULL, '8587551547', NULL, 'male', NULL, 0, 1, '1505 Lomas Santa Fe Dr.', '', 'Solana Beach', 'CA', '92075', NULL, NULL, NULL, NULL, NULL, NULL, NULL, NULL, 0),
(172, 205, 1, 'Scga', NULL, '', NULL, 'male', NULL, 0, 1, '10101 Wilshire Blvd', '', 'Los Angeles', 'CA', '90024', NULL, NULL, NULL, NULL, NULL, NULL, NULL, NULL, 0),
(173, 206, 1, 'Scga', NULL, '9095957441', NULL, 'male', NULL, 0, 1, '1125 Windemere Dr', '', 'Placentia', 'CA', '92870', NULL, NULL, NULL, NULL, NULL, NULL, NULL, NULL, 0),
(174, 207, 1, 'Scga', NULL, '7149947777', NULL, 'male', NULL, 0, 1, '8888 Los Coyotes Dr', '', 'Buena Park', 'CA', '90621', NULL, NULL, NULL, NULL, NULL, NULL, NULL, NULL, 0),
(175, 208, 1, 'Scga', NULL, '8054956421', NULL, 'male', NULL, 0, 1, '299 S Moorpark Rd', '', 'Thousand Oaks', 'CA', '91361', NULL, NULL, NULL, NULL, NULL, NULL, NULL, NULL, 0),
(176, 209, 1, 'Scga', NULL, '3103755960', NULL, 'male', NULL, 0, 1, '7000 Los Verdes Drive', '', 'Rancho Palos Verde', 'CA', '90274', NULL, NULL, NULL, NULL, NULL, NULL, NULL, NULL, 0),
(177, 210, 1, 'Scga', NULL, '8584518100', NULL, 'male', NULL, 0, 1, '17750 Old Coach Road', '', 'Poway', 'CA', '92064', NULL, NULL, NULL, NULL, NULL, NULL, NULL, NULL, 0),
(178, 211, 1, 'Scga', NULL, '3106863929', NULL, 'male', NULL, 0, 1, '16676 Charmel Lane', '', 'Pacific Palisades', 'CA', '90272', NULL, NULL, NULL, NULL, NULL, NULL, NULL, NULL, 0),
(179, 212, 1, 'Scga', NULL, '9492488590', NULL, 'male', NULL, 0, 1, '30800 Golf Club Dr', '', 'San Juan Cpstrao', 'CA', '92675', NULL, NULL, NULL, NULL, NULL, NULL, NULL, NULL, 0),
(180, 213, 1, 'Scga', NULL, '7605682688', NULL, 'male', NULL, 0, 1, '47-000 Marrakesh Dr', '', 'Palm Desert', 'CA', '92260', NULL, NULL, NULL, NULL, NULL, NULL, NULL, NULL, 0),
(181, 214, 1, 'Scga', NULL, '7603411882', NULL, 'male', NULL, 0, 1, '74-855 Country Club Dr', '', 'Palm Desert', 'CA', '92260', NULL, NULL, NULL, NULL, NULL, NULL, NULL, NULL, 0),
(182, 215, 1, 'Scga', NULL, '7606742700', NULL, 'male', NULL, 0, 1, '9002 Shadow Ridge Road', '', 'Palm Desert', 'CA', '92211', NULL, NULL, NULL, NULL, NULL, NULL, NULL, NULL, 0),
(183, 216, 1, 'Scga', NULL, '8055886880', NULL, 'male', NULL, 0, 1, '3910 Mesa Circle Dr #212', '', 'Lompoc', 'CA', '93436', NULL, NULL, NULL, NULL, NULL, NULL, NULL, NULL, 0),
(184, 217, 1, 'Disband Dec2016', NULL, '7607491620', NULL, 'male', NULL, 0, 1, '10333 Meadow Glen Way E', '', 'Escondido', 'CA', '92026', NULL, NULL, NULL, NULL, NULL, NULL, NULL, NULL, 0),
(185, 218, 1, 'Scga', NULL, '7144120799', NULL, 'male', NULL, 0, 1, '16782 Graham St', '', 'Huntington Beach', 'CA', '92647', NULL, NULL, NULL, NULL, NULL, NULL, NULL, NULL, 0),
(186, 219, 1, 'Scga', NULL, '9512399473', NULL, 'male', NULL, 0, 1, '29875 Menifee Lakes Dr', '', 'Menifee', 'CA', '92584', NULL, NULL, NULL, NULL, NULL, NULL, NULL, NULL, 0),
(187, 220, 1, 'Scga', NULL, '7145490522', NULL, 'male', NULL, 0, 1, '3000 Clubhouse Rd', '', 'Costa Mesa', 'CA', '92626', NULL, NULL, NULL, NULL, NULL, NULL, NULL, NULL, 0),
(188, 221, 1, 'Scga', NULL, '7606998794', NULL, 'male', NULL, 0, 1, '177 Zacharia Drive', '', 'Cathedral City', 'CA', '92234', NULL, NULL, NULL, NULL, NULL, NULL, NULL, NULL, 0),
(189, 222, 1, 'Scga', NULL, '5265636172', NULL, 'male', NULL, 0, 1, 'Po Box 4177', '', 'Calexico', 'CA', '92232', NULL, NULL, NULL, NULL, NULL, NULL, NULL, NULL, 0),
(190, 223, 1, 'Scga', NULL, '7145457106', NULL, 'male', NULL, 0, 1, '10401 Warner Ave', '', 'Fountain Valley', 'CA', '92708', NULL, NULL, NULL, NULL, NULL, NULL, NULL, NULL, 0),
(191, 224, 1, 'Scga', NULL, '6197872981', NULL, 'male', NULL, 0, 1, 'Po Box 45312', '', 'San Diego', 'CA', '92145', NULL, NULL, NULL, NULL, NULL, NULL, NULL, NULL, 0),
(192, 225, 1, 'Scga', NULL, '7603249400', NULL, 'male', NULL, 0, 1, '34-600 Mission Hills Dr', '', 'Rancho Mirage', 'CA', '92270', NULL, NULL, NULL, NULL, NULL, NULL, NULL, NULL, 0),
(193, 226, 1, 'Scga', NULL, '', NULL, 'male', NULL, 0, 1, '70-705 Ramon Rd', '', 'Rancho Mirage', 'CA', '92270', NULL, NULL, NULL, NULL, NULL, NULL, NULL, NULL, 0),
(194, 227, 1, 'Scga', NULL, '', NULL, 'male', NULL, 0, 1, '71-501 Dinah Shore Dr', '', 'Rancho Mirage', 'CA', '92270', NULL, NULL, NULL, NULL, NULL, NULL, NULL, NULL, 0),
(195, 228, 1, 'Scga', NULL, '7603298061', NULL, 'male', NULL, 0, 1, '8484 Clubhouse Blvd', '', 'Desert Hot Spgs', 'CA', '92240', NULL, NULL, NULL, NULL, NULL, NULL, NULL, NULL, 0),
(196, 229, 1, 'Scga', NULL, '6194605400', NULL, 'male', NULL, 0, 1, '7380 Golfcrest Place', '', 'San Diego', 'CA', '92119', NULL, NULL, NULL, NULL, NULL, NULL, NULL, NULL, 0),
(197, 230, 1, 'Scga', NULL, '9495821020', NULL, 'male', NULL, 0, 1, '26200 Country Club Dr', '', 'Mission Viejo', 'CA', '92691', NULL, NULL, NULL, NULL, NULL, NULL, NULL, NULL, 0),
(198, 231, 1, 'Scga', NULL, '7148461364', NULL, 'male', NULL, 0, 1, '16782 Graham St', '', 'Huntington Beach', 'CA', '92649', NULL, NULL, NULL, NULL, NULL, NULL, NULL, NULL, 0),
(199, 232, 1, 'Scga', NULL, '9492408247', NULL, 'male', NULL, 0, 1, '50 Monarch Beach Resort Dr N', '', 'Dana Point', 'CA', '92629', NULL, NULL, NULL, NULL, NULL, NULL, NULL, NULL, 0),
(200, 233, 1, 'Scga', NULL, '8053439459', NULL, 'male', NULL, 0, 1, '1606 Trilogy Parkway', '', 'Nipomo', 'CA', '93444', NULL, NULL, NULL, NULL, NULL, NULL, NULL, NULL, 0),
(201, 234, 1, 'Scga', NULL, '3237250892', NULL, 'male', NULL, 0, 1, '901 Via San Clemente', '', 'Montebello', 'CA', '90640', NULL, NULL, NULL, NULL, NULL, NULL, NULL, NULL, 0),
(202, 235, 1, 'Scga', NULL, '8059690800', NULL, 'male', NULL, 0, 1, 'Po Box 1170', '', 'Santa Barbara', 'CA', '93102', NULL, NULL, NULL, NULL, NULL, NULL, NULL, NULL, 0),
(203, 236, 1, 'Scga', NULL, '7604497982', NULL, 'male', NULL, 0, 1, '41-500 Monterey Ave', '', 'Palm Desert', 'CA', '92260', NULL, NULL, NULL, NULL, NULL, NULL, NULL, NULL, 0),
(204, 237, 1, 'Scga', NULL, '7607673500', NULL, 'male', NULL, 0, 1, '1881 Rams Hill Road', '', 'Borrego Springs', 'CA', '92004', NULL, NULL, NULL, NULL, NULL, NULL, NULL, NULL, 0),
(205, 238, 1, 'Scga', NULL, '8055322834', NULL, 'male', NULL, 0, 1, '11800 Championship Dr', '', 'Moorpark', 'CA', '93021', NULL, NULL, NULL, NULL, NULL, NULL, NULL, NULL, 0),
(206, 239, 1, 'Disband Dec2016', NULL, '9519244444', NULL, 'male', NULL, 0, 1, '28095 John F Kennedy Dr.', '', 'Moreno Valley', 'CA', '92555', NULL, NULL, NULL, NULL, NULL, NULL, NULL, NULL, 0),
(207, 240, 1, 'Scga', NULL, '8587563255', NULL, 'male', NULL, 0, 1, '5690 Cancha De Golf', '', 'Rancho Santa Fe', 'CA', '92091', NULL, NULL, NULL, NULL, NULL, NULL, NULL, NULL, 0),
(208, 241, 1, 'Mvmgc', NULL, '7602002200', NULL, 'male', NULL, 0, 1, '38180 Del Webb Bl', '', 'Palm Desert', 'CA', '92211', NULL, NULL, NULL, NULL, NULL, NULL, NULL, NULL, 0),
(209, 242, 1, 'Scga', NULL, '3104762800', NULL, 'male', NULL, 0, 1, '12445 Mountaingate Dr', '', 'Los Angeles', 'CA', '90049', NULL, NULL, NULL, NULL, NULL, NULL, NULL, NULL, 0),
(210, 243, 1, 'Scga', NULL, '9096233704', NULL, 'male', NULL, 0, 1, '1875 Fairplex Drive', '', 'Pomona', 'CA', '91768', NULL, NULL, NULL, NULL, NULL, NULL, NULL, NULL, 0),
(211, 244, 1, 'Scga', NULL, '8187181258', NULL, 'male', NULL, 0, 1, '16799 S Mountain Rd', '', 'Santa Paula', 'CA', '93060', NULL, NULL, NULL, NULL, NULL, NULL, NULL, NULL, 0),
(212, 245, 1, 'Scga', NULL, '7607883555', NULL, 'male', NULL, 0, 1, '16422 N Woodson Avenue', '', 'Ramona', 'CA', '92065', NULL, NULL, NULL, NULL, NULL, NULL, NULL, NULL, 0),
(213, 246, 1, 'Scga', NULL, '7607714311', NULL, 'male', NULL, 0, 1, '80-375 Pomelo Dr', '', 'La Quinta', 'CA', '92253', NULL, NULL, NULL, NULL, NULL, NULL, NULL, NULL, 0),
(214, 247, 1, 'Scga', NULL, '6612757888', NULL, 'male', NULL, 0, 1, '111 Crestfield Drive', '', 'Edwards AFB', 'CA', '93524', NULL, NULL, NULL, NULL, NULL, NULL, NULL, NULL, 0),
(215, 248, 1, 'Scga', NULL, '7148891576', NULL, 'male', NULL, 0, 1, 'C/O 5660 Orangewood Ave', '', 'Cypress', 'CA', '90630', NULL, NULL, NULL, NULL, NULL, NULL, NULL, NULL, 0),
(216, 249, 1, 'Scga', NULL, '9496449680', NULL, 'male', NULL, 0, 1, '1600 E Pacific Cst Hwy', '', 'Newport Beach', 'CA', '92660', NULL, NULL, NULL, NULL, NULL, NULL, NULL, NULL, 0),
(217, 250, 1, 'Scga', NULL, '7149609080', NULL, 'male', NULL, 0, 1, 'P.O. Box 2332', '', 'Newport Beach', 'CA', '92659', NULL, NULL, NULL, NULL, NULL, NULL, NULL, NULL, 0),
(218, 251, 1, 'Disband 12-2016', NULL, '9513799668', NULL, 'male', NULL, 0, 1, '26660 Mc Call Blvd', '', 'Sun City', 'CA', '92586', NULL, NULL, NULL, NULL, NULL, NULL, NULL, NULL, 0),
(219, 252, 1, 'Scga', NULL, '6613990347', NULL, 'male', NULL, 0, 1, '17412 Quality Rd', '', 'Bakersfield', 'CA', '93308', NULL, NULL, NULL, NULL, NULL, NULL, NULL, NULL, 0),
(220, 253, 1, 'Scga', NULL, '8054961995', NULL, 'male', NULL, 0, 1, '4761 Valley Spring Dr', '', 'Westlake Village', 'CA', '91362', NULL, NULL, NULL, NULL, NULL, NULL, NULL, NULL, 0),
(221, 254, 1, 'Scga', NULL, '7603252259', NULL, 'male', NULL, 0, 1, '301 N Belardo Rd', '', 'Palm Springs', 'CA', '92262', NULL, NULL, NULL, NULL, NULL, NULL, NULL, NULL, 0),
(222, 255, 1, 'Scga', NULL, '9496535300', NULL, 'male', NULL, 0, 1, 'One Golf Club Drive', '', 'Irvine', 'CA', '92618', NULL, NULL, NULL, NULL, NULL, NULL, NULL, NULL, 0),
(223, 256, 1, 'Scga', NULL, '9516851440', NULL, 'male', NULL, 0, 1, '7151 Sierra Avenue', '', 'Riverside', 'CA', '92509', NULL, NULL, NULL, NULL, NULL, NULL, NULL, NULL, 0),
(224, 257, 1, 'Scga', NULL, '6618215144', NULL, 'male', NULL, 0, 1, '29541 Rollingoak Road', '', 'Tehachapi', 'CA', '93561', NULL, NULL, NULL, NULL, NULL, NULL, NULL, NULL, 0),
(225, 258, 1, 'Scga', NULL, '9517697200', NULL, 'male', NULL, 0, 1, '1888 Golf Club Drive', '', 'Beaumont', 'CA', '92223', NULL, NULL, NULL, NULL, NULL, NULL, NULL, NULL, 0),
(226, 259, 1, 'Scga', NULL, '8185424292', NULL, 'male', NULL, 0, 1, '3100 Country Club Dr', '', 'Glendale', 'CA', '91208', NULL, NULL, NULL, NULL, NULL, NULL, NULL, NULL, 0),
(227, 260, 1, 'Scga', NULL, '8584873021', NULL, 'male', NULL, 0, 1, '12602 Oaks North Dr', '', 'San Diego', 'CA', '92128', NULL, NULL, NULL, NULL, NULL, NULL, NULL, NULL, 0),
(228, 261, 1, 'Scga', NULL, '7604331360', NULL, 'male', NULL, 0, 1, '825 Douglas Drive', '', 'Oceanside', 'CA', '92054', NULL, NULL, NULL, NULL, NULL, NULL, NULL, NULL, 0),
(229, 262, 1, 'Scga', NULL, '8056465511', NULL, 'male', NULL, 0, 1, '905 Country Club Road', '', 'Ojai', 'CA', '93023', NULL, NULL, NULL, NULL, NULL, NULL, NULL, NULL, 0),
(230, 263, 1, 'Scga', NULL, '5625964611', NULL, 'male', NULL, 0, 1, '3901 Lampson', '', 'Seal Beach', 'CA', '90740', NULL, NULL, NULL, NULL, NULL, NULL, NULL, NULL, 0),
(231, 264, 1, 'Scga', NULL, '9494986604', NULL, 'male', NULL, 0, 1, '200 Avenida La Pata', '', 'San Clemente', 'CA', '92672', NULL, NULL, NULL, NULL, NULL, NULL, NULL, NULL, 0),
(232, 265, 1, 'Scga', NULL, '7607316803', NULL, 'male', NULL, 0, 1, '2001 Old Highway 395', '', 'Fallbrook', 'CA', '92028', NULL, NULL, NULL, NULL, NULL, NULL, NULL, NULL, 0),
(233, 266, 1, 'Scga', NULL, '7603450222', NULL, 'male', NULL, 0, 1, '77200 California Dr', '', 'Palm Desert', 'CA', '92211', NULL, NULL, NULL, NULL, NULL, NULL, NULL, NULL, 0),
(234, 267, 1, 'Scga', NULL, '7603469200', NULL, 'male', NULL, 0, 1, '73-750 Country Club Dr', '', 'Palm Desert', 'CA', '92260', NULL, NULL, NULL, NULL, NULL, NULL, NULL, NULL, 0),
(235, 268, 1, 'Scga', NULL, '7603452791', NULL, 'male', NULL, 0, 1, '41916 Preston Tr', '', 'Palm Desert', 'CA', '92211', NULL, NULL, NULL, NULL, NULL, NULL, NULL, NULL, 0),
(236, 269, 1, 'Scga', NULL, '7603452737', NULL, 'male', NULL, 0, 1, '39-205 Palm Valley Drive', '', 'Palm Desert', 'CA', '92211', NULL, NULL, NULL, NULL, NULL, NULL, NULL, NULL, 0),
(237, 270, 1, 'Scga', NULL, '8006372226', NULL, 'male', NULL, 0, 1, '1925 Century Park E 13Fl #1310', 'Kpg970829 A53', 'Los Angeles', 'CA', '90067', NULL, NULL, NULL, NULL, NULL, NULL, NULL, NULL, 0),
(238, 271, 1, 'Scga', NULL, '3103752759', NULL, 'male', NULL, 0, 1, '3301 Via Campesina', '', 'Palos Verdes Estat', 'CA', '90274', NULL, NULL, NULL, NULL, NULL, NULL, NULL, NULL, 0),
(239, 272, 1, 'Scga', NULL, '7607421230', NULL, 'male', NULL, 0, 1, 'Box 206', '', 'Pauma Valley', 'CA', '92061', NULL, NULL, NULL, NULL, NULL, NULL, NULL, NULL, 0),
(240, 273, 1, 'Scga', NULL, '9494676800', NULL, 'male', NULL, 0, 1, '22800 Pelican Hill Rd S', '', 'Newport Coast', 'CA', '92657', NULL, NULL, NULL, NULL, NULL, NULL, NULL, NULL, 0),
(241, 274, 1, 'Scga', NULL, '2096066699', NULL, 'male', NULL, 0, 1, 'Pmga 3529 Cannon Rd 2B 316', '', 'Oceanside', 'CA', '92056', NULL, NULL, NULL, NULL, NULL, NULL, NULL, NULL, 0),
(242, 275, 1, 'Scga', NULL, '7605647100', NULL, 'male', NULL, 0, 1, '55-955 PGA Blvd', '', 'La Quinta', 'CA', '92253', NULL, NULL, NULL, NULL, NULL, NULL, NULL, NULL, 0),
(243, 276, 1, 'Scga', NULL, '3109776884', NULL, 'male', NULL, 0, 1, '3260 Fairway Drive', '', 'Pico Rivera', 'CA', '90660', NULL, NULL, NULL, NULL, NULL, NULL, NULL, NULL, 0),
(244, 277, 1, 'Scga', NULL, '6612426973', NULL, 'male', NULL, 0, 1, '1525 Bernina Drive', '', 'Pine Mountain', 'CA', '932220004', NULL, NULL, NULL, NULL, NULL, NULL, NULL, NULL, 0),
(245, 278, 1, 'Scga', NULL, '8188846147', NULL, 'male', NULL, 0, 1, '19216 Singing Hills Dr', '', 'Northridge', 'CA', '91326', NULL, NULL, NULL, NULL, NULL, NULL, NULL, NULL, 0),
(246, 279, 1, 'Scga', NULL, '7026795509', NULL, 'male', NULL, 0, 1, '#1 Yates Wells Road', '', 'Nipton', 'CA', '92364', NULL, NULL, NULL, NULL, NULL, NULL, NULL, NULL, 0),
(247, 280, 1, 'Scga', NULL, '', NULL, 'male', NULL, 0, 1, 'Paseo De Los Pescadores', '', 'San Jose Cbo', 'CA', '92003', NULL, NULL, NULL, NULL, NULL, NULL, NULL, NULL, 0),
(248, 281, 1, 'Scga', NULL, '8056869455', NULL, 'male', NULL, 0, 1, '1054 Alisal Road', '', 'Solvang', 'CA', '93463', NULL, NULL, NULL, NULL, NULL, NULL, NULL, NULL, 0),
(249, 282, 1, 'Scga', NULL, '6265316389', NULL, 'male', NULL, 0, 1, '2615 Starcrest Dr', '', 'Duarte', 'CA', '91010', NULL, NULL, NULL, NULL, NULL, NULL, NULL, NULL, 0),
(250, 283, 1, 'Scga', NULL, '9517671788', NULL, 'male', NULL, 0, 1, '45525 Hwy79 So Box 214', '', 'Aguanga', 'CA', '92536', NULL, NULL, NULL, NULL, NULL, NULL, NULL, NULL, 0),
(251, 284, 1, 'Scga', NULL, '7607777799', NULL, 'male', NULL, 0, 1, '79-325 Cascadas Circle Steet', '', 'La Quinta', 'CA', '92253', NULL, NULL, NULL, NULL, NULL, NULL, NULL, NULL, 0),
(252, 285, 1, 'Scga', NULL, '7608624551', NULL, 'male', NULL, 0, 1, '42 000 Bob Hope Drive', '', 'Rancho Mirage', 'CA', '92270', NULL, NULL, NULL, NULL, NULL, NULL, NULL, NULL, 0),
(253, 286, 1, 'Scga', NULL, '8059372019', NULL, 'male', NULL, 0, 1, '1950 Casmalia Rd', '', 'Santa Maria', 'CA', '93455', NULL, NULL, NULL, NULL, NULL, NULL, NULL, NULL, 0),
(254, 287, 1, 'Cr Close 6/2015', NULL, '7603244711', NULL, 'male', NULL, 0, 1, '38500 Bob Hope Dr', '', 'Rancho Mirage', 'CA', '92270', NULL, NULL, NULL, NULL, NULL, NULL, NULL, NULL, 0),
(255, 288, 1, 'Scga', NULL, '3107147580', NULL, 'male', NULL, 0, 1, 'Box 64266', '', 'Los Angeles', 'CA', '90064', NULL, NULL, NULL, NULL, NULL, NULL, NULL, NULL, 0),
(256, 289, 1, 'Scga', NULL, '9496326579', NULL, 'male', NULL, 0, 1, 'One Ethel Coplen Way', '', 'Irvine', 'CA', '92612', NULL, NULL, NULL, NULL, NULL, NULL, NULL, NULL, 0),
(257, 290, 1, 'Scga', NULL, '8056836334', NULL, 'male', NULL, 0, 1, '4600 Highway 154', '', 'Santa Barbara', 'CA', '93105', NULL, NULL, NULL, NULL, NULL, NULL, NULL, NULL, 0),
(258, 291, 1, 'Scga', NULL, '8587565884', NULL, 'male', NULL, 0, 1, 'P O Box 2769', '', 'Rancho Santa Fe', 'CA', '92067', NULL, NULL, NULL, NULL, NULL, NULL, NULL, NULL, 0),
(259, 292, 1, 'Scga', NULL, '8587563094', NULL, 'male', NULL, 0, 1, 'Po Box A', '', 'Rancho Santa Fe', 'CA', '92067', NULL, NULL, NULL, NULL, NULL, NULL, NULL, NULL, 0),
(260, 293, 1, 'Scga', NULL, '6619461080', NULL, 'male', NULL, 0, 1, '47205 60Th St East', '', 'Lancaster', 'CA', '93535', NULL, NULL, NULL, NULL, NULL, NULL, NULL, NULL, 0),
(261, 294, 1, 'Scga', NULL, '6612729903', NULL, 'male', NULL, 0, 1, '3905 Club Rancho Dr', '', 'Palmdale', 'CA', '93551', NULL, NULL, NULL, NULL, NULL, NULL, NULL, NULL, 0),
(262, 295, 1, 'Scga', NULL, '8584518566', NULL, 'male', NULL, 0, 1, '17550 Bernardo Oaks Dr', '', 'San Diego', 'CA', '92128', NULL, NULL, NULL, NULL, NULL, NULL, NULL, NULL, 0),
(263, 296, 1, 'Scga', NULL, '7147432533', NULL, 'male', NULL, 0, 1, '1 Sandburg Way', '', 'Irvine', 'CA', '92612', NULL, NULL, NULL, NULL, NULL, NULL, NULL, NULL, 0),
(264, 297, 1, 'Scga', NULL, '7606662034', NULL, 'male', NULL, 0, 1, 'Km 19-5 Ensenada Toll R', '', 'Baja', 'CA', '91910', NULL, NULL, NULL, NULL, NULL, NULL, NULL, NULL, 0),
(265, 298, 1, 'Scga', NULL, '9099824559', NULL, 'male', NULL, 0, 1, '8358 Red Hill C C Drive', '', 'Rancho Cucamonga', 'CA', '91730', NULL, NULL, NULL, NULL, NULL, NULL, NULL, NULL, 0),
(266, 299, 1, 'Scga', NULL, '9513023850', NULL, 'male', NULL, 0, 1, '45100 Redhawk Parkway', '', 'Temecula', 'CA', '92592', NULL, NULL, NULL, NULL, NULL, NULL, NULL, NULL, 0),
(267, 300, 1, 'Scga', NULL, '9097931295', NULL, 'male', NULL, 0, 1, '1749 Garden St', '', 'Redlands', 'CA', '92373', NULL, NULL, NULL, NULL, NULL, NULL, NULL, NULL, 0),
(268, 301, 1, 'Scga', NULL, '6618714653', NULL, 'male', NULL, 0, 1, '15200 Casa Club Dr', '', 'Bakersfield', 'CA', '93306', NULL, NULL, NULL, NULL, NULL, NULL, NULL, NULL, 0),
(269, 302, 1, 'Scga', NULL, '5629272329', NULL, 'male', NULL, 0, 1, '10627 Old River School', '', 'Downey', 'CA', '90241', NULL, NULL, NULL, NULL, NULL, NULL, NULL, NULL, 0),
(270, 303, 1, 'Scga', NULL, '8056886042', NULL, 'male', NULL, 0, 1, 'Po Box 1589', '', 'Solvang', 'CA', '93464', NULL, NULL, NULL, NULL, NULL, NULL, NULL, NULL, 0),
(271, 304, 1, 'Scga', NULL, '8059534653', NULL, 'male', NULL, 0, 1, '507 Deodar Ave', '', 'Oxnard', 'CA', '93030', NULL, NULL, NULL, NULL, NULL, NULL, NULL, NULL, 0),
(272, 305, 1, 'Scga', NULL, '7146440096', NULL, 'male', NULL, 0, 1, '1800 W. Santa Clara Ave.', '', 'Santa Ana', 'CA', '92706', NULL, NULL, NULL, NULL, NULL, NULL, NULL, NULL, 0),
(273, 306, 1, 'Scga', NULL, '6192964653', NULL, 'male', NULL, 0, 1, 'Attn General Manager', '1150 Fashion Valley Rd', 'San Diego', 'CA', '92108', NULL, NULL, NULL, NULL, NULL, NULL, NULL, NULL, 0),
(274, 307, 1, 'Scga', NULL, '3104595395', NULL, 'male', NULL, 0, 1, '1250 Capri Dr-Golf Shop', '', 'Pacific Palisades', 'CA', '90272', NULL, NULL, NULL, NULL, NULL, NULL, NULL, NULL, 0),
(275, 308, 1, 'Scga', NULL, '7603675770', NULL, 'male', NULL, 0, 1, '17625 Fairlie Rd', '', 'San Diego', 'CA', '92128', NULL, NULL, NULL, NULL, NULL, NULL, NULL, NULL, 0),
(276, 309, 1, 'Scga', NULL, '6612527666', NULL, 'male', NULL, 0, 1, '27734 Sand Canyon Road', '', 'Santa Clarita', 'CA', '91351', NULL, NULL, NULL, NULL, NULL, NULL, NULL, NULL, 0),
(277, 310, 1, 'Scga', NULL, '3103267731', NULL, 'male', NULL, 0, 1, '27000 Palos Verdes Dr E', '', 'Rolling Hills Esat', 'CA', '90274', NULL, NULL, NULL, NULL, NULL, NULL, NULL, NULL, 0),
(278, 311, 1, 'Scga', NULL, '8055300221', NULL, 'male', NULL, 0, 1, '15100 Happy Camp Cyn Rd', '', 'Moorpark', 'CA', '93021', NULL, NULL, NULL, NULL, NULL, NULL, NULL, NULL, 0),
(279, 312, 1, 'Scga', NULL, '6194824666', NULL, 'male', NULL, 0, 1, '525 Hunte Parkway', '', 'Chula Vista', 'CA', '91914', NULL, NULL, NULL, NULL, NULL, NULL, NULL, NULL, 0),
(280, 313, 1, 'Scga', NULL, '9098251670', NULL, 'male', NULL, 0, 1, '1494 S Waterman Ave', '', 'San Bernardino', 'CA', '92408', NULL, NULL, NULL, NULL, NULL, NULL, NULL, NULL, 0),
(281, 314, 1, 'Scga', NULL, '9494008646', NULL, 'male', NULL, 0, 1, '150 E Avenida Magdalena', '', 'San Clemente', 'CA', '92672', NULL, NULL, NULL, NULL, NULL, NULL, NULL, NULL, 0),
(282, 315, 1, 'Scga', NULL, '6194220108', NULL, 'male', NULL, 0, 1, '88 L St', '', 'Chula Vista', 'CA', '91911', NULL, NULL, NULL, NULL, NULL, NULL, NULL, NULL, 0);
INSERT INTO `gn_club_service` (`club_service_id`, `club_id`, `hp_service_num`, `club_service_name`, `club_service_email`, `club_service_phone`, `club_service_description`, `gender_type_cd`, `club_service_contact`, `is_default`, `is_active`, `address1`, `address2`, `city`, `state`, `zip_code`, `longitude`, `latitude`, `last_amount_due`, `last_bill_date`, `next_bill_date`, `next_bill_number_seq`, `current_amount_due`, `last_payment_date`, `sub_type_count`) VALUES
(283, 316, 1, 'Scga', NULL, '9099455630', NULL, 'male', NULL, 0, 1, '2100 Terrebonne Ave', '', 'San Dimas', 'CA', '91773', NULL, NULL, NULL, NULL, NULL, NULL, NULL, NULL, 0),
(284, 317, 1, 'Scga', NULL, '6262876052', NULL, 'male', NULL, 0, 1, '411 East Las Tunas Dr', '', 'San Gabriel', 'CA', '91776', NULL, NULL, NULL, NULL, NULL, NULL, NULL, NULL, 0),
(285, 318, 1, 'Scga', NULL, '9493103417', NULL, 'male', NULL, 0, 1, '32120 San Juan Creek Rd', '', 'Sn Juan Cpstrno', 'CA', '92675', NULL, NULL, NULL, NULL, NULL, NULL, NULL, NULL, 0),
(286, 319, 1, 'Scga', NULL, '7604409817', NULL, 'male', NULL, 0, 1, '24157 San Vicente Rd', '', 'Ramona', 'CA', '92065', NULL, NULL, NULL, NULL, NULL, NULL, NULL, NULL, 0),
(287, 320, 1, 'Scga', NULL, '8059681541', NULL, 'male', NULL, 0, 1, '7925 Hollister Ave', '', 'Goleta', 'CA', '93117', NULL, NULL, NULL, NULL, NULL, NULL, NULL, NULL, 0),
(288, 321, 1, 'Scga', NULL, '7145457260', NULL, 'male', NULL, 0, 1, '20382 S W Newport Blvd', '', 'Santa Ana', 'CA', '92707', NULL, NULL, NULL, NULL, NULL, NULL, NULL, NULL, 0),
(289, 322, 1, 'Scga', NULL, '8056877087', NULL, 'male', NULL, 0, 1, '3500 Mc Caw Avenue', '', 'Santa Barbara', 'CA', '93105', NULL, NULL, NULL, NULL, NULL, NULL, NULL, NULL, 0),
(290, 323, 1, 'Scga', NULL, '8059372027', NULL, 'male', NULL, 0, 1, '505 W Waller Lane', '', 'Santa Maria', 'CA', '93454', NULL, NULL, NULL, NULL, NULL, NULL, NULL, NULL, 0),
(291, 324, 1, 'Scga', NULL, '8054855216', NULL, 'male', NULL, 0, 1, '4450 Clubhouse Drive', '', 'Somis', 'CA', '93066', NULL, NULL, NULL, NULL, NULL, NULL, NULL, NULL, 0),
(292, 325, 1, 'Scga', NULL, '6195459659', NULL, 'male', NULL, 0, 1, 'P O Box 180751', '', 'Coronado', 'CA', '92178', NULL, NULL, NULL, NULL, NULL, NULL, NULL, NULL, 0),
(293, 326, 1, 'Scga', NULL, '8055284653', NULL, 'male', NULL, 0, 1, '1930 Solano Avenue', '', 'Los Osos', 'CA', '93402', NULL, NULL, NULL, NULL, NULL, NULL, NULL, NULL, 0),
(294, 327, 1, 'Scga', NULL, '8059822620', NULL, 'male', NULL, 0, 1, 'Rec Serv Code 19 Bl 225', '', 'Port Hueneme', 'CA', '93043', NULL, NULL, NULL, NULL, NULL, NULL, NULL, NULL, 0),
(295, 328, 1, 'Scga', NULL, '7145367575', NULL, 'male', NULL, 0, 1, '6501 Palm Ave', '', 'Huntington Beach', 'CA', '92648', NULL, NULL, NULL, NULL, NULL, NULL, NULL, NULL, 0),
(296, 329, 1, 'Scga', NULL, '9094895463', NULL, 'male', NULL, 0, 1, '8760 Duval Ln', '', 'Hemet', 'CA', '92545', NULL, NULL, NULL, NULL, NULL, NULL, NULL, NULL, 0),
(297, 330, 1, 'Scga', NULL, '6616646474', NULL, 'male', NULL, 0, 1, '2000 Grand Lakes Ave', '', 'Bakersfield', 'CA', '93311', NULL, NULL, NULL, NULL, NULL, NULL, NULL, NULL, 0),
(298, 331, 1, 'Scga', NULL, '7605657586', NULL, 'male', NULL, 0, 1, '80-875 Ave 40', '', 'Indio', 'CA', '92203', NULL, NULL, NULL, NULL, NULL, NULL, NULL, NULL, 0),
(299, 332, 1, 'Scga', NULL, '7603468242', NULL, 'male', NULL, 0, 1, '73-800 Ironwood St', '', 'Palm Desert', 'CA', '92260', NULL, NULL, NULL, NULL, NULL, NULL, NULL, NULL, 0),
(300, 333, 1, 'Scga', NULL, '7607277706', NULL, 'male', NULL, 0, 1, '1980 Gateway Drive', '', 'Vista', 'CA', '92081', NULL, NULL, NULL, NULL, NULL, NULL, NULL, NULL, 0),
(301, 334, 1, 'Scga', NULL, '9498567000', NULL, 'male', NULL, 0, 1, '100 Shady Canyon Drive', '', 'Irvine', 'CA', '92603', NULL, NULL, NULL, NULL, NULL, NULL, NULL, NULL, 0),
(302, 335, 1, 'Scga', NULL, '7603433309', NULL, 'male', NULL, 0, 1, '33-640 Les Road', '', 'Thousand Palms', 'CA', '92276', NULL, NULL, NULL, NULL, NULL, NULL, NULL, NULL, 0),
(303, 336, 1, 'Scga', NULL, '8054963036', NULL, 'male', NULL, 0, 1, '320 W Stafford Rd', '', 'Thousand Oaks', 'CA', '91361', NULL, NULL, NULL, NULL, NULL, NULL, NULL, NULL, 0),
(304, 337, 1, 'Scga', NULL, '9494921177', NULL, 'male', NULL, 0, 1, '2032 Via Vina', '', 'San Clemente', 'CA', '92673', NULL, NULL, NULL, NULL, NULL, NULL, NULL, NULL, 0),
(305, 338, 1, 'Scga', NULL, '9095962100', NULL, 'male', NULL, 0, 1, '6300 Country Club Dr', '', 'La Verne', 'CA', '91750', NULL, NULL, NULL, NULL, NULL, NULL, NULL, NULL, 0),
(306, 339, 1, 'Scga', NULL, '9093502500', NULL, 'male', NULL, 0, 1, '16600 Clubhouse Drive', '', 'Fontana', 'CA', '92336', NULL, NULL, NULL, NULL, NULL, NULL, NULL, NULL, 0),
(307, 340, 1, 'Scga', NULL, '7609626968', NULL, 'male', NULL, 0, 1, 'P.O. Box 2823', '', 'Helendale', 'CA', '92342', NULL, NULL, NULL, NULL, NULL, NULL, NULL, NULL, 0),
(308, 341, 1, 'Scga', NULL, '7607778884', NULL, 'male', NULL, 0, 1, '79-179 Ahmanson Ln.', '', 'La Quinta', 'CA', '92253', NULL, NULL, NULL, NULL, NULL, NULL, NULL, NULL, 0),
(309, 342, 1, 'Scga', NULL, '8055220803', NULL, 'male', NULL, 0, 1, '5031 Alamo Street', '', 'Simi Valley', 'CA', '93063', NULL, NULL, NULL, NULL, NULL, NULL, NULL, NULL, 0),
(310, 343, 1, 'Scga', NULL, '7607490220', NULL, 'male', NULL, 0, 1, '18218 Paradise Mtn Rd', '', 'Valley Center', 'CA', '92082', NULL, NULL, NULL, NULL, NULL, NULL, NULL, NULL, 0),
(311, 344, 1, 'Scga', NULL, '8057507263', NULL, 'male', NULL, 0, 1, 'Po Box 1084', '', 'Ojai', 'CA', '93024', NULL, NULL, NULL, NULL, NULL, NULL, NULL, NULL, 0),
(312, 345, 1, 'Scga', NULL, '6263323222', NULL, 'male', NULL, 0, 1, '2655 S Citrus Ave', '', 'West Covina', 'CA', '91791', NULL, NULL, NULL, NULL, NULL, NULL, NULL, NULL, 0),
(313, 346, 1, 'Scga', NULL, '8053891644', NULL, 'male', NULL, 0, 1, '999 Crestview Ave', '', 'Camarillo', 'CA', '93010', NULL, NULL, NULL, NULL, NULL, NULL, NULL, NULL, 0),
(314, 347, 1, 'Scga', NULL, '7602415600', NULL, 'male', NULL, 0, 1, '7070 Svl Box', '', 'Victorville', 'CA', '92395', NULL, NULL, NULL, NULL, NULL, NULL, NULL, NULL, 0),
(315, 348, 1, 'Scga', NULL, '6194416900', NULL, 'male', NULL, 0, 1, '3199 Stonefield Drive', '', 'Jamul', 'CA', '91935', NULL, NULL, NULL, NULL, NULL, NULL, NULL, NULL, 0),
(316, 349, 1, 'Scga', NULL, '8056041234', NULL, 'male', NULL, 0, 1, '901 Sterling Hills Dr', '', 'Camarillo', 'CA', '93010', NULL, NULL, NULL, NULL, NULL, NULL, NULL, NULL, 0),
(317, 350, 1, 'Scga', NULL, '6618320587', NULL, 'male', NULL, 0, 1, 'Po Box 9727', '', 'Bakersfield', 'CA', '93389', NULL, NULL, NULL, NULL, NULL, NULL, NULL, NULL, 0),
(318, 351, 1, 'Scga', NULL, '7607736165', NULL, 'male', NULL, 0, 1, '72-450 Stone Eagle Dr', '', 'Palm Desert', 'CA', '92260', NULL, NULL, NULL, NULL, NULL, NULL, NULL, NULL, 0),
(319, 352, 1, 'Scga', NULL, '8584872117', NULL, 'male', NULL, 0, 1, '17166 Stoneridge C C Ln', '', 'Poway', 'CA', '92064', NULL, NULL, NULL, NULL, NULL, NULL, NULL, NULL, 0),
(320, 353, 1, 'Scga', NULL, '9494420750', NULL, 'male', NULL, 0, 1, '11 Strawberry Farms Rd', '', 'Irvine', 'CA', '92612', NULL, NULL, NULL, NULL, NULL, NULL, NULL, NULL, 0),
(321, 354, 1, 'Scga', NULL, '9518452135', NULL, 'male', NULL, 0, 1, '850 S Country Club Dr', '', 'Banning', 'CA', '92220', NULL, NULL, NULL, NULL, NULL, NULL, NULL, NULL, 0),
(322, 355, 1, 'Scga', NULL, '7606741188', NULL, 'male', NULL, 0, 1, '73-450 Country Club Dr #331', '', 'Palm Desert', 'CA', '92260', NULL, NULL, NULL, NULL, NULL, NULL, NULL, NULL, 0),
(323, 356, 1, 'Scga', NULL, '6618315224', NULL, 'male', NULL, 0, 1, '9801 Green Oak Place', '', 'Bakersfield', 'CA', '93311', NULL, NULL, NULL, NULL, NULL, NULL, NULL, NULL, 0),
(324, 357, 1, 'Scga', NULL, '7603281139', NULL, 'male', NULL, 0, 1, '71-601 Country Club Dr', '', 'Rancho Mirage', 'CA', '92270', NULL, NULL, NULL, NULL, NULL, NULL, NULL, NULL, 0),
(325, 358, 1, 'Scga', NULL, '8054955407', NULL, 'male', NULL, 0, 1, '4155 Erbes Road North', '', 'Thousand Oaks', 'CA', '91360', NULL, NULL, NULL, NULL, NULL, NULL, NULL, NULL, 0),
(326, 359, 1, 'Scga', NULL, '8004575568', NULL, 'male', NULL, 0, 1, '3007 Dehasa Road', '', 'El Cajon', 'CA', '92019', NULL, NULL, NULL, NULL, NULL, NULL, NULL, NULL, 0),
(327, 360, 1, 'Scga', NULL, '7603281005', NULL, 'male', NULL, 0, 1, '1885 Golf Club Dr', '', 'Palm Springs', 'CA', '92262', NULL, NULL, NULL, NULL, NULL, NULL, NULL, NULL, 0),
(328, 361, 1, 'Scga', NULL, '9493696226', NULL, 'male', NULL, 0, 1, '990 Avenida Talega', '', 'San Clemente', 'CA', '92673', NULL, NULL, NULL, NULL, NULL, NULL, NULL, NULL, 0),
(329, 362, 1, 'Scga', NULL, '7603282141', NULL, 'male', NULL, 0, 1, '70-240 Frank Sinatra Dr', '', 'Rancho Mirage', 'CA', '92270', NULL, NULL, NULL, NULL, NULL, NULL, NULL, NULL, 0),
(330, 363, 1, 'Scga', NULL, '8189803630', NULL, 'male', NULL, 0, 1, '2755 Snead Ave', '', 'San Diego', 'CA', '92111', NULL, NULL, NULL, NULL, NULL, NULL, NULL, NULL, 0),
(331, 364, 1, 'Scga', NULL, '7605776431', NULL, 'male', NULL, 0, 1, 'Attn Base Golf Course', '', 'Barstow', 'CA', '92311', NULL, NULL, NULL, NULL, NULL, NULL, NULL, NULL, 0),
(332, 365, 1, 'Scga', NULL, '9516762405', NULL, 'male', NULL, 0, 1, 'Po Box 891267', '', 'Temecula', 'CA', '925891267', NULL, NULL, NULL, NULL, NULL, NULL, NULL, NULL, 0),
(333, 366, 1, 'Scga', NULL, '9513758115', NULL, 'male', NULL, 0, 1, '41687 Temeku Drive', '', 'Temecula', 'CA', '92591', NULL, NULL, NULL, NULL, NULL, NULL, NULL, NULL, 0),
(334, 367, 1, 'Scga', NULL, '8587597200', NULL, 'male', NULL, 0, 1, '18500 Seven Bridges Rd', '', 'Rancho Santa Fe', 'CA', '92067', NULL, NULL, NULL, NULL, NULL, NULL, NULL, NULL, 0),
(335, 368, 1, 'Scga', NULL, '9516544300', NULL, 'male', NULL, 0, 1, '1020 Soboba Road', '', 'San Jacinto', 'CA', '92583', NULL, NULL, NULL, NULL, NULL, NULL, NULL, NULL, 0),
(336, 369, 1, 'Scga', NULL, '7606013601', NULL, 'male', NULL, 0, 1, '75-200 Classic Club Bd', '', 'Palm Desert', 'CA', '92211', NULL, NULL, NULL, NULL, NULL, NULL, NULL, NULL, 0),
(337, 370, 1, 'Scga', NULL, '7603211555', NULL, 'male', NULL, 0, 1, '39033 Morningside Dr', '', 'Rancho Mirage', 'CA', '92270', NULL, NULL, NULL, NULL, NULL, NULL, NULL, NULL, 0),
(338, 371, 1, 'Scga', NULL, '9513049935', NULL, 'male', NULL, 0, 1, '40603 Colony Drive', '', 'Murrieta', 'CA', '92562', NULL, NULL, NULL, NULL, NULL, NULL, NULL, NULL, 0),
(339, 372, 1, 'Scga', NULL, '8587566310', NULL, 'male', NULL, 0, 1, '17102 Bing Crosby Blvd.', '', 'Rancho Santa Fe', 'CA', '92067', NULL, NULL, NULL, NULL, NULL, NULL, NULL, NULL, 0),
(340, 373, 1, 'Scga', NULL, '8583141930', NULL, 'male', NULL, 0, 1, '5300 Grand Del Mar Ct', '', 'San Diego', 'CA', '92130', NULL, NULL, NULL, NULL, NULL, NULL, NULL, NULL, 0),
(341, 374, 1, 'Scga', NULL, '7607777400', NULL, 'male', NULL, 0, 1, '8040 Hideaway Club Ct', '', 'La Quinta', 'CA', '92253', NULL, NULL, NULL, NULL, NULL, NULL, NULL, NULL, 0),
(342, 375, 1, 'Scga', NULL, '7605684321', NULL, 'male', NULL, 0, 1, '161 Old Ranch Road', '', 'Palm Desert', 'CA', '92211', NULL, NULL, NULL, NULL, NULL, NULL, NULL, NULL, 0),
(343, 376, 1, 'Scga', NULL, '7603914500', NULL, 'male', NULL, 0, 1, '53035 Meriwether Way', '', 'La Quinta', 'CA', '92253', NULL, NULL, NULL, NULL, NULL, NULL, NULL, NULL, 0),
(344, 377, 1, 'Scga', NULL, '7603458965', NULL, 'male', NULL, 0, 1, '42-300 Casbah Way', '', 'Palm Desert', 'CA', '92211', NULL, NULL, NULL, NULL, NULL, NULL, NULL, NULL, 0),
(345, 378, 1, 'Scga', NULL, '7607712606', NULL, 'male', NULL, 0, 1, '81-771 Airport Blvd', '', 'La Quinta', 'CA', '92253', NULL, NULL, NULL, NULL, NULL, NULL, NULL, NULL, 0),
(346, 379, 1, 'Scga', NULL, '7607753688', NULL, 'male', NULL, 0, 1, '50994 Monroe Street', '', 'Indio', 'CA', '92201', NULL, NULL, NULL, NULL, NULL, NULL, NULL, NULL, 0),
(347, 380, 1, 'Scga', NULL, '7607771100', NULL, 'male', NULL, 0, 1, '1 Quarry Lane', '', 'La Quinta', 'CA', '92253', NULL, NULL, NULL, NULL, NULL, NULL, NULL, NULL, 0),
(348, 381, 1, 'Scga', NULL, '7606742240', NULL, 'male', NULL, 0, 1, '49-400 Desert Butte Tr', '', 'Indian Wells', 'CA', '92210', NULL, NULL, NULL, NULL, NULL, NULL, NULL, NULL, 0),
(349, 382, 1, 'Scga', NULL, '8587593131', NULL, 'male', NULL, 0, 1, '8170 Camanito Santaluz', '', 'San Diego', 'CA', '92127', NULL, NULL, NULL, NULL, NULL, NULL, NULL, NULL, 0),
(350, 383, 1, 'Scga', NULL, '9516777446', NULL, 'male', NULL, 0, 1, '39500 Robert Trent Jones Pkwy', '', 'Murrieta', 'CA', '92563', NULL, NULL, NULL, NULL, NULL, NULL, NULL, NULL, 0),
(351, 384, 1, 'Scga', NULL, '7607670004', NULL, 'male', NULL, 0, 1, '2255 Di Giorgio Rd', '', 'Borrego Springs', 'CA', '92004', NULL, NULL, NULL, NULL, NULL, NULL, NULL, NULL, 0),
(352, 385, 1, 'Scga', NULL, '7603280590', NULL, 'male', NULL, 0, 1, 'One Duke Drive', '', 'Rancho Mirage', 'CA', '92270', NULL, NULL, NULL, NULL, NULL, NULL, NULL, NULL, 0),
(353, 386, 1, 'Scga', NULL, '7607359545', NULL, 'male', NULL, 0, 1, '925 San Pasqual Road', '', 'Escondido', 'CA', '92025', NULL, NULL, NULL, NULL, NULL, NULL, NULL, NULL, 0),
(354, 387, 1, 'Scga', NULL, '7608622076', NULL, 'male', NULL, 0, 1, '75-001 Vintage Dr W', '', 'Indian Wells', 'CA', '92210', NULL, NULL, NULL, NULL, NULL, NULL, NULL, NULL, 0),
(355, 388, 1, 'Scga', NULL, '7603282161', NULL, 'male', NULL, 0, 1, 'P.O. Box 5005', '', 'Rancho Mirage', 'CA', '92270', NULL, NULL, NULL, NULL, NULL, NULL, NULL, NULL, 0),
(356, 389, 1, 'Scga', NULL, '7603732389', NULL, 'male', NULL, 0, 1, '9612 South Loop Blvd', '', 'California City', 'CA', '93505', NULL, NULL, NULL, NULL, NULL, NULL, NULL, NULL, 0),
(357, 390, 1, 'Scga', NULL, '8055319300', NULL, 'male', NULL, 0, 1, '15187 Tierra Rejada Rd', '', 'Moorpark', 'CA', '93021', NULL, NULL, NULL, NULL, NULL, NULL, NULL, NULL, 0),
(358, 391, 1, 'Scga', NULL, '9495899763', NULL, 'male', NULL, 0, 1, '29082 Tijeras Creek', '', 'Rncho Snta Marga', 'CA', '92688', NULL, NULL, NULL, NULL, NULL, NULL, NULL, NULL, 0),
(359, 392, 1, 'Scga', NULL, '8882171165', NULL, 'male', NULL, 0, 1, 'Bvld Agua Caliente 11311', 'Col. Aviacin', 'Tijuana, Baja', 'CA', '96154', NULL, NULL, NULL, NULL, NULL, NULL, NULL, NULL, 0),
(360, 393, 1, 'Scga', NULL, '6198895150', NULL, 'male', NULL, 0, 1, '11480 N Torrey Pines Rd', '', 'San Diego', 'CA', '92037', NULL, NULL, NULL, NULL, NULL, NULL, NULL, NULL, 0),
(361, 394, 1, 'Scga', NULL, '7604041457', NULL, 'male', NULL, 0, 1, '76-009 Via Club Villa', '', 'Indian Wells', 'CA', '92210', NULL, NULL, NULL, NULL, NULL, NULL, NULL, NULL, 0),
(362, 395, 1, 'Scga', NULL, '6612887925', NULL, 'male', NULL, 0, 1, '26550 Heritage View Ln', '', 'Valencia', 'CA', '91381', NULL, NULL, NULL, NULL, NULL, NULL, NULL, NULL, 0),
(363, 396, 1, 'Scga', NULL, '7605641067', NULL, 'male', NULL, 0, 1, '78-505 Old Avenue 52', '', 'La Quinta', 'CA', '92253', NULL, NULL, NULL, NULL, NULL, NULL, NULL, NULL, 0),
(364, 397, 1, 'Scga', NULL, '7607710707', NULL, 'male', NULL, 0, 1, '60151 Trilogy Pkwy', 'Ste 2', 'La Quinta', 'CA', '92253', NULL, NULL, NULL, NULL, NULL, NULL, NULL, NULL, 0),
(365, 398, 1, 'Scga', NULL, '9512777900', NULL, 'male', NULL, 0, 1, '24400 Trilogy Pkwy', '', 'Glen Ivy', 'CA', '92883', NULL, NULL, NULL, NULL, NULL, NULL, NULL, NULL, 0),
(366, 399, 1, 'Scga', NULL, '3103033240', NULL, 'male', NULL, 0, 1, 'One Trump National Drive', '', 'Rancho Palos Verde', 'CA', '90275', NULL, NULL, NULL, NULL, NULL, NULL, NULL, NULL, 0),
(367, 400, 1, 'Scga', NULL, '7147301611', NULL, 'male', NULL, 0, 1, '12442 Tustin Ranch Rd', '', 'Tustin', 'CA', '92782', NULL, NULL, NULL, NULL, NULL, NULL, NULL, NULL, 0),
(368, 401, 1, 'Scga', NULL, '7605914700', NULL, 'male', NULL, 0, 1, '1425 N Twin Oaks Valley', '', 'San Marcos', 'CA', '92069', NULL, NULL, NULL, NULL, NULL, NULL, NULL, NULL, 0),
(369, 402, 1, 'Scga', NULL, '9092574227', NULL, 'male', NULL, 0, 1, '1404 N. Euclid Ave', '', 'Upland', 'CA', '91786', NULL, NULL, NULL, NULL, NULL, NULL, NULL, NULL, 0),
(370, 403, 1, 'Scga', NULL, '6612871880', NULL, 'male', NULL, 0, 1, '27330 N Tourney Rd', '', 'Valencia', 'CA', '91355', NULL, NULL, NULL, NULL, NULL, NULL, NULL, NULL, 0),
(371, 404, 1, 'Scga', NULL, '8059694681', NULL, 'male', NULL, 0, 1, '1901 E Valley Road', '', 'Santa Barbara', 'CA', '93108', NULL, NULL, NULL, NULL, NULL, NULL, NULL, NULL, 0),
(372, 405, 1, 'Scga', NULL, '9095990323', NULL, 'male', NULL, 0, 1, '16610 Palermo Drive', '', 'Chino Hills', 'CA', '91709', NULL, NULL, NULL, NULL, NULL, NULL, NULL, NULL, 0),
(373, 406, 1, 'Scga', NULL, '9095998486', NULL, 'male', NULL, 0, 1, '1400 Avenida Entrada', '', 'San Dimas', 'CA', '91773', NULL, NULL, NULL, NULL, NULL, NULL, NULL, NULL, 0),
(374, 407, 1, 'Scga', NULL, '9516845035', NULL, 'male', NULL, 0, 1, '2521 Arroyo Dr', '', 'Riverside', 'CA', '92506', NULL, NULL, NULL, NULL, NULL, NULL, NULL, NULL, 0),
(375, 408, 1, 'Scga', NULL, '8057333537', NULL, 'male', NULL, 0, 1, '4300 Clubhouse Dr', '', 'Lompoc', 'CA', '93436', NULL, NULL, NULL, NULL, NULL, NULL, NULL, NULL, 0),
(376, 409, 1, 'Scga', NULL, '5624245211', NULL, 'male', NULL, 0, 1, '4602 Virginia Rd', '', 'Long Beach', 'CA', '90807', NULL, NULL, NULL, NULL, NULL, NULL, NULL, NULL, 0),
(377, 410, 1, 'Scga', NULL, '6612550125', NULL, 'male', NULL, 0, 1, '24700 W Trevino Drive', '', 'Valencia', 'CA', '91355', NULL, NULL, NULL, NULL, NULL, NULL, NULL, NULL, 0),
(378, 411, 1, 'Scga', NULL, '7607585275', NULL, 'male', NULL, 0, 1, '29354 Vista Valley Dr', '', 'Vista', 'CA', '92083', NULL, NULL, NULL, NULL, NULL, NULL, NULL, NULL, 0),
(379, 412, 1, 'Scga', NULL, '7607651862', NULL, 'male', NULL, 0, 1, '1507 Springview Road', '', 'Santa Ysabel', 'CA', '92070', NULL, NULL, NULL, NULL, NULL, NULL, NULL, NULL, 0),
(380, 413, 1, 'Scga', NULL, '7607493225', NULL, 'male', NULL, 0, 1, '8860 Lawrence Welk Dr', '', 'Escondido', 'CA', '92026', NULL, NULL, NULL, NULL, NULL, NULL, NULL, NULL, 0),
(381, 414, 1, 'Scga', NULL, '7609557979', NULL, 'male', NULL, 0, 1, '15257 Blue Grass Dr', '', 'Helendale', 'CA', '92342', NULL, NULL, NULL, NULL, NULL, NULL, NULL, NULL, 0),
(382, 415, 1, 'Scga', NULL, '9094653728', NULL, 'male', NULL, 0, 1, '13768 Roswell Ave Suite 110', '', 'Chino Hills', 'CA', '91710', NULL, NULL, NULL, NULL, NULL, NULL, NULL, NULL, 0),
(383, 416, 1, 'Scga', NULL, '8188890770', NULL, 'male', NULL, 0, 1, '4812 Lakeview Canyon Road', '', 'Westlake Village', 'CA', '91361', NULL, NULL, NULL, NULL, NULL, NULL, NULL, NULL, 0),
(384, 417, 1, 'Scga', NULL, '5626904200', NULL, 'male', NULL, 0, 1, '1400 S La Habra Hills', '', 'La Habra', 'CA', '90631', NULL, NULL, NULL, NULL, NULL, NULL, NULL, NULL, 0),
(385, 418, 1, 'Scga', NULL, '9099233673', NULL, 'male', NULL, 0, 1, '2525 Riverside', '', 'Ontario', 'CA', '91761', NULL, NULL, NULL, NULL, NULL, NULL, NULL, NULL, 0),
(386, 419, 1, 'Scga', NULL, '6195611061', NULL, 'male', NULL, 0, 1, '11905 Riverside Dr', '', 'Lakeside', 'CA', '92040', NULL, NULL, NULL, NULL, NULL, NULL, NULL, NULL, 0),
(387, 420, 1, 'Scga', NULL, '7145540672', NULL, 'male', NULL, 0, 1, '3017 W 5Th St', '', 'Santa Ana', 'CA', '92703', NULL, NULL, NULL, NULL, NULL, NULL, NULL, NULL, 0),
(388, 421, 1, 'Scga', NULL, '3239346050', NULL, 'male', NULL, 0, 1, '301 N Rossmore Ave', '', 'Los Angeles', 'CA', '90004', NULL, NULL, NULL, NULL, NULL, NULL, NULL, NULL, 0),
(389, 422, 1, 'Scga', NULL, '8055227262', NULL, 'male', NULL, 0, 1, '301 Wood Ranch Pkwy', '', 'Simi Valley', 'CA', '93065', NULL, NULL, NULL, NULL, NULL, NULL, NULL, NULL, 0),
(390, 423, 1, 'Scga', NULL, '7603455305', NULL, 'male', NULL, 0, 1, '41555 Woodhaven Dr E', '', 'Palm Desert', 'CA', '92211', NULL, NULL, NULL, NULL, NULL, NULL, NULL, NULL, 0),
(391, 424, 1, 'Scga', NULL, '8183471476', NULL, 'male', NULL, 0, 1, '21150 Dumetz Rd', '', 'Woodland Hills', 'CA', '91364', NULL, NULL, NULL, NULL, NULL, NULL, NULL, NULL, 0),
(392, 425, 1, 'Scga', NULL, '7605258369', NULL, 'male', NULL, 0, 1, '14616 Woods Valley Rd', '', 'Valley Center', 'CA', '92082', NULL, NULL, NULL, NULL, NULL, NULL, NULL, NULL, 0),
(393, 426, 1, 'Scga', NULL, '7147792467', NULL, 'male', NULL, 0, 1, '19400 Mountain View', '', 'Yorba Linda', 'CA', '92886', NULL, NULL, NULL, NULL, NULL, NULL, NULL, NULL, 0),
(394, 427, 1, 'Scga', NULL, '9097906522', NULL, 'male', NULL, 0, 1, '33725 Chapman Hts Rd', '', 'Yucaipa', 'CA', '92399', NULL, NULL, NULL, NULL, NULL, NULL, NULL, NULL, 0),
(395, 428, 1, 'Scga', NULL, '8669011456', NULL, 'male', NULL, 0, 1, '175 East Reno Ave, Suite C-5', '', 'Las Vegas', 'NV', '89119', NULL, NULL, NULL, NULL, NULL, NULL, NULL, NULL, 0),
(396, 429, 1, 'Scga', NULL, '7137659937', NULL, 'male', NULL, 0, 1, '5037 Tangle Lane', '', 'Houston', 'TX', '77056', NULL, NULL, NULL, NULL, NULL, NULL, NULL, NULL, 0),
(397, 430, 1, 'Scga', NULL, '7607782737', NULL, 'male', NULL, 0, 1, '1100 Clubhouse View Dr', '', 'Palm Springs', 'CA', '92260', NULL, NULL, NULL, NULL, NULL, NULL, NULL, NULL, 0),
(398, 431, 1, 'Scga', NULL, '8887567386', NULL, 'male', NULL, 0, 1, 'Boulevard Mision De Loreto S/N', 'Loreto-Nopolo, Bcs CP 23880', 'Mexico', '*F', '00000', NULL, NULL, NULL, NULL, NULL, NULL, NULL, NULL, 0),
(399, 432, 1, 'Scga', NULL, '9519264653', NULL, 'male', NULL, 0, 1, '7575 World Cup', '', 'Hemet', 'CA', '92545', NULL, NULL, NULL, NULL, NULL, NULL, NULL, NULL, 0),
(400, 433, 1, 'Scga', NULL, '6461775523', NULL, 'male', NULL, 0, 1, 'P.O. Box', '858 3Rd Avenue #312', 'Chula Vista', 'CA', '91911', NULL, NULL, NULL, NULL, NULL, NULL, NULL, NULL, 0),
(401, 434, 1, 'Scga', NULL, '6241456300', NULL, 'male', NULL, 0, 1, 'Aliser, S.A. De C.V.', '2195 Britannia Blvd. Suite 105', 'San Diego', 'CA', '92154', NULL, NULL, NULL, NULL, NULL, NULL, NULL, NULL, 0),
(402, 435, 1, 'Scga', NULL, '', NULL, 'male', NULL, 0, 1, 'Aliser, S.A. De C.V.', '2195 Britannia Blvd. Suite 105', 'San Diego', 'CA', '92154', NULL, NULL, NULL, NULL, NULL, NULL, NULL, NULL, 0),
(403, 436, 1, 'Scga', NULL, '8882397951', NULL, 'male', NULL, 0, 1, 'Aliser Sa De Cv C/O Cabo Slcc', '2195 Britannia Blvd. Suite 105', 'San Diego', 'CA', '92154', NULL, NULL, NULL, NULL, NULL, NULL, NULL, NULL, 0),
(404, 437, 1, 'Scga', NULL, '7603658815', NULL, 'male', NULL, 0, 1, '55100 Martinez Trail', '', 'Yucca Valley', 'CA', '92284', NULL, NULL, NULL, NULL, NULL, NULL, NULL, NULL, 0),
(405, 438, 1, 'Scga', NULL, '9512302677', NULL, 'male', NULL, 0, 1, '545 E. Thornton Avenue', '', 'Hemet', 'CA', '92543', NULL, NULL, NULL, NULL, NULL, NULL, NULL, NULL, 0),
(406, 439, 1, 'Scga', NULL, '8189803630', NULL, 'male', NULL, 0, 1, '3740 Cahuenga Blvd', '', 'Studio City', 'CA', '91604', NULL, NULL, NULL, NULL, NULL, NULL, NULL, NULL, 0),
(407, 440, 1, 'Scga', NULL, '6241440014', NULL, 'male', NULL, 0, 1, 'Carretera Transp., Km. 15,', 'Cabo San Lucas, Bcs C.P. 23410', 'Mexico', '*F', '00000', NULL, NULL, NULL, NULL, NULL, NULL, NULL, NULL, 0),
(408, 441, 1, 'Scga', NULL, '7603526638', NULL, 'male', NULL, 0, 1, '1589 Drew Road', '', 'El Centro', 'CA', '92243', NULL, NULL, NULL, NULL, NULL, NULL, NULL, NULL, 0),
(409, 442, 1, 'Scga', NULL, '7604010513', NULL, 'female', NULL, 0, 1, 'P.O Box G-391', '', 'Twentynine Palms', 'CA', '92277', NULL, NULL, NULL, NULL, NULL, NULL, NULL, NULL, 0),
(410, 443, 1, 'Scga', NULL, '8182434100', NULL, 'male', NULL, 0, 1, '2544 Harmony Place', '', 'La Cresenta', 'CA', '91214', NULL, NULL, NULL, NULL, NULL, NULL, NULL, NULL, 0),
(411, 54, 1, 'Scga', NULL, '6264979410', NULL, 'male', NULL, 0, 1, '700 S Almansor St', '', 'Alhambra', 'CA', '91801', NULL, NULL, NULL, NULL, NULL, NULL, NULL, NULL, 0),
(412, 59, 1, 'Scga', NULL, '3103738107', NULL, 'male', NULL, 0, 1, '16400 S Prairie Ave', '', 'El Camino Village', 'CA', '90260', NULL, NULL, NULL, NULL, NULL, NULL, NULL, NULL, 0),
(413, 444, 1, 'Scga', NULL, '6269691712', NULL, 'male', NULL, 0, 1, '919 W Sierra Madre Ave', '', 'Azusa', 'CA', '91207', NULL, NULL, NULL, NULL, NULL, NULL, NULL, NULL, 0),
(414, 445, 1, 'Scga', NULL, '', NULL, 'male', NULL, 0, 1, '1500 E. Walnut Ave.', '', 'Burbank', 'CA', '91501', NULL, NULL, NULL, NULL, NULL, NULL, NULL, NULL, 0),
(415, 446, 1, 'Scga', NULL, '9096008504', NULL, 'male', NULL, 0, 1, '438 Spruce St', '', 'Riverside', 'CA', '92507', NULL, NULL, NULL, NULL, NULL, NULL, NULL, NULL, 0),
(416, 447, 1, 'Scga', NULL, '2133617270', NULL, 'male', NULL, 0, 1, '1930 W Charlie Sifford Drive', '', 'Los Angeles', 'CA', '90047', NULL, NULL, NULL, NULL, NULL, NULL, NULL, NULL, 0),
(417, 448, 1, 'Scga', NULL, '3106352466', NULL, 'male', NULL, 0, 1, 'Allied High Tech Products, Inc', '2376 E. Pacifica Place', 'Rancho Dominguez', 'CA', '90220', NULL, NULL, NULL, NULL, NULL, NULL, NULL, NULL, 0),
(418, 449, 1, 'Scga', NULL, '', NULL, 'male', NULL, 0, 1, '1150 N Sierra Madre Villa Av', '', 'Pasadena', 'CA', '91007', NULL, NULL, NULL, NULL, NULL, NULL, NULL, NULL, 0),
(419, 450, 1, 'Scga', NULL, '', NULL, 'male', NULL, 0, 1, '13100 Eldridge Ave', '', 'Sylmar', 'CA', '91342', NULL, NULL, NULL, NULL, NULL, NULL, NULL, NULL, 0),
(420, 451, 1, 'Scga', NULL, '', NULL, 'male', NULL, 0, 1, 'Po Box 6339', '', 'Bakersfield', 'CA', '93386', NULL, NULL, NULL, NULL, NULL, NULL, NULL, NULL, 0),
(421, 452, 1, 'Scga', NULL, '8183591524', NULL, 'male', NULL, 0, 1, '1246 San Fernando Road', '', 'San Fernando', 'CA', '91340', NULL, NULL, NULL, NULL, NULL, NULL, NULL, NULL, 0),
(422, 453, 1, 'Scga', NULL, '', NULL, 'male', NULL, 0, 1, '1235 N Figueroa Pl', '', 'Wilmington', 'CA', '90744', NULL, NULL, NULL, NULL, NULL, NULL, NULL, NULL, 0),
(423, 454, 1, 'Scga', NULL, '9517884205', NULL, 'male', NULL, 0, 1, '6161 Moraga Ave', '', 'Riverside', 'CA', '92509', NULL, NULL, NULL, NULL, NULL, NULL, NULL, NULL, 0),
(424, 455, 1, 'Scga', NULL, '8183683964', NULL, 'male', NULL, 0, 1, '12040 Balboa Blvd', '', 'Granada Hills', 'CA', '91344', NULL, NULL, NULL, NULL, NULL, NULL, NULL, NULL, 0),
(425, 456, 1, 'Scga', NULL, '', NULL, 'male', NULL, 0, 1, '15501 Alicante Rd', '', 'La Mirada', 'CA', '90637', NULL, NULL, NULL, NULL, NULL, NULL, NULL, NULL, 0),
(426, 457, 1, 'Scga', NULL, '', NULL, 'male', NULL, 0, 1, '18219 Santa Sophia Cr', '', 'Fountain Valley', 'CA', '92708', NULL, NULL, NULL, NULL, NULL, NULL, NULL, NULL, 0),
(427, 458, 1, 'Scga', NULL, '', NULL, 'male', NULL, 0, 1, '7870 Arnett St', '', 'Downey', 'CA', '90241', NULL, NULL, NULL, NULL, NULL, NULL, NULL, NULL, 0),
(428, 459, 1, 'Scga', NULL, '', NULL, 'male', NULL, 0, 1, '15656 Yorba Ave', '', 'Chino Hills', 'CA', '91709', NULL, NULL, NULL, NULL, NULL, NULL, NULL, NULL, 0),
(429, 460, 1, 'Scga', NULL, '6262468283', NULL, 'male', NULL, 0, 1, '6100 N Stephens Ranch Rd', '', 'La Verne', 'CA', '91750', NULL, NULL, NULL, NULL, NULL, NULL, NULL, NULL, 0),
(430, 461, 1, 'Scga', NULL, '8056427989', NULL, 'male', NULL, 0, 1, '3750 Olivas Park Dr', '', 'Ventura', 'CA', '93001', NULL, NULL, NULL, NULL, NULL, NULL, NULL, NULL, 0),
(431, 462, 1, 'Scga', NULL, '9516852633', NULL, 'male', NULL, 0, 1, '9330 Limonite Ave', '', 'Riverside', 'CA', '92509', NULL, NULL, NULL, NULL, NULL, NULL, NULL, NULL, 0),
(432, 463, 1, 'Scga', NULL, '3106263929', NULL, 'male', NULL, 0, 1, '1233 Rose Ave.', '', 'Venice', 'CA', '90291', NULL, NULL, NULL, NULL, NULL, NULL, NULL, NULL, 0),
(433, 464, 1, 'Scga', NULL, '5624317676', NULL, 'male', NULL, 0, 1, '5001 E Deukmejian Dr', '', 'Long Beach', 'CA', '90804', NULL, NULL, NULL, NULL, NULL, NULL, NULL, NULL, 0),
(434, 465, 1, 'Scga', NULL, '', NULL, 'male', NULL, 0, 1, '144 Marina Dr', '', 'Needles', 'CA', '92363', NULL, NULL, NULL, NULL, NULL, NULL, NULL, NULL, 0),
(435, 466, 1, 'Scga', NULL, '6262552007', NULL, 'male', NULL, 0, 1, '2650 N Vermont Ave', '', 'Los Angeles', 'CA', '90027', NULL, NULL, NULL, NULL, NULL, NULL, NULL, NULL, 0),
(436, 467, 1, 'Scga', NULL, '9097821091', NULL, 'male', NULL, 0, 1, '405 S Santa Anita Ave', '', 'Arcadia', 'CA', '91007', NULL, NULL, NULL, NULL, NULL, NULL, NULL, NULL, 0),
(437, 468, 1, 'Scga', NULL, '9492310097', NULL, 'male', NULL, 0, 1, '14709 Valleyheart Dr', '', 'Sherman Oaks', 'CA', '91403', NULL, NULL, NULL, NULL, NULL, NULL, NULL, NULL, 0),
(438, 469, 1, 'Scga', NULL, '9097923343', NULL, 'male', NULL, 0, 1, '1507 Clay St.', '', 'Redlands', 'CA', '92374', NULL, NULL, NULL, NULL, NULL, NULL, NULL, NULL, 0),
(439, 470, 1, 'Scga', NULL, '5625961456', NULL, 'male', NULL, 0, 1, '4800 E. Wardlow Rd.', '', 'Long Beach', 'CA', '90808', NULL, NULL, NULL, NULL, NULL, NULL, NULL, NULL, 0),
(440, 471, 1, 'Scga', NULL, '3107793811', NULL, 'male', NULL, 0, 1, '1834 Fanwood Ave.', '', 'Long Beach', 'CA', '90815', NULL, NULL, NULL, NULL, NULL, NULL, NULL, NULL, 0),
(441, 472, 1, 'Scga', NULL, '9516743900', NULL, 'male', NULL, 0, 1, '29381 Village Prky', '', 'Lake Elsinore', 'CA', '92530', NULL, NULL, NULL, NULL, NULL, NULL, NULL, NULL, 0),
(442, 473, 1, 'Scga', NULL, '', NULL, 'male', NULL, 0, 1, '5882 Olivas Park Dr', '', 'Ventura', 'CA', '93003', NULL, NULL, NULL, NULL, NULL, NULL, NULL, NULL, 0),
(443, 474, 1, 'Scga', NULL, '6267053910', NULL, 'male', NULL, 0, 1, '8640 Rush St', '', 'Rosemead', 'CA', '91770', NULL, NULL, NULL, NULL, NULL, NULL, NULL, NULL, 0),
(444, 475, 1, 'Scga', NULL, '', NULL, 'male', NULL, 0, 1, '6331 Woodley Ave', '', 'Van Nuys', 'CA', '91406', NULL, NULL, NULL, NULL, NULL, NULL, NULL, NULL, 0),
(445, 476, 1, 'Scga', NULL, '', NULL, 'male', NULL, 0, 1, '', '', '', '', '', NULL, NULL, NULL, NULL, NULL, NULL, NULL, NULL, 0),
(446, 477, 1, 'Scga', NULL, '', NULL, 'male', NULL, 0, 1, '3740 Cahuenga Bl.', '', 'Studio City', 'CA', '91604', NULL, NULL, NULL, NULL, NULL, NULL, NULL, NULL, 0),
(447, 478, 1, 'Scga', NULL, '', NULL, 'male', NULL, 0, 1, '3740 Cahuenga Blvd', '', 'Studio City', 'CA', '91604', NULL, NULL, NULL, NULL, NULL, NULL, NULL, NULL, 0),
(448, 479, 1, 'Scga', NULL, '', NULL, 'male', NULL, 0, 1, '3740 Cahuenga Blvd', '', 'Studio City', 'CA', '91604', NULL, NULL, NULL, NULL, NULL, NULL, NULL, NULL, 0),
(449, 480, 1, 'Scga', NULL, '8009137242', NULL, 'male', NULL, 0, 1, '3740 Cahuenga Blvd', '', 'Studio City', 'CA', '91604', NULL, NULL, NULL, NULL, NULL, NULL, NULL, NULL, 0),
(450, 481, 1, 'Scga', NULL, '', NULL, 'male', NULL, 0, 1, '3740 Cahuenga Blvd', '', 'Studio City', 'CA', '91604', NULL, NULL, NULL, NULL, NULL, NULL, NULL, NULL, 0),
(451, 481, 2, 'Women''s Niners', NULL, '', NULL, 'female', NULL, 0, 1, '3740 Cahuenga Blvd', '', 'Studio City', 'CA', '91604', NULL, NULL, NULL, NULL, NULL, NULL, NULL, NULL, 0),
(452, 13, 1, 'Scga', NULL, '5628183119', NULL, 'male', NULL, 0, 1, '13420 Telluride Drive', '', 'Chino Hills', 'CA', '91709', NULL, NULL, NULL, NULL, NULL, NULL, NULL, NULL, 0),
(453, 14, 1, 'Scga', NULL, '7146795818', NULL, 'male', NULL, 0, 1, '8735 E. Fallbrook Way', '', 'Anaheim', 'CA', '92808', NULL, NULL, NULL, NULL, NULL, NULL, NULL, NULL, 0),
(454, 15, 1, 'Scga', NULL, '8186355965', NULL, 'male', NULL, 0, 1, '10500-4 Larwin Ave', '', 'Chatsworth', 'CA', '91311-033', NULL, NULL, NULL, NULL, NULL, NULL, NULL, NULL, 0),
(455, 16, 1, 'Scga', NULL, '7603429523', NULL, 'male', NULL, 0, 1, '41188 Golspie Ct', '', 'Indio', 'CA', '92203', NULL, NULL, NULL, NULL, NULL, NULL, NULL, NULL, 0),
(456, 17, 1, 'Scga', NULL, '', NULL, 'male', NULL, 0, 1, '1188 Alta Vista Drive', '', 'Vista', 'CA', '92084', NULL, NULL, NULL, NULL, NULL, NULL, NULL, NULL, 0),
(457, 18, 1, 'Scga', NULL, '3104130010', NULL, 'male', NULL, 0, 1, '12416 Lucile St', '', 'Los Angeles', 'CA', '90066', NULL, NULL, NULL, NULL, NULL, NULL, NULL, NULL, 0),
(458, 19, 1, 'Scga', NULL, '', NULL, 'male', NULL, 0, 1, '2819 Loker Avenue E', '', 'Carlsbad', 'CA', '92010', NULL, NULL, NULL, NULL, NULL, NULL, NULL, NULL, 0),
(459, 21, 1, 'Scga', NULL, '8183637221', NULL, 'male', NULL, 0, 1, '4145 West Rousseau Lane', '', 'Palos Verdes Penni', 'CA', '90274', NULL, NULL, NULL, NULL, NULL, NULL, NULL, NULL, 0),
(460, 22, 1, 'Scga', NULL, '3108774957', NULL, 'male', NULL, 0, 1, '690 N Studebaker Rd', '', 'Long Beach', 'CA', '90803', NULL, NULL, NULL, NULL, NULL, NULL, NULL, NULL, 0),
(461, 23, 1, 'Disbanded', NULL, '6265853592', NULL, 'male', NULL, 0, 1, '1133 N Rosemont Ave', '', 'Pasadena', 'CA', '91103', NULL, NULL, NULL, NULL, NULL, NULL, NULL, NULL, 0),
(462, 24, 1, 'Scga', NULL, '', NULL, 'male', NULL, 0, 1, '2375 Clubhouse Dr', '', 'Chula Vista', 'CA', '91915', NULL, NULL, NULL, NULL, NULL, NULL, NULL, NULL, 0),
(463, 25, 1, 'Scga', NULL, '5624945000', NULL, 'male', NULL, 0, 1, '2400 Studebaker Road', '', 'Long Beach', 'CA', '90815', NULL, NULL, NULL, NULL, NULL, NULL, NULL, NULL, 0),
(464, 26, 1, 'Scga', NULL, '8183638161', NULL, 'male', NULL, 0, 1, '12024 Balboa', '', 'Granada Hills', 'CA', '91344', NULL, NULL, NULL, NULL, NULL, NULL, NULL, NULL, 0),
(465, 28, 1, 'Scga', NULL, '5624945000', NULL, 'male', NULL, 0, 1, '5000 E 7Th Street', '', 'Long Beach', 'CA', '90804', NULL, NULL, NULL, NULL, NULL, NULL, NULL, NULL, 0),
(466, 29, 1, 'Scga', NULL, '5624945000', NULL, 'male', NULL, 0, 1, '2400 Studebaker Road', '', 'Long Beach', 'CA', '90815', NULL, NULL, NULL, NULL, NULL, NULL, NULL, NULL, 0),
(467, 30, 1, 'Scga', NULL, '6612531870', NULL, 'male', NULL, 0, 1, '24700 W Trevino', '', 'Valencia', 'CA', '91355', NULL, NULL, NULL, NULL, NULL, NULL, NULL, NULL, 0),
(468, 31, 1, 'Scga', NULL, '', NULL, 'male', NULL, 0, 1, '9886 Fox Valley Way', '', 'San Diego', 'CA', '92127', NULL, NULL, NULL, NULL, NULL, NULL, NULL, NULL, 0),
(469, 32, 1, 'Scga', NULL, '', NULL, 'male', NULL, 0, 1, '14145 Danielson Street Suite B', '', 'Poway', 'CA', '92064', NULL, NULL, NULL, NULL, NULL, NULL, NULL, NULL, 0),
(470, 33, 1, 'Scga', NULL, '7142270401', NULL, 'male', NULL, 0, 1, '12015 Loma Drive', '', 'Whittier', 'CA', '90604', NULL, NULL, NULL, NULL, NULL, NULL, NULL, NULL, 0),
(471, 34, 1, 'Scga', NULL, '2134452828', NULL, 'male', NULL, 0, 1, '407 Molino St', '', 'Los Angeles', 'CA', '90013', NULL, NULL, NULL, NULL, NULL, NULL, NULL, NULL, 0),
(472, 35, 1, 'Scga', NULL, '3109728398', NULL, 'male', NULL, 0, 1, '16505 Cerise Ave', '', 'Torrance', 'CA', '90504', NULL, NULL, NULL, NULL, NULL, NULL, NULL, NULL, 0),
(473, 36, 1, 'Scga', NULL, '', NULL, 'male', NULL, 0, 1, '13804 Ramona Parkway', '', 'Baldwin Park', 'CA', '91706', NULL, NULL, NULL, NULL, NULL, NULL, NULL, NULL, 0),
(474, 37, 1, 'Scga', NULL, '', NULL, 'male', NULL, 0, 1, '1456 E Mendocino St', '', 'Altadena', 'CA', '91001', NULL, NULL, NULL, NULL, NULL, NULL, NULL, NULL, 0),
(475, 38, 1, 'Scga', NULL, '6502286832', NULL, 'male', NULL, 0, 1, '6965 El Camino Real', '', 'Carlsbad', 'CA', '92009', NULL, NULL, NULL, NULL, NULL, NULL, NULL, NULL, 0),
(476, 482, 1, 'Scga', NULL, '', NULL, 'male', NULL, 0, 1, '1900 Harpers Way', '', 'Torrance', 'CA', '90501', NULL, NULL, NULL, NULL, NULL, NULL, NULL, NULL, 0),
(477, 39, 1, 'Scga', NULL, '6198612669', NULL, 'male', NULL, 0, 1, '638 Pt Buchon Court', '', 'Chula Vista', 'CA', '91911', NULL, NULL, NULL, NULL, NULL, NULL, NULL, NULL, 0),
(478, 483, 1, 'Scga', NULL, '9498246979', NULL, 'male', NULL, 0, 1, 'Uci Golf-Crawford Hall', '', 'Irvine', 'CA', '92717', NULL, NULL, NULL, NULL, NULL, NULL, NULL, NULL, 0),
(479, 484, 1, 'Scga', NULL, '3103877600', NULL, 'male', NULL, 0, 1, '1453 Third St #616', '', 'Santa Monica', 'CA', '90401', NULL, NULL, NULL, NULL, NULL, NULL, NULL, NULL, 0),
(480, 485, 1, 'Scga', NULL, '', NULL, 'male', NULL, 0, 1, '5201 Village Dr. #A,', '', 'Oceanside', 'CA', '92057', NULL, NULL, NULL, NULL, NULL, NULL, NULL, NULL, 0),
(481, 486, 1, 'Scga', NULL, '', NULL, 'male', NULL, 0, 1, '17321 Coventry Lane', '', 'Yorba Linda', 'CA', '92886', NULL, NULL, NULL, NULL, NULL, NULL, NULL, NULL, 0),
(482, 487, 1, 'Scga', NULL, '', NULL, 'male', NULL, 0, 1, 'Po Box 7186', '', 'North Hollywood', 'CA', '93021', NULL, NULL, NULL, NULL, NULL, NULL, NULL, NULL, 0),
(483, 488, 1, 'Scga', NULL, '', NULL, 'male', NULL, 0, 1, '216 Venice Ave-1', '', 'Huntington Beach', 'CA', '92648', NULL, NULL, NULL, NULL, NULL, NULL, NULL, NULL, 0),
(484, 489, 1, 'Scga', NULL, '', NULL, 'male', NULL, 0, 1, '26531 Ynez Road', '', 'Temecula', 'CA', '92591', NULL, NULL, NULL, NULL, NULL, NULL, NULL, NULL, 0),
(485, 490, 1, 'Scga', NULL, '6269691727', NULL, 'male', NULL, 0, 1, '919 W Sierra Madre Blvd', '', 'Azusa', 'CA', '91702', NULL, NULL, NULL, NULL, NULL, NULL, NULL, NULL, 0),
(486, 491, 1, 'Scga', NULL, '', NULL, 'male', NULL, 0, 1, '11861 Western Ave', '', 'Garden Grove', 'CA', '92841', NULL, NULL, NULL, NULL, NULL, NULL, NULL, NULL, 0),
(487, 492, 1, 'Scga', NULL, '', NULL, 'male', NULL, 0, 1, '15529 S Vermont Ave Apt 1', '', 'Gardena', 'CA', '90247', NULL, NULL, NULL, NULL, NULL, NULL, NULL, NULL, 0),
(488, 493, 1, 'Scga', NULL, '9493221969', NULL, 'male', NULL, 0, 1, '22641 Labrusca', '', 'Mission Viejo', 'CA', '92692', NULL, NULL, NULL, NULL, NULL, NULL, NULL, NULL, 0),
(489, 494, 1, 'Scga', NULL, '', NULL, 'male', NULL, 0, 1, '9171 Towne Ctr Dr #500', '', 'San Diego', 'CA', '92122', NULL, NULL, NULL, NULL, NULL, NULL, NULL, NULL, 0),
(490, 495, 1, 'Scga', NULL, '8587741154', NULL, 'male', NULL, 0, 1, '17220 Eagle Canyon Place', '', 'San Diego', 'CA', '92127', NULL, NULL, NULL, NULL, NULL, NULL, NULL, NULL, 0),
(491, 496, 1, 'Scga', NULL, '', NULL, 'male', NULL, 0, 1, '15861 Villanova Circle', '', 'Westminster', 'CA', '92683', NULL, NULL, NULL, NULL, NULL, NULL, NULL, NULL, 0),
(492, 497, 1, 'Scga', NULL, '', NULL, 'male', NULL, 0, 1, '140 Ramona Drive', '', 'Fullerton', 'CA', '92833', NULL, NULL, NULL, NULL, NULL, NULL, NULL, NULL, 0),
(493, 498, 1, 'Scga', NULL, '9498428392', NULL, 'male', NULL, 0, 1, 'Po Box 4081', '', 'Mission Viejo', 'CA', '92690', NULL, NULL, NULL, NULL, NULL, NULL, NULL, NULL, 0),
(494, 499, 1, 'Disbanded', NULL, '5629255005', NULL, 'male', NULL, 0, 1, '10001 Artesia Blvd', '', 'Bellflower', 'CA', '90706', NULL, NULL, NULL, NULL, NULL, NULL, NULL, NULL, 0),
(495, 500, 1, 'Scga', NULL, '9496772632', NULL, 'male', NULL, 0, 1, '111 Mosaic', '', 'Irvine', 'CA', '92603', NULL, NULL, NULL, NULL, NULL, NULL, NULL, NULL, 0),
(496, 501, 1, 'Scga', NULL, '8184399165', NULL, 'male', NULL, 0, 1, '3937 Woodfield Drive', '', 'Sherman Oaks', 'CA', '91403', NULL, NULL, NULL, NULL, NULL, NULL, NULL, NULL, 0),
(497, 502, 1, 'Scga', NULL, '3239245543', NULL, 'male', NULL, 0, 1, '2272 Colorado Blvd 1102', '', 'Los Angeles', 'CA', '90041', NULL, NULL, NULL, NULL, NULL, NULL, NULL, NULL, 0),
(498, 503, 1, 'Scga', NULL, '3104032971', NULL, 'male', NULL, 0, 1, '634 11Th Street', '', 'Hermosa Beach', 'CA', '90254', NULL, NULL, NULL, NULL, NULL, NULL, NULL, NULL, 0),
(499, 504, 1, 'Scga', NULL, '', NULL, 'male', NULL, 0, 1, '4942 Rudder Dr #3', '', 'Huntington Beach', 'CA', '92649', NULL, NULL, NULL, NULL, NULL, NULL, NULL, NULL, 0),
(500, 505, 1, 'Scga', NULL, '', NULL, 'male', NULL, 0, 1, '20536 Lake Canyon Dr', '', 'Walnut', 'CA', '91789', NULL, NULL, NULL, NULL, NULL, NULL, NULL, NULL, 0),
(501, 506, 1, 'Scga', NULL, '7604454706', NULL, 'male', NULL, 0, 1, 'Po Box 2577', '', 'Borrego Springs', 'CA', '92004', NULL, NULL, NULL, NULL, NULL, NULL, NULL, NULL, 0),
(502, 507, 1, 'Scga', NULL, '', NULL, 'male', NULL, 0, 1, '5700 Clubhouse Dr', '', 'Riverside', 'CA', '92509', NULL, NULL, NULL, NULL, NULL, NULL, NULL, NULL, 0),
(503, 508, 1, 'Scga', NULL, '7605603462', NULL, 'male', NULL, 0, 1, '5456 Chatham Dr', '', 'Riverside', 'CA', '92506', NULL, NULL, NULL, NULL, NULL, NULL, NULL, NULL, 0),
(504, 509, 1, 'Scga', NULL, '3103793805', NULL, 'male', NULL, 0, 1, '1622 First Street', '', 'Manhattan Beach', 'CA', '90266', NULL, NULL, NULL, NULL, NULL, NULL, NULL, NULL, 0),
(505, 510, 1, 'Scga', NULL, '3109898834', NULL, 'male', NULL, 0, 1, '1016 Amber Place', 'Carnelian Village', 'Gardena', 'CA', '90247', NULL, NULL, NULL, NULL, NULL, NULL, NULL, NULL, 0),
(506, 511, 1, 'Scga', NULL, '6265774497', NULL, 'male', NULL, 0, 1, '1133 N. Rosemont Avenue', '', 'Pasadena', 'CA', '91103', NULL, NULL, NULL, NULL, NULL, NULL, NULL, NULL, 0),
(507, 512, 1, 'Scga', NULL, '9493381208', NULL, 'male', NULL, 0, 1, '35444 Marsh Lane', '', 'Wildomar', 'CA', '92595', NULL, NULL, NULL, NULL, NULL, NULL, NULL, NULL, 0),
(508, 513, 1, 'Scga', NULL, '6613134409', NULL, 'male', NULL, 0, 1, '27647 Caraway Lane', '', 'Saugus', 'CA', '91350', NULL, NULL, NULL, NULL, NULL, NULL, NULL, NULL, 0),
(509, 514, 1, 'Scga', NULL, '8184892798', NULL, 'male', NULL, 0, 1, '1430 N. Pass Ave.', '', 'Burbank', 'CA', '91505', NULL, NULL, NULL, NULL, NULL, NULL, NULL, NULL, 0),
(510, 515, 1, 'Scga', NULL, '8184377730', NULL, 'male', NULL, 0, 1, '1426 N Brighton St.', '', 'Burbank', 'CA', '91506', NULL, NULL, NULL, NULL, NULL, NULL, NULL, NULL, 0),
(511, 516, 1, 'Scga', NULL, '6263781306', NULL, 'male', NULL, 0, 1, '13502 Hamburger Lane', '', 'Baldwin Park', 'CA', '91706', NULL, NULL, NULL, NULL, NULL, NULL, NULL, NULL, 0),
(512, 517, 1, 'Scga', NULL, '', NULL, 'male', NULL, 0, 1, '4210 Upson Road', '', 'Carpinteria', 'CA', '93013', NULL, NULL, NULL, NULL, NULL, NULL, NULL, NULL, 0),
(513, 518, 1, 'Scga', NULL, '', NULL, 'male', NULL, 0, 1, '27651 Casta Del Sol Dr', '', 'Mission Viejo', 'CA', '92692', NULL, NULL, NULL, NULL, NULL, NULL, NULL, NULL, 0),
(514, 519, 1, 'Scga', NULL, '9496330413', NULL, 'male', NULL, 0, 1, 'Cal State University', '', 'Fullerton', 'CA', '92831', NULL, NULL, NULL, NULL, NULL, NULL, NULL, NULL, 0),
(515, 520, 1, 'Scga', NULL, '', NULL, 'male', NULL, 0, 1, '4146 Naval Air Road', '', 'Port Hueneme', 'CA', '93041', NULL, NULL, NULL, NULL, NULL, NULL, NULL, NULL, 0),
(516, 521, 1, 'Scga', NULL, '8583445452', NULL, 'male', NULL, 0, 1, '8106 Kato St.', '', 'La Mesa', 'CA', '91942', NULL, NULL, NULL, NULL, NULL, NULL, NULL, NULL, 0),
(517, 522, 1, 'Scga', NULL, '', NULL, 'male', NULL, 0, 1, '2285 Rutherford Road', '', 'Carlsbad', 'CA', '92008', NULL, NULL, NULL, NULL, NULL, NULL, NULL, NULL, 0),
(518, 523, 1, 'Scga', NULL, '6192449730', NULL, 'male', NULL, 0, 1, 'Po Box 1303', '', 'Lakeside', 'CA', '920404', NULL, NULL, NULL, NULL, NULL, NULL, NULL, NULL, 0),
(519, 524, 1, 'Scga', NULL, '8057918166', NULL, 'male', NULL, 0, 1, '791 Camarillo Sprngs Rd', '', 'Camarillo', 'CA', '93012', NULL, NULL, NULL, NULL, NULL, NULL, NULL, NULL, 0),
(520, 525, 1, 'Scga', NULL, '8054988308', NULL, 'male', NULL, 0, 1, '1532 Shepherd Drive', '', 'Camarillo', 'CA', '93010', NULL, NULL, NULL, NULL, NULL, NULL, NULL, NULL, 0),
(521, 526, 1, 'Scga', NULL, '7144259832', NULL, 'male', NULL, 0, 1, '14081 Yorba St. #111', '', 'Tustin', 'CA', '92780', NULL, NULL, NULL, NULL, NULL, NULL, NULL, NULL, 0),
(522, 527, 1, 'Scga', NULL, '7144383854', NULL, 'male', NULL, 0, 1, '650 Town Center Drive', 'Garden Level', 'Costa Mesa', 'CA', '92626', NULL, NULL, NULL, NULL, NULL, NULL, NULL, NULL, 0),
(523, 528, 1, 'Scga', NULL, '6194423425', NULL, 'male', NULL, 0, 1, '3007 Dehesa Road', '', 'El Cajon', 'CA', '92019', NULL, NULL, NULL, NULL, NULL, NULL, NULL, NULL, 0),
(524, 529, 1, 'Scga', NULL, '', NULL, 'male', NULL, 0, 1, '2080 Faust Street', '', 'Long Beach', 'CA', '90815', NULL, NULL, NULL, NULL, NULL, NULL, NULL, NULL, 0),
(525, 530, 1, 'Scga', NULL, '', NULL, 'male', NULL, 0, 1, '3727 W Magnolia Bl #263', '', 'Burbank', 'CA', '91505', NULL, NULL, NULL, NULL, NULL, NULL, NULL, NULL, 0),
(526, 531, 1, 'Scga', NULL, '3107531536', NULL, 'male', NULL, 0, 1, '2800 Plaza Del Amo #170', '', 'Torrance', 'CA', '90503', NULL, NULL, NULL, NULL, NULL, NULL, NULL, NULL, 0),
(527, 532, 1, 'Scga', NULL, '3234962050', NULL, 'male', NULL, 0, 1, '555 S. Flower St.  51St Floor', '', 'Los Angeles', 'CA', '90071', NULL, NULL, NULL, NULL, NULL, NULL, NULL, NULL, 0),
(528, 533, 1, 'Scga', NULL, '6263192403', NULL, 'male', NULL, 0, 1, '1240 India St', 'Unit 800', 'San Diego', 'CA', '92101', NULL, NULL, NULL, NULL, NULL, NULL, NULL, NULL, 0),
(529, 534, 1, 'Scga', NULL, '6193796249', NULL, 'male', NULL, 0, 1, '4082 Avati Drive', '', 'San Diego', 'CA', '92117', NULL, NULL, NULL, NULL, NULL, NULL, NULL, NULL, 0),
(530, 535, 1, 'Scga', NULL, '7143625680', NULL, 'male', NULL, 0, 1, '5601 Skylab Rd', '', 'Huntington Beach', 'CA', '92647', NULL, NULL, NULL, NULL, NULL, NULL, NULL, NULL, 0),
(531, 536, 1, 'Scga', NULL, '5628972335', NULL, 'male', NULL, 0, 1, '11202 Harvard Dr', '', 'Norwalk', 'CA', '90650', NULL, NULL, NULL, NULL, NULL, NULL, NULL, NULL, 0),
(532, 537, 1, 'Scga', NULL, '7145370106', NULL, 'male', NULL, 0, 1, '2246 Nelson Avenue', '', 'Tustin Ranch', 'CA', '92782', NULL, NULL, NULL, NULL, NULL, NULL, NULL, NULL, 0),
(533, 538, 1, 'Disband Dec2016', NULL, '', NULL, 'male', NULL, 0, 1, '2312 Park Ave #128', '', 'Tustin', 'CA', '92782', NULL, NULL, NULL, NULL, NULL, NULL, NULL, NULL, 0),
(534, 539, 1, 'Scga', NULL, '3107109897', NULL, 'male', NULL, 0, 1, '12134 Eastman Street', '', 'Cerritos', 'CA', '90703', NULL, NULL, NULL, NULL, NULL, NULL, NULL, NULL, 0),
(535, 540, 1, 'Scga', NULL, '', NULL, 'male', NULL, 0, 1, '1411 Brea Canyon Cutoff Rd.', '', 'Rowland Heights', 'CA', '91748', NULL, NULL, NULL, NULL, NULL, NULL, NULL, NULL, 0),
(536, 541, 1, 'Scga', NULL, '7605804735', NULL, 'male', NULL, 0, 1, '215 Tampico Glen', '', 'Escondido', 'CA', '92025', NULL, NULL, NULL, NULL, NULL, NULL, NULL, NULL, 0),
(537, 542, 1, 'Scga', NULL, '', NULL, 'male', NULL, 0, 1, '15730 Touraine Ct', '', 'Moreno Valley', 'CA', '92555', NULL, NULL, NULL, NULL, NULL, NULL, NULL, NULL, 0),
(538, 543, 1, 'Scga', NULL, '5628573675', NULL, 'male', NULL, 0, 1, '2535 Commerce Way', '', 'Commerce', 'CA', '90040', NULL, NULL, NULL, NULL, NULL, NULL, NULL, NULL, 0),
(539, 544, 1, 'Scga', NULL, '7148933209', NULL, 'male', NULL, 0, 1, '15782 Plumwood St', '', 'Westminster', 'CA', '92683', NULL, NULL, NULL, NULL, NULL, NULL, NULL, NULL, 0),
(540, 545, 1, 'Scga', NULL, '6198891641', NULL, 'male', NULL, 0, 1, '3121 Willow Glen Drive', '', 'El Cajon', 'CA', '92019', NULL, NULL, NULL, NULL, NULL, NULL, NULL, NULL, 0),
(541, 546, 1, 'Scga', NULL, '6267577371', NULL, 'male', NULL, 0, 1, '411 Nora Avenue', '', 'West Covina', 'CA', '91790', NULL, NULL, NULL, NULL, NULL, NULL, NULL, NULL, 0),
(542, 547, 1, 'Scga', NULL, '6197494924', NULL, 'male', NULL, 0, 1, '4045 Hancock St', '', 'San Diego', 'CA', '92110', NULL, NULL, NULL, NULL, NULL, NULL, NULL, NULL, 0),
(543, 548, 1, 'Scga', NULL, '8583537765', NULL, 'male', NULL, 0, 1, '9333 Balboa Avenue', '', 'San Diego', 'CA', '92123', NULL, NULL, NULL, NULL, NULL, NULL, NULL, NULL, 0),
(544, 549, 1, 'Scga', NULL, '5624844764', NULL, 'male', NULL, 0, 1, '9530 Cedar Street', '', 'Bellflower', 'CA', '90706', NULL, NULL, NULL, NULL, NULL, NULL, NULL, NULL, 0),
(545, 550, 1, 'Scga', NULL, '3237242662', NULL, 'male', NULL, 0, 1, '26366 Moorsview', '', 'Lake Forest', 'CA', '92630', NULL, NULL, NULL, NULL, NULL, NULL, NULL, NULL, 0),
(546, 551, 1, 'Scga', NULL, '8584884756', NULL, 'male', NULL, 0, 1, '15555 Jimmy Durante Blv', '', 'Del Mar', 'CA', '92014', NULL, NULL, NULL, NULL, NULL, NULL, NULL, NULL, 0),
(547, 552, 1, 'Scga', NULL, '', NULL, 'male', NULL, 0, 1, '520 South Upas St', '', 'Escondido', 'CA', '92025', NULL, NULL, NULL, NULL, NULL, NULL, NULL, NULL, 0),
(548, 553, 1, 'Scga', NULL, '7607916209', NULL, 'male', NULL, 0, 1, '1000 Rodeo Dr. # 519', '', 'Imperial', 'CA', '92251', NULL, NULL, NULL, NULL, NULL, NULL, NULL, NULL, 0),
(549, 554, 1, 'Scga', NULL, '8052050557', NULL, 'male', NULL, 0, 1, '1265 Phelps Ave', '', 'Ventura', 'CA', '93004', NULL, NULL, NULL, NULL, NULL, NULL, NULL, NULL, 0),
(550, 555, 1, 'Scga', NULL, '2135938121', NULL, 'male', NULL, 0, 1, 'C/O Aecom Tax Department', '300 South Grand Ave., 2Nd Flr', 'Los Angeles', 'CA', '90071', NULL, NULL, NULL, NULL, NULL, NULL, NULL, NULL, 0),
(551, 556, 1, 'Scga', NULL, '', NULL, 'male', NULL, 0, 1, '911 S Champlain Circle', '', 'Anaheim Hills', 'CA', '92807', NULL, NULL, NULL, NULL, NULL, NULL, NULL, NULL, 0),
(552, 557, 1, 'Scga', NULL, '7149960389', NULL, 'male', NULL, 0, 1, '2135 Traynor Ave', '', 'Placentia', 'CA', '92870', NULL, NULL, NULL, NULL, NULL, NULL, NULL, NULL, 0),
(553, 558, 1, 'Scga', NULL, '', NULL, 'male', NULL, 0, 1, '3647 Halbrite Ave', '', 'Long Beach', 'CA', '90808', NULL, NULL, NULL, NULL, NULL, NULL, NULL, NULL, 0),
(554, 559, 1, 'Scga', NULL, '9519263054', NULL, 'male', NULL, 0, 1, '13739 Regentview Avenue', '', 'Bellflower', 'CA', '90706', NULL, NULL, NULL, NULL, NULL, NULL, NULL, NULL, 0),
(555, 560, 1, 'Scga', NULL, '5629491350', NULL, 'male', NULL, 0, 1, '11618 Roma St.', '', 'Santa Fe Springs', 'CA', '90670', NULL, NULL, NULL, NULL, NULL, NULL, NULL, NULL, 0),
(556, 561, 1, 'Scga', NULL, '', NULL, 'male', NULL, 0, 1, '3633 Lynn Circle', '', 'La Verne', 'CA', '91750', NULL, NULL, NULL, NULL, NULL, NULL, NULL, NULL, 0),
(557, 562, 1, 'Scga', NULL, '8055517039', NULL, 'male', NULL, 0, 1, '9123 Village 9', '', 'Camarillo', 'CA', '93012', NULL, NULL, NULL, NULL, NULL, NULL, NULL, NULL, 0),
(558, 563, 1, 'Scga', NULL, '7146975700', NULL, 'male', NULL, 0, 1, 'C/O Chevron Prod Co, Crc2243e', '324 W Segundo Blvd', 'El Segundo', 'CA', '90245', NULL, NULL, NULL, NULL, NULL, NULL, NULL, NULL, 0),
(559, 564, 1, 'Scga', NULL, '', NULL, 'male', NULL, 0, 1, '16050 Canary Ave', '', 'La Mirada', 'CA', '90638', NULL, NULL, NULL, NULL, NULL, NULL, NULL, NULL, 0),
(560, 565, 1, 'Scga', NULL, '6262607167', NULL, 'male', NULL, 0, 1, '2107 Brentwood Dr', '', 'West Covina', 'CA', '91792', NULL, NULL, NULL, NULL, NULL, NULL, NULL, NULL, 0),
(561, 566, 1, 'Scga', NULL, '', NULL, 'male', NULL, 0, 1, '10665 Carla Court', '', 'Escondido', 'CA', '92026', NULL, NULL, NULL, NULL, NULL, NULL, NULL, NULL, 0),
(562, 567, 1, 'Scga', NULL, '7149708986', NULL, 'male', NULL, 0, 1, '5359 Via Morena', '', 'Yorba Linda', 'CA', '92886', NULL, NULL, NULL, NULL, NULL, NULL, NULL, NULL, 0),
(563, 568, 1, 'Scga', NULL, '', NULL, 'male', NULL, 0, 1, '8118 E Loren Lane', '', 'Rosemead', 'CA', '91770', NULL, NULL, NULL, NULL, NULL, NULL, NULL, NULL, 0),
(564, 569, 1, 'Scga', NULL, '', NULL, 'male', NULL, 0, 1, '1728 Penasco Rd', '', 'El Cajon', 'CA', '92021', NULL, NULL, NULL, NULL, NULL, NULL, NULL, NULL, 0),
(565, 570, 1, 'Scga', NULL, '3103848636', NULL, 'male', NULL, 0, 1, '531 Main Street #720', '', 'El Segundo', 'CA', '90245', NULL, NULL, NULL, NULL, NULL, NULL, NULL, NULL, 0),
(566, 571, 1, 'Scga', NULL, '', NULL, 'male', NULL, 0, 1, '225 S Lake Avenue #1100', '', 'Pasadena', 'CA', '91101', NULL, NULL, NULL, NULL, NULL, NULL, NULL, NULL, 0),
(567, 572, 1, 'Scga', NULL, '8057787036', NULL, 'male', NULL, 0, 1, '2931 Townsgate Road Ste 100', '', 'Westlake Village', 'CA', '91361', NULL, NULL, NULL, NULL, NULL, NULL, NULL, NULL, 0),
(568, 573, 1, 'Scga', NULL, '7607465305', NULL, 'male', NULL, 0, 1, '2151 Flint Ave.', '', 'Escondido', 'CA', '92027', NULL, NULL, NULL, NULL, NULL, NULL, NULL, NULL, 0),
(569, 574, 1, 'Scga', NULL, '9492768994', NULL, 'male', NULL, 0, 1, '24668 Toledo Lane', '', 'Lake Forest', 'CA', '92630', NULL, NULL, NULL, NULL, NULL, NULL, NULL, NULL, 0);
INSERT INTO `gn_club_service` (`club_service_id`, `club_id`, `hp_service_num`, `club_service_name`, `club_service_email`, `club_service_phone`, `club_service_description`, `gender_type_cd`, `club_service_contact`, `is_default`, `is_active`, `address1`, `address2`, `city`, `state`, `zip_code`, `longitude`, `latitude`, `last_amount_due`, `last_bill_date`, `next_bill_date`, `next_bill_number_seq`, `current_amount_due`, `last_payment_date`, `sub_type_count`) VALUES
(570, 575, 1, 'Scga', NULL, '', NULL, 'male', NULL, 0, 1, '1746 Darrah Avenue', '', 'Simi Valley', 'CA', '93063', NULL, NULL, NULL, NULL, NULL, NULL, NULL, NULL, 0),
(571, 576, 1, 'Scga', NULL, '', NULL, 'male', NULL, 0, 1, '42957 Corte Siero', '', 'Temecula', 'CA', '92592', NULL, NULL, NULL, NULL, NULL, NULL, NULL, NULL, 0),
(572, 577, 1, 'Scga', NULL, '', NULL, 'male', NULL, 0, 1, '2166 Monarch Ridge Cir', '', 'El Cajon', 'CA', '92019', NULL, NULL, NULL, NULL, NULL, NULL, NULL, NULL, 0),
(573, 578, 1, 'Scga', NULL, '', NULL, 'male', NULL, 0, 1, '88 El Nido Ave #3', '', 'Pasadena', 'CA', '91107', NULL, NULL, NULL, NULL, NULL, NULL, NULL, NULL, 0),
(574, 579, 1, 'Scga', NULL, '', NULL, 'male', NULL, 0, 1, '6131 Landino Drive', '', 'Westlake Village', 'CA', '91362', NULL, NULL, NULL, NULL, NULL, NULL, NULL, NULL, 0),
(575, 580, 1, 'Scga', NULL, '8583445708', NULL, 'male', NULL, 0, 1, '5040 Convoy Street', '', 'San Diego', 'CA', '92111', NULL, NULL, NULL, NULL, NULL, NULL, NULL, NULL, 0),
(576, 581, 1, 'Scga', NULL, '', NULL, 'male', NULL, 0, 1, '3549 Northcliff Dr.', '', 'Fallbrook', 'CA', '92028', NULL, NULL, NULL, NULL, NULL, NULL, NULL, NULL, 0),
(577, 582, 1, 'Scga', NULL, '8183263072', NULL, 'male', NULL, 0, 1, '12825 Mineola St', '', 'Arleta', 'CA', '91331', NULL, NULL, NULL, NULL, NULL, NULL, NULL, NULL, 0),
(578, 583, 1, 'Scga', NULL, '', NULL, 'male', NULL, 0, 1, '11060 Viking Ave', '', 'Northridge', 'CA', '913262439', NULL, NULL, NULL, NULL, NULL, NULL, NULL, NULL, 0),
(579, 584, 1, 'Scga', NULL, '8584887648', NULL, 'male', NULL, 0, 1, '2668 Bayside Walk', '', 'San Diego', 'CA', '92109', NULL, NULL, NULL, NULL, NULL, NULL, NULL, NULL, 0),
(580, 585, 1, 'Scga', NULL, '8587358510', NULL, 'male', NULL, 0, 1, '14172 Frame Road', '', 'Poway', 'CA', '92064', NULL, NULL, NULL, NULL, NULL, NULL, NULL, NULL, 0),
(581, 586, 1, 'Scga', NULL, '8186485110', NULL, 'male', NULL, 0, 1, '3740 Cahuenga Blvd', '', 'Studio City', 'CA', '91406', NULL, NULL, NULL, NULL, NULL, NULL, NULL, NULL, 0),
(582, 587, 1, 'Scga', NULL, '', NULL, 'male', NULL, 0, 1, '2 First American Way', '', 'Santa Ana', 'CA', '92707', NULL, NULL, NULL, NULL, NULL, NULL, NULL, NULL, 0),
(583, 588, 1, 'Scga', NULL, '9097821314', NULL, 'male', NULL, 0, 1, '13743 Sunrise St', '', 'Fontana', 'CA', '92336', NULL, NULL, NULL, NULL, NULL, NULL, NULL, NULL, 0),
(584, 589, 1, 'Scga', NULL, '9493493381', NULL, 'male', NULL, 0, 1, '3 Polaris Way', '', 'Aliso Viejo', 'CA', '92698', NULL, NULL, NULL, NULL, NULL, NULL, NULL, NULL, 0),
(585, 590, 1, 'Scga', NULL, '', NULL, 'male', NULL, 0, 1, '386 N Park Lane', '', 'Orange', 'CA', '92867', NULL, NULL, NULL, NULL, NULL, NULL, NULL, NULL, 0),
(586, 591, 1, 'Scga', NULL, '6266950047', NULL, 'male', NULL, 0, 1, '3110 E. Garvey Ave. So', '', 'West Covina', 'CA', '91791', NULL, NULL, NULL, NULL, NULL, NULL, NULL, NULL, 0),
(587, 592, 1, 'Scga', NULL, '', NULL, 'male', NULL, 0, 1, '9805 Bend Street', '', 'Santee', 'CA', '92071', NULL, NULL, NULL, NULL, NULL, NULL, NULL, NULL, 0),
(588, 593, 1, 'Scga', NULL, '9099574267', NULL, 'male', NULL, 0, 1, '5938 Joaquin St', '', 'Chino', 'CA', '91710', NULL, NULL, NULL, NULL, NULL, NULL, NULL, NULL, 0),
(589, 594, 1, 'Scga', NULL, '', NULL, 'male', NULL, 0, 1, '1376 Calle Caballero', '', 'San Dimas', 'CA', '91773', NULL, NULL, NULL, NULL, NULL, NULL, NULL, NULL, 0),
(590, 595, 1, 'Scga', NULL, '', NULL, 'male', NULL, 0, 1, '19110 Lassen Street', '', 'Northridge', 'CA', '91324', NULL, NULL, NULL, NULL, NULL, NULL, NULL, NULL, 0),
(591, 596, 1, 'Scga', NULL, '7147757457', NULL, 'male', NULL, 0, 1, '9767 Shamrock Ave', '', 'Fountain Valley', 'CA', '92708', NULL, NULL, NULL, NULL, NULL, NULL, NULL, NULL, 0),
(592, 597, 1, 'Scga', NULL, '7608222139', NULL, 'male', NULL, 0, 1, '2630 West Gordon Ave', '', 'La Habra', 'CA', '90631', NULL, NULL, NULL, NULL, NULL, NULL, NULL, NULL, 0),
(593, 598, 1, 'Scga', NULL, '', NULL, 'male', NULL, 0, 1, '29780 Willow Ave', '', 'Murrieta', 'CA', '92563', NULL, NULL, NULL, NULL, NULL, NULL, NULL, NULL, 0),
(594, 599, 1, 'Scga', NULL, '', NULL, 'male', NULL, 0, 1, '321 N Vermont Ave', '', 'Los Angeles', 'CA', '90004', NULL, NULL, NULL, NULL, NULL, NULL, NULL, NULL, 0),
(595, 600, 1, 'Scga', NULL, '', NULL, 'male', NULL, 0, 1, '12 Dover', '', 'Dove Canyon', 'CA', '92679', NULL, NULL, NULL, NULL, NULL, NULL, NULL, NULL, 0),
(596, 601, 1, 'Scga', NULL, '8056379300', NULL, 'male', NULL, 0, 1, '1012 West Sola Street', '', 'Santa Barbara', 'CA', '93101', NULL, NULL, NULL, NULL, NULL, NULL, NULL, NULL, 0),
(597, 602, 1, 'Scga', NULL, '', NULL, 'male', NULL, 0, 1, 'Po Box 19190', '', 'Newbury Park', 'CA', '91319', NULL, NULL, NULL, NULL, NULL, NULL, NULL, NULL, 0),
(598, 603, 1, 'Scga', NULL, '8053437402', NULL, 'male', NULL, 0, 1, '1268 Saint Andrews Way', '', 'Nipomo', 'CA', '93444', NULL, NULL, NULL, NULL, NULL, NULL, NULL, NULL, 0),
(599, 604, 1, 'Scga', NULL, '8056308110', NULL, 'male', NULL, 0, 1, '14625 Dickens St #108', '', 'Sherman Oaks', 'CA', '91403', NULL, NULL, NULL, NULL, NULL, NULL, NULL, NULL, 0),
(600, 605, 1, 'Scga', NULL, '', NULL, 'male', NULL, 0, 1, '30435 Via Cambron', '', 'Rancho Palos Verde', 'CA', '90275', NULL, NULL, NULL, NULL, NULL, NULL, NULL, NULL, 0),
(601, 606, 1, 'Scga', NULL, '7045640031', NULL, 'male', NULL, 0, 1, '565 Ebbcreek Dr Apt O', '', 'Corona', 'CA', '92880', NULL, NULL, NULL, NULL, NULL, NULL, NULL, NULL, 0),
(602, 607, 1, 'Scga', NULL, '3108467050', NULL, 'male', NULL, 0, 1, 'Po Box 7819', '', 'Northridge', 'CA', '91327', NULL, NULL, NULL, NULL, NULL, NULL, NULL, NULL, 0),
(603, 608, 1, 'Scga', NULL, '3103654342', NULL, 'male', NULL, 0, 1, '843 Olympia Ave', '', 'Ventura', 'CA', '93004', NULL, NULL, NULL, NULL, NULL, NULL, NULL, NULL, 0),
(604, 609, 1, 'Scga', NULL, '7146026743', NULL, 'male', NULL, 0, 1, '6666 Vinalhaven Court', '', 'Cypress', 'CA', '90630', NULL, NULL, NULL, NULL, NULL, NULL, NULL, NULL, 0),
(605, 610, 1, 'Scga', NULL, '', NULL, 'male', NULL, 0, 1, '4435 Cochran St', '', 'Simi Valley', 'CA', '93063', NULL, NULL, NULL, NULL, NULL, NULL, NULL, NULL, 0),
(606, 611, 1, 'Scga', NULL, '', NULL, 'male', NULL, 0, 1, '10401 Warner Ave.', '', 'Fountain Valley', 'CA', '92708', NULL, NULL, NULL, NULL, NULL, NULL, NULL, NULL, 0),
(607, 612, 1, 'Scga', NULL, '', NULL, 'male', NULL, 0, 1, '12751 Mitchell Ave #5', '', 'Los Angeles', 'CA', '90066', NULL, NULL, NULL, NULL, NULL, NULL, NULL, NULL, 0),
(608, 613, 1, 'Scga', NULL, '6197993803', NULL, 'male', NULL, 0, 1, '10343 Sd Mission Rd D239', '', 'San Diego', 'CA', '92108', NULL, NULL, NULL, NULL, NULL, NULL, NULL, NULL, 0),
(609, 614, 1, 'Disband 12-31', NULL, '7602009141', NULL, 'male', NULL, 0, 1, '35753 Rosemont Drive', '', 'Palm Desert', 'CA', '92211', NULL, NULL, NULL, NULL, NULL, NULL, NULL, NULL, 0),
(610, 615, 1, 'Scga', NULL, '', NULL, 'male', NULL, 0, 1, '20845 Halldale Ave', '', 'Torrance', 'CA', '90501', NULL, NULL, NULL, NULL, NULL, NULL, NULL, NULL, 0),
(611, 616, 1, 'Scga', NULL, '', NULL, 'male', NULL, 0, 1, '78510 Avenida Tujunga', '', 'La Quinta', 'CA', '92253', NULL, NULL, NULL, NULL, NULL, NULL, NULL, NULL, 0),
(612, 617, 1, 'Scga', NULL, '', NULL, 'male', NULL, 0, 1, '11997 Fuerte Vista Lane', '', 'El Cajon', 'CA', '92020', NULL, NULL, NULL, NULL, NULL, NULL, NULL, NULL, 0),
(613, 618, 1, 'Scga', NULL, '7143388601', NULL, 'male', NULL, 0, 1, '1407 N Batavia St Ste 101', '', 'Orange', 'CA', '92867', NULL, NULL, NULL, NULL, NULL, NULL, NULL, NULL, 0),
(614, 619, 1, 'Scga', NULL, '', NULL, 'male', NULL, 0, 1, '3963 Arey Drive', '', 'San Diego', 'CA', '92154', NULL, NULL, NULL, NULL, NULL, NULL, NULL, NULL, 0),
(615, 620, 1, 'Scga', NULL, '9492785144', NULL, 'male', NULL, 0, 1, '25152 Earhart Road', '', 'Laguna Hills', 'CA', '92653', NULL, NULL, NULL, NULL, NULL, NULL, NULL, NULL, 0),
(616, 621, 1, 'Scga', NULL, '', NULL, 'male', NULL, 0, 1, '10821 La Alberca Avenue', '', 'San Diego', 'CA', '92127', NULL, NULL, NULL, NULL, NULL, NULL, NULL, NULL, 0),
(617, 622, 1, 'Scga', NULL, '', NULL, 'male', NULL, 0, 1, '1700 W 162Nd St', '', 'Gardena', 'CA', '90247', NULL, NULL, NULL, NULL, NULL, NULL, NULL, NULL, 0),
(618, 623, 1, 'Scga', NULL, '8582682890', NULL, 'male', NULL, 0, 1, '6016 Portobelo Court', '', 'San Diego', 'CA', '92124', NULL, NULL, NULL, NULL, NULL, NULL, NULL, NULL, 0),
(619, 624, 1, 'Scga', NULL, '3102510514', NULL, 'male', NULL, 0, 1, '14975 S Harvard Bl #A', '', 'Gardena', 'CA', '90247', NULL, NULL, NULL, NULL, NULL, NULL, NULL, NULL, 0),
(620, 625, 1, 'Scga', NULL, '8586751759', NULL, 'male', NULL, 0, 1, '14880 Summerbreeze Way', '', 'San Diego', 'CA', '92128', NULL, NULL, NULL, NULL, NULL, NULL, NULL, NULL, 0),
(621, 626, 1, 'Scga', NULL, '', NULL, 'male', NULL, 0, 1, '1501 N Sepulveda Blvd', '', 'Manhattan Beach', 'CA', '90266', NULL, NULL, NULL, NULL, NULL, NULL, NULL, NULL, 0),
(622, 627, 1, 'Scga', NULL, '3105471413', NULL, 'male', NULL, 0, 1, '11712 Silver Fox Road', '', 'Rossmoor', 'CA', '90720', NULL, NULL, NULL, NULL, NULL, NULL, NULL, NULL, 0),
(623, 628, 1, 'Disband', NULL, '', NULL, 'male', NULL, 0, 1, '1700 W L Street', '', 'Wilmington', 'CA', '90744', NULL, NULL, NULL, NULL, NULL, NULL, NULL, NULL, 0),
(624, 629, 1, 'Scga', NULL, '', NULL, 'male', NULL, 0, 1, '38 Edgebrook Dr', '', 'Phillips Ranch', 'CA', '91766', NULL, NULL, NULL, NULL, NULL, NULL, NULL, NULL, 0),
(625, 630, 1, 'Scga', NULL, '9498582174', NULL, 'male', NULL, 0, 1, '11 Roadrunner Court', '', 'Trabuco Canyon', 'CA', '92679', NULL, NULL, NULL, NULL, NULL, NULL, NULL, NULL, 0),
(626, 631, 1, 'Scga', NULL, '8585658727', NULL, 'male', NULL, 0, 1, '11587 Ct Ply Lsbrisas', '', 'San Diego', 'CA', '92124', NULL, NULL, NULL, NULL, NULL, NULL, NULL, NULL, 0),
(627, 632, 1, 'Scga', NULL, '9514406081', NULL, 'male', NULL, 0, 1, '237 Four Season', '', 'Hemet', 'CA', '92545', NULL, NULL, NULL, NULL, NULL, NULL, NULL, NULL, 0),
(628, 633, 1, 'Scga', NULL, '9512558934', NULL, 'male', NULL, 0, 1, '2242 Capet St', '', 'San Jacinto', 'CA', '92583', NULL, NULL, NULL, NULL, NULL, NULL, NULL, NULL, 0),
(629, 634, 1, 'Scga', NULL, '9092414871', NULL, 'male', NULL, 0, 1, '925 W Foothill Blvd', '', 'Upland', 'CA', '91786', NULL, NULL, NULL, NULL, NULL, NULL, NULL, NULL, 0),
(630, 635, 1, 'Scga', NULL, '', NULL, 'male', NULL, 0, 1, '7033 Stewart & Gray Rd', '', 'Downey', 'CA', '90241', NULL, NULL, NULL, NULL, NULL, NULL, NULL, NULL, 0),
(631, 636, 1, 'Scga', NULL, '', NULL, 'male', NULL, 0, 1, 'Po Box 19190', '', 'Newbury Park', 'CA', '91319', NULL, NULL, NULL, NULL, NULL, NULL, NULL, NULL, 0),
(632, 637, 1, 'Scga', NULL, '', NULL, 'male', NULL, 0, 1, '35760 Fremont Crt', '', 'Yucaipa', 'CA', '92399', NULL, NULL, NULL, NULL, NULL, NULL, NULL, NULL, 0),
(633, 638, 1, 'Scga', NULL, '8587558925', NULL, 'male', NULL, 0, 1, '5996 Wenrich Place', '', 'San Diego', 'CA', '92120', NULL, NULL, NULL, NULL, NULL, NULL, NULL, NULL, 0),
(634, 639, 1, 'Scga', NULL, '3103203309', NULL, 'male', NULL, 0, 1, '22806 Fern Ave', '', 'Torrance', 'CA', '90505', NULL, NULL, NULL, NULL, NULL, NULL, NULL, NULL, 0),
(635, 640, 1, 'Scga', NULL, '7149940187', NULL, 'male', NULL, 0, 1, '6241 Marcella Way', '', 'Buena Park', 'CA', '90620', NULL, NULL, NULL, NULL, NULL, NULL, NULL, NULL, 0),
(636, 641, 1, 'Scga', NULL, '3105176242', NULL, 'male', NULL, 0, 1, '3711 W 230Th St #202', '', 'Torrance', 'CA', '90505', NULL, NULL, NULL, NULL, NULL, NULL, NULL, NULL, 0),
(637, 642, 1, 'Scga', NULL, '', NULL, 'male', NULL, 0, 1, '3501 Almond Street', '', 'Irvine', 'CA', '92606', NULL, NULL, NULL, NULL, NULL, NULL, NULL, NULL, 0),
(638, 643, 1, 'Scga', NULL, '7145360446', NULL, 'male', NULL, 0, 1, '16462 Gothard St Unit C', '', 'Huntington Beach', 'CA', '92647', NULL, NULL, NULL, NULL, NULL, NULL, NULL, NULL, 0),
(639, 644, 1, 'Scga', NULL, '9499814742', NULL, 'male', NULL, 0, 1, '520 E Ave San Juan', '', 'San Clemente', 'CA', '92672', NULL, NULL, NULL, NULL, NULL, NULL, NULL, NULL, 0),
(640, 645, 1, 'Scga', NULL, '8185442528', NULL, 'male', NULL, 0, 1, '1401 Flower Street', '', 'Glendale', 'CA', '91221', NULL, NULL, NULL, NULL, NULL, NULL, NULL, NULL, 0),
(641, 646, 1, 'Scga', NULL, '6266144474', NULL, 'male', NULL, 0, 1, '1182 Crest Vista Dr', '', 'Monterey Park', 'CA', '91754', NULL, NULL, NULL, NULL, NULL, NULL, NULL, NULL, 0),
(642, 647, 1, 'Scga', NULL, '9513280200', NULL, 'male', NULL, 0, 1, '619 Bermuda Dr', '', 'Redlands', 'CA', '92374', NULL, NULL, NULL, NULL, NULL, NULL, NULL, NULL, 0),
(643, 648, 1, 'Scga', NULL, '9095905792', NULL, 'male', NULL, 0, 1, '13615 Pageantry Pl', '', 'Chino Hills', 'CA', '91709', NULL, NULL, NULL, NULL, NULL, NULL, NULL, NULL, 0),
(644, 649, 1, 'Scga', NULL, '9512337626', NULL, 'male', NULL, 0, 1, '15980 Grand Ave. M49', '', 'Lake Elsinore', 'CA', '92530', NULL, NULL, NULL, NULL, NULL, NULL, NULL, NULL, 0),
(645, 650, 1, 'Scga', NULL, '', NULL, 'male', NULL, 0, 1, '4393 Bayberry Court', '', 'San Diego', 'CA', '92154', NULL, NULL, NULL, NULL, NULL, NULL, NULL, NULL, 0),
(646, 651, 1, 'Scga', NULL, '', NULL, 'male', NULL, 0, 1, '3922 Tivoli Avenue', '', 'Mar Vista', 'CA', '90066', NULL, NULL, NULL, NULL, NULL, NULL, NULL, NULL, 0),
(647, 652, 1, 'Disband Dec2016', NULL, '7602419541', NULL, 'male', NULL, 0, 1, '14695 Coolglen Drive', '', 'Helendale', 'CA', '92342', NULL, NULL, NULL, NULL, NULL, NULL, NULL, NULL, 0),
(648, 653, 1, 'Scga', NULL, '6194027670', NULL, 'male', NULL, 0, 1, '7424 Deep Dell Cove', '', 'San Diego', 'CA', '92114', NULL, NULL, NULL, NULL, NULL, NULL, NULL, NULL, 0),
(649, 654, 1, 'Scga', NULL, '3106295161', NULL, 'male', NULL, 0, 1, '29436 Dry Dock Cove', '', 'Laguna Niguel', 'CA', '92677', NULL, NULL, NULL, NULL, NULL, NULL, NULL, NULL, 0),
(650, 655, 1, 'Scga', NULL, '', NULL, 'male', NULL, 0, 1, '1839 Centennial Way', '', 'Escondido', 'CA', '92026', NULL, NULL, NULL, NULL, NULL, NULL, NULL, NULL, 0),
(651, 656, 1, 'Scga', NULL, '9516980471', NULL, 'male', NULL, 0, 1, '23548 Bending Oak Ct', '', 'Murrieta', 'CA', '92562', NULL, NULL, NULL, NULL, NULL, NULL, NULL, NULL, 0),
(652, 657, 1, 'Disband 12-2016', NULL, '', NULL, 'male', NULL, 0, 1, '2625 Townsgate Road', '', 'Westlake Village', 'CA', '91361', NULL, NULL, NULL, NULL, NULL, NULL, NULL, NULL, 0),
(653, 658, 1, 'Scga', NULL, '', NULL, 'male', NULL, 0, 1, '4800 Oak Grove Dr M/S 301-121', '', 'Pasadena', 'CA', '91109', NULL, NULL, NULL, NULL, NULL, NULL, NULL, NULL, 0),
(654, 659, 1, 'Scga', NULL, '8583125172', NULL, 'male', NULL, 0, 1, '16925 Vasquez Way 81', '', 'San Diego', 'CA', '92127', NULL, NULL, NULL, NULL, NULL, NULL, NULL, NULL, 0),
(655, 660, 1, 'Scga', NULL, '3102455527', NULL, 'male', NULL, 0, 1, '924 South Oakland Ave', '', 'Pasadena', 'CA', '91106', NULL, NULL, NULL, NULL, NULL, NULL, NULL, NULL, 0),
(656, 661, 1, 'Scga', NULL, '7145232865', NULL, 'male', NULL, 0, 1, '14491 San Ardo Drive', '', 'La Mirada', 'CA', '90638', NULL, NULL, NULL, NULL, NULL, NULL, NULL, NULL, 0),
(657, 662, 1, 'Disband 12/16', NULL, '8186181884', NULL, 'male', NULL, 0, 1, '44451 Indian Canyon Ln', '', 'Palm Desert', 'CA', '92260', NULL, NULL, NULL, NULL, NULL, NULL, NULL, NULL, 0),
(658, 663, 1, 'Scga', NULL, '', NULL, 'male', NULL, 0, 1, '2806 Paseo Cancun', '', 'West Covina', 'CA', '91792', NULL, NULL, NULL, NULL, NULL, NULL, NULL, NULL, 0),
(659, 664, 1, 'Scga', NULL, '', NULL, 'male', NULL, 0, 1, '524 Windsor Park Dr', '', 'Bakersfield', 'CA', '93311', NULL, NULL, NULL, NULL, NULL, NULL, NULL, NULL, 0),
(660, 665, 1, 'Scga', NULL, '', NULL, 'male', NULL, 0, 1, '5067 Chestnut St', '', 'Simi Valley', 'CA', '93063', NULL, NULL, NULL, NULL, NULL, NULL, NULL, NULL, 0),
(661, 666, 1, 'Scga', NULL, '7144382746', NULL, 'male', NULL, 0, 1, '17600 Newhope Street', '', 'Fountain Valley', 'CA', '92708', NULL, NULL, NULL, NULL, NULL, NULL, NULL, NULL, 0),
(662, 667, 1, 'Scga', NULL, '', NULL, 'male', NULL, 0, 1, '8611 Balboa Ave', '', 'San Diego', 'CA', '92123', NULL, NULL, NULL, NULL, NULL, NULL, NULL, NULL, 0),
(663, 668, 1, 'Scga', NULL, '9492915107', NULL, 'male', NULL, 0, 1, '16301 Gentry Lane', '', 'Huntington Beach', 'CA', '92647', NULL, NULL, NULL, NULL, NULL, NULL, NULL, NULL, 0),
(664, 669, 1, 'Scga', NULL, '', NULL, 'male', NULL, 0, 1, '17924 River Circle #3', '', 'Canyon Country', 'CA', '91387', NULL, NULL, NULL, NULL, NULL, NULL, NULL, NULL, 0),
(665, 670, 1, 'Scga', NULL, '6268930728', NULL, 'male', NULL, 0, 1, '38337 Red Cedar Dr.', '', 'Palm Desert', 'CA', '92211', NULL, NULL, NULL, NULL, NULL, NULL, NULL, NULL, 0),
(666, 671, 1, 'Scga', NULL, '', NULL, 'male', NULL, 0, 1, '3045 South 9Th Ave', '', 'Arcadia', 'CA', '91006', NULL, NULL, NULL, NULL, NULL, NULL, NULL, NULL, 0),
(667, 672, 1, 'Scga', NULL, '5626970914', NULL, 'male', NULL, 0, 1, '801 Honeywood Lane', '', 'La Habra', 'CA', '90631', NULL, NULL, NULL, NULL, NULL, NULL, NULL, NULL, 0),
(668, 673, 1, 'Disband Dec2016', NULL, '', NULL, 'male', NULL, 0, 1, '7635 Eads Ave #208', '', 'La Jolla', 'CA', '92037', NULL, NULL, NULL, NULL, NULL, NULL, NULL, NULL, 0),
(669, 674, 1, 'Scga', NULL, '8183917020', NULL, 'male', NULL, 0, 1, '8757 Debra Ave', '', 'North Hills', 'CA', '91343', NULL, NULL, NULL, NULL, NULL, NULL, NULL, NULL, 0),
(670, 675, 1, 'Scga', NULL, '', NULL, 'male', NULL, 0, 1, '8434 Donovan St', '', 'Downey', 'CA', '90242', NULL, NULL, NULL, NULL, NULL, NULL, NULL, NULL, 0),
(671, 676, 1, 'Scga', NULL, '5625772920', NULL, 'male', NULL, 0, 1, '2569 Cottonwood Trail', '', 'Chino Hills', 'CA', '91709', NULL, NULL, NULL, NULL, NULL, NULL, NULL, NULL, 0),
(672, 677, 1, 'Scga', NULL, '', NULL, 'male', NULL, 0, 1, '24072 Huntridge Drive', '', 'Murrieta', 'CA', '92562', NULL, NULL, NULL, NULL, NULL, NULL, NULL, NULL, 0),
(673, 678, 1, 'Scga', NULL, '', NULL, 'male', NULL, 0, 1, '29053 Palm View St', '', 'Lake Elsinore', 'CA', '92530', NULL, NULL, NULL, NULL, NULL, NULL, NULL, NULL, 0),
(674, 679, 1, 'Scga', NULL, '', NULL, 'male', NULL, 0, 1, '4857 Dunrobin Avenue', '', 'Lakewood', 'CA', '90713', NULL, NULL, NULL, NULL, NULL, NULL, NULL, NULL, 0),
(675, 680, 1, 'Scga', NULL, '7145371366', NULL, 'male', NULL, 0, 1, '12562 Dale Street #17', '', 'Garden Grove', 'CA', '92841', NULL, NULL, NULL, NULL, NULL, NULL, NULL, NULL, 0),
(676, 681, 1, 'Scga', NULL, '2134865271', NULL, 'male', NULL, 0, 1, '26497 Woodstone Place', '', 'Santa Clarita', 'CA', '91360', NULL, NULL, NULL, NULL, NULL, NULL, NULL, NULL, 0),
(677, 682, 1, 'Scga', NULL, '', NULL, 'male', NULL, 0, 1, '747 18Th Street', '', 'Manhattan Beach', 'CA', '90266', NULL, NULL, NULL, NULL, NULL, NULL, NULL, NULL, 0),
(678, 683, 1, 'Scga', NULL, '6266272220', NULL, 'male', NULL, 0, 1, '234 W Highland Ave', '', 'Sierra Madre', 'CA', '91024', NULL, NULL, NULL, NULL, NULL, NULL, NULL, NULL, 0),
(679, 684, 1, 'Scga', NULL, '', NULL, 'male', NULL, 0, 1, '42 Sendero', '', 'Rancho Sta Margari', 'CA', '92688', NULL, NULL, NULL, NULL, NULL, NULL, NULL, NULL, 0),
(680, 685, 1, 'Scga', NULL, '5622609763', NULL, 'male', NULL, 0, 1, '3734 California Ave', '', 'Long Beach', 'CA', '90807', NULL, NULL, NULL, NULL, NULL, NULL, NULL, NULL, 0),
(681, 686, 1, 'Scga', NULL, '3108315689', NULL, 'male', NULL, 0, 1, '2850 Crownview Drive', '', 'Rancho Palos Verde', 'CA', '90275', NULL, NULL, NULL, NULL, NULL, NULL, NULL, NULL, 0),
(682, 687, 1, 'Scga', NULL, '', NULL, 'male', NULL, 0, 1, '9916 Rudnick Avenue', '', 'Chatsworth', 'CA', '91311', NULL, NULL, NULL, NULL, NULL, NULL, NULL, NULL, 0),
(683, 688, 1, 'Scga', NULL, '6196639183', NULL, 'male', NULL, 0, 1, '30488 Lilac Road', '', 'Valley Center', 'CA', '92082', NULL, NULL, NULL, NULL, NULL, NULL, NULL, NULL, 0),
(684, 689, 1, 'Scga', NULL, '5628041642', NULL, 'male', NULL, 0, 1, 'P O Box 332', '', 'Los Alamitos', 'CA', '90720', NULL, NULL, NULL, NULL, NULL, NULL, NULL, NULL, 0),
(685, 690, 1, 'Scga', NULL, '9492549238', NULL, 'male', NULL, 0, 1, '1407 La Serena Dr', '', 'Brea', 'CA', '928211929', NULL, NULL, NULL, NULL, NULL, NULL, NULL, NULL, 0),
(686, 691, 1, 'Scga', NULL, '', NULL, 'male', NULL, 0, 1, '1332 Via Del Rey', '', 'South Pasadena', 'CA', '91030', NULL, NULL, NULL, NULL, NULL, NULL, NULL, NULL, 0),
(687, 692, 1, 'Scga', NULL, '', NULL, 'male', NULL, 0, 1, '18659 Santa Ramona', '', 'Fountain Valley', 'CA', '92708', NULL, NULL, NULL, NULL, NULL, NULL, NULL, NULL, 0),
(688, 693, 1, 'Scga', NULL, '', NULL, 'male', NULL, 0, 1, '4324 Forest Oaks Drive', '', 'Thousand Oaks', 'CA', '91360', NULL, NULL, NULL, NULL, NULL, NULL, NULL, NULL, 0),
(689, 694, 1, 'Scga', NULL, '8583358876', NULL, 'male', NULL, 0, 1, '112 Canyon Creek Way', '', 'Oceanside', 'CA', '92057', NULL, NULL, NULL, NULL, NULL, NULL, NULL, NULL, 0),
(690, 695, 1, 'Scga', NULL, '', NULL, 'male', NULL, 0, 1, '4194 Convoy St', '', 'San Diego', 'CA', '92111', NULL, NULL, NULL, NULL, NULL, NULL, NULL, NULL, 0),
(691, 696, 1, 'Scga', NULL, '', NULL, 'male', NULL, 0, 1, '27944 Pontevedra Drive', '', 'Rancho Palos Verde', 'CA', '90275', NULL, NULL, NULL, NULL, NULL, NULL, NULL, NULL, 0),
(692, 697, 1, 'Scga', NULL, '6262026382', NULL, 'male', NULL, 0, 1, '1120 Golden Springs Dr', 'Unit #D', 'Diamond Bar', 'CA', '91765-', NULL, NULL, NULL, NULL, NULL, NULL, NULL, NULL, 0),
(693, 698, 1, 'Scga', NULL, '3105462602', NULL, 'male', NULL, 0, 1, '1345 21St St', '', 'Manhattan Beach', 'CA', '90266', NULL, NULL, NULL, NULL, NULL, NULL, NULL, NULL, 0),
(694, 699, 1, 'Scga', NULL, '', NULL, 'male', NULL, 0, 1, '11260 Overland Ave #17A', '', 'Culver City', 'CA', '90230', NULL, NULL, NULL, NULL, NULL, NULL, NULL, NULL, 0),
(695, 700, 1, 'Scga', NULL, '3232952758', NULL, 'male', NULL, 0, 1, '4906 Maymont Drive', '', 'Los Angeles', 'CA', '90043', NULL, NULL, NULL, NULL, NULL, NULL, NULL, NULL, 0),
(696, 701, 1, 'Scga', NULL, '6266648260', NULL, 'male', NULL, 0, 1, '730 South Donnabeth Ave', '', 'West Covina', 'CA', '91791', NULL, NULL, NULL, NULL, NULL, NULL, NULL, NULL, 0),
(697, 702, 1, 'Scga', NULL, '7607510387', NULL, 'male', NULL, 0, 1, '3624 Hazelhurst Ct', '', 'Bonita', 'CA', '91902', NULL, NULL, NULL, NULL, NULL, NULL, NULL, NULL, 0),
(698, 703, 1, 'Scga', NULL, '8185161723', NULL, 'male', NULL, 0, 1, '224 Morgan Ranch Rd', '', 'Glendora', 'CA', '91741', NULL, NULL, NULL, NULL, NULL, NULL, NULL, NULL, 0),
(699, 704, 1, 'Scga', NULL, '8185605451', NULL, 'male', NULL, 0, 1, '1201 Grand Central Ave.', '', 'Glendale', 'CA', '91201', NULL, NULL, NULL, NULL, NULL, NULL, NULL, NULL, 0),
(700, 705, 1, 'Scga', NULL, '9493977530', NULL, 'male', NULL, 0, 1, '3126 Alta Laguna Blvd', '', 'Laguna Beach', 'CA', '92651', NULL, NULL, NULL, NULL, NULL, NULL, NULL, NULL, 0),
(701, 706, 1, 'Scga', NULL, '3109962029', NULL, 'male', NULL, 0, 1, '100 Wilshire Blvd #300', '', 'Santa Monica', 'CA', '90401', NULL, NULL, NULL, NULL, NULL, NULL, NULL, NULL, 0),
(702, 707, 1, 'Scga', NULL, '8053905044', NULL, 'male', NULL, 0, 1, '2072 Kingman Ave', '', 'Simi Valley', 'CA', '93063', NULL, NULL, NULL, NULL, NULL, NULL, NULL, NULL, 0),
(703, 708, 1, 'Scga', NULL, '', NULL, 'male', NULL, 0, 1, '11419 Dilling Street', '', 'Studio City', 'CA', '91604', NULL, NULL, NULL, NULL, NULL, NULL, NULL, NULL, 0),
(704, 709, 1, 'Scga', NULL, '', NULL, 'male', NULL, 0, 1, '11012 Ochre Ct', '', 'San Diego', 'CA', '92128', NULL, NULL, NULL, NULL, NULL, NULL, NULL, NULL, 0),
(705, 710, 1, 'Scga', NULL, '', NULL, 'male', NULL, 0, 1, '3405 Piedmont Dr', '', 'Highland', 'CA', '92346', NULL, NULL, NULL, NULL, NULL, NULL, NULL, NULL, 0),
(706, 711, 1, 'Scga', NULL, '8183410258', NULL, 'male', NULL, 0, 1, '30362 Mirassou Circle', '', 'Murrieta', 'CA', '92563', NULL, NULL, NULL, NULL, NULL, NULL, NULL, NULL, 0),
(707, 712, 1, 'Scga', NULL, '9518376873', NULL, 'male', NULL, 0, 1, '24515 Washington Ave', '', 'Murrieta', 'CA', '92562', NULL, NULL, NULL, NULL, NULL, NULL, NULL, NULL, 0),
(708, 713, 1, 'Scga', NULL, '7143052392', NULL, 'male', NULL, 0, 1, '1598 N Clinton St', '', 'Orange', 'CA', '92867', NULL, NULL, NULL, NULL, NULL, NULL, NULL, NULL, 0),
(709, 714, 1, 'Scga', NULL, '', NULL, 'male', NULL, 0, 1, '5092 Overlook Drive', '', 'Oceanside', 'CA', '92057', NULL, NULL, NULL, NULL, NULL, NULL, NULL, NULL, 0),
(710, 715, 1, 'Scga', NULL, '7143667396', NULL, 'male', NULL, 0, 1, '2708 North Olive Lane', '', 'Santa Ana', 'CA', '92706', NULL, NULL, NULL, NULL, NULL, NULL, NULL, NULL, 0),
(711, 716, 1, 'Scga', NULL, '6192874224', NULL, 'male', NULL, 0, 1, '15768 Rainbird Rd', '', 'Ramona', 'CA', '92065', NULL, NULL, NULL, NULL, NULL, NULL, NULL, NULL, 0),
(712, 717, 1, 'Scga', NULL, '', NULL, 'male', NULL, 0, 1, '5209 Camino Playa Malag', '', 'San Diego', 'CA', '92124', NULL, NULL, NULL, NULL, NULL, NULL, NULL, NULL, 0),
(713, 718, 1, 'Scga', NULL, '9494899385', NULL, 'male', NULL, 0, 1, '33654 Niguel Shores Dr', '', 'Monarch Beach', 'CA', '92629', NULL, NULL, NULL, NULL, NULL, NULL, NULL, NULL, 0),
(714, 719, 1, 'Scga', NULL, '6612740933', NULL, 'male', NULL, 0, 1, '38816 Foxholm Drive', '', 'Palmdale', 'CA', '93551', NULL, NULL, NULL, NULL, NULL, NULL, NULL, NULL, 0),
(715, 720, 1, 'Scga', NULL, '8582592014', NULL, 'male', NULL, 0, 1, '4085 Rosenda Ct #260', '', 'San Diego', 'CA', '92122', NULL, NULL, NULL, NULL, NULL, NULL, NULL, NULL, 0),
(716, 721, 1, 'Scga', NULL, '7607033873', NULL, 'male', NULL, 0, 1, '1318 Mountain Park Pl', '', 'Escondido', 'CA', '92027', NULL, NULL, NULL, NULL, NULL, NULL, NULL, NULL, 0),
(717, 722, 1, 'Scga', NULL, '9519288585', NULL, 'male', NULL, 0, 1, '26660 Mccall Blvd', '', 'Sun City', 'CA', '92586', NULL, NULL, NULL, NULL, NULL, NULL, NULL, NULL, 0),
(718, 723, 1, 'Scga', NULL, '', NULL, 'male', NULL, 0, 1, '512 22Nd St.', '', 'Huntington Beach', 'CA', '92648', NULL, NULL, NULL, NULL, NULL, NULL, NULL, NULL, 0),
(719, 724, 1, 'Scga', NULL, '8052456749', NULL, 'male', NULL, 0, 1, '2324 Janin Way', '', 'Solvang', 'CA', '93463', NULL, NULL, NULL, NULL, NULL, NULL, NULL, NULL, 0),
(720, 725, 1, 'Scga', NULL, '', NULL, 'male', NULL, 0, 1, '1617 Maple Ave', '', 'Torrance', 'CA', '90503', NULL, NULL, NULL, NULL, NULL, NULL, NULL, NULL, 0),
(721, 726, 1, 'Scga', NULL, '6612664005', NULL, 'male', NULL, 0, 1, '3520 E Avenue M', '', 'Palmdale', 'CA', '93550', NULL, NULL, NULL, NULL, NULL, NULL, NULL, NULL, 0),
(722, 727, 1, 'Scga', NULL, '6268122685', NULL, 'male', NULL, 0, 1, '1100 W Hollyvale', '', 'Azusa', 'CA', '91702', NULL, NULL, NULL, NULL, NULL, NULL, NULL, NULL, 0),
(723, 728, 1, 'Scga', NULL, '', NULL, 'male', NULL, 0, 1, '32 Lakefront', '', 'Irvine', 'CA', '92604', NULL, NULL, NULL, NULL, NULL, NULL, NULL, NULL, 0),
(724, 729, 1, 'Scga', NULL, '9513010192', NULL, 'male', NULL, 0, 1, '29317 Sparkling Dr.', '', 'Menifee', 'CA', '92584', NULL, NULL, NULL, NULL, NULL, NULL, NULL, NULL, 0),
(725, 730, 1, 'Scga', NULL, '', NULL, 'male', NULL, 0, 1, '10301 Maybrook Ave', '', 'Whittier', 'CA', '90603', NULL, NULL, NULL, NULL, NULL, NULL, NULL, NULL, 0),
(726, 731, 1, 'Scga', NULL, '7146996651', NULL, 'male', NULL, 0, 1, '18450 S. Normandie Ave.', 'Apt.#8', 'Gardena', 'CA', '90248', NULL, NULL, NULL, NULL, NULL, NULL, NULL, NULL, 0),
(727, 732, 1, 'Scga', NULL, '5628683095', NULL, 'male', NULL, 0, 1, '315 S Loganberry Str', '', 'Anaheim', 'CA', '92808', NULL, NULL, NULL, NULL, NULL, NULL, NULL, NULL, 0),
(728, 733, 1, 'Disband 2016', NULL, '', NULL, 'male', NULL, 0, 1, '608 Meyer Lane #204B', '', 'Redondo Beach', 'CA', '90278', NULL, NULL, NULL, NULL, NULL, NULL, NULL, NULL, 0),
(729, 734, 1, 'Scga', NULL, '7605180999', NULL, 'male', NULL, 0, 1, '846 Sunningdale Dr', '', 'Oceanside', 'CA', '92057', NULL, NULL, NULL, NULL, NULL, NULL, NULL, NULL, 0),
(730, 735, 1, 'Scga', NULL, '7143368358', NULL, 'male', NULL, 0, 1, '19872 Lotus Lane', '', 'Huntington Beach', 'CA', '92646', NULL, NULL, NULL, NULL, NULL, NULL, NULL, NULL, 0),
(731, 736, 1, 'Scga', NULL, '7147247031', NULL, 'male', NULL, 0, 1, '1700 Carnegie Ave Ste 100', '', 'Santa Ana', 'CA', '92705', NULL, NULL, NULL, NULL, NULL, NULL, NULL, NULL, 0),
(732, 737, 1, 'Scga', NULL, '', NULL, 'male', NULL, 0, 1, '20 Charca', '', 'Rch Sta Marg', 'CA', '92688', NULL, NULL, NULL, NULL, NULL, NULL, NULL, NULL, 0),
(733, 738, 1, 'Scga', NULL, '', NULL, 'male', NULL, 0, 1, '26532 Tanager Court', '', 'Loma Linda', 'CA', '92354', NULL, NULL, NULL, NULL, NULL, NULL, NULL, NULL, 0),
(734, 739, 1, 'Scga', NULL, '', NULL, 'male', NULL, 0, 1, '5874 Aster Meadows Plac', '', 'San Diego', 'CA', '92130', NULL, NULL, NULL, NULL, NULL, NULL, NULL, NULL, 0),
(735, 740, 1, 'Scga', NULL, '5627735203', NULL, 'male', NULL, 0, 1, '15076 Danbrook Drive', '', 'Whittier', 'CA', '90604', NULL, NULL, NULL, NULL, NULL, NULL, NULL, NULL, 0),
(736, 741, 1, 'Scga', NULL, '', NULL, 'male', NULL, 0, 1, '27131 Soledad', '', 'Mission Viejo', 'CA', '92691', NULL, NULL, NULL, NULL, NULL, NULL, NULL, NULL, 0),
(737, 742, 1, 'Scga', NULL, '9098949895', NULL, 'male', NULL, 0, 1, '24295 Seagreen Dr', '', 'Diamond Bar', 'CA', '91765', NULL, NULL, NULL, NULL, NULL, NULL, NULL, NULL, 0),
(738, 743, 1, 'Scga', NULL, '', NULL, 'male', NULL, 0, 1, '2600 Taylor Ave', '', 'Corona', 'CA', '92882', NULL, NULL, NULL, NULL, NULL, NULL, NULL, NULL, 0),
(739, 744, 1, 'Scga', NULL, '', NULL, 'male', NULL, 0, 1, '69411 Ramon Rd #663', '', 'Cathedral City', 'CA', '92234', NULL, NULL, NULL, NULL, NULL, NULL, NULL, NULL, 0),
(740, 745, 1, 'Scga', NULL, '8057664335', NULL, 'male', NULL, 0, 1, '3501 Terrace Drive', '', 'Oxnard', 'CA', '93033', NULL, NULL, NULL, NULL, NULL, NULL, NULL, NULL, 0),
(741, 746, 1, 'Scga', NULL, '9495958205', NULL, 'male', NULL, 0, 1, '21455 Monterey', '', 'Mission Viejo', 'CA', '92692', NULL, NULL, NULL, NULL, NULL, NULL, NULL, NULL, 0),
(742, 747, 1, 'Scga', NULL, '8188836734', NULL, 'male', NULL, 0, 1, '2844 Blazing Start Dr', '', 'Thousand Oaks', 'CA', '91362', NULL, NULL, NULL, NULL, NULL, NULL, NULL, NULL, 0),
(743, 748, 1, 'Scga', NULL, '', NULL, 'male', NULL, 0, 1, '10493 Rose Ann Cir', '', 'Cypress', 'CA', '90630', NULL, NULL, NULL, NULL, NULL, NULL, NULL, NULL, 0),
(744, 749, 1, 'Disband', NULL, '', NULL, 'male', NULL, 0, 1, '1630 Sheridan Road', '', 'Glendale', 'CA', '91206', NULL, NULL, NULL, NULL, NULL, NULL, NULL, NULL, 0),
(745, 750, 1, 'Scga', NULL, '', NULL, 'male', NULL, 0, 1, 'Po Box 2607', '', 'Seal Beach', 'CA', '90740', NULL, NULL, NULL, NULL, NULL, NULL, NULL, NULL, 0),
(746, 751, 1, 'Scga', NULL, '', NULL, 'male', NULL, 0, 1, '1032 S. Alfred Street', '', 'Los Angeles', 'CA', '90035', NULL, NULL, NULL, NULL, NULL, NULL, NULL, NULL, 0),
(747, 752, 1, 'Scga', NULL, '6618571130', NULL, 'male', NULL, 0, 1, '28725 Greenwood Place', '', 'Castaic', 'CA', '91384', NULL, NULL, NULL, NULL, NULL, NULL, NULL, NULL, 0),
(748, 753, 1, 'Scga', NULL, '3105672236', NULL, 'male', NULL, 0, 1, '40935 Calle Los Arboles', '', 'Indio', 'CA', '92203', NULL, NULL, NULL, NULL, NULL, NULL, NULL, NULL, 0),
(749, 754, 1, 'Scga', NULL, '9092893017', NULL, 'male', NULL, 0, 1, '33723 Northview Lane', '', 'Yucaipa', 'CA', '92399', NULL, NULL, NULL, NULL, NULL, NULL, NULL, NULL, 0),
(750, 755, 1, 'Scga', NULL, '9095948853', NULL, 'male', NULL, 0, 1, '20439 Peach Blossom Rd', '', 'Walnut', 'CA', '91789', NULL, NULL, NULL, NULL, NULL, NULL, NULL, NULL, 0),
(751, 756, 1, 'Scga', NULL, '7148356355', NULL, 'male', NULL, 0, 1, '725 Town & Cntry Rd 300', '', 'Orange', 'CA', '92868', NULL, NULL, NULL, NULL, NULL, NULL, NULL, NULL, 0),
(752, 757, 1, 'Scga', NULL, '6263785111', NULL, 'male', NULL, 0, 1, '7950 Summerlin Pl', '', 'Rancho Cucamonga', 'CA', '91730', NULL, NULL, NULL, NULL, NULL, NULL, NULL, NULL, 0),
(753, 758, 1, 'Scga', NULL, '6195047893', NULL, 'male', NULL, 0, 1, '10710 Puebla Dr', '', 'La Mesa', 'CA', '91941', NULL, NULL, NULL, NULL, NULL, NULL, NULL, NULL, 0),
(754, 759, 1, 'Scga', NULL, '', NULL, 'male', NULL, 0, 1, 'Po Box 1488', '', 'Idyllwild', 'CA', '92549', NULL, NULL, NULL, NULL, NULL, NULL, NULL, NULL, 0),
(755, 760, 1, 'Scga', NULL, '3109914302', NULL, 'male', NULL, 0, 1, '14471 Fairview Ln', '', 'Huntington Beach', 'CA', '92647', NULL, NULL, NULL, NULL, NULL, NULL, NULL, NULL, 0),
(756, 761, 1, 'Scga', NULL, '', NULL, 'male', NULL, 0, 1, '8108 Alondra Blvd', '', 'Paramount', 'CA', '90723', NULL, NULL, NULL, NULL, NULL, NULL, NULL, NULL, 0),
(757, 762, 1, 'Scga', NULL, '6198185638', NULL, 'male', NULL, 0, 1, '1325 Vinca Way', '', 'San Diego', 'CA', '92114', NULL, NULL, NULL, NULL, NULL, NULL, NULL, NULL, 0),
(758, 763, 1, 'Scga', NULL, '6268939308', NULL, 'male', NULL, 0, 1, '14974 Pacific Ave', '', 'Baldwin Park', 'CA', '91706', NULL, NULL, NULL, NULL, NULL, NULL, NULL, NULL, 0),
(759, 764, 1, 'Scga', NULL, '', NULL, 'male', NULL, 0, 1, '1963 Skyline Ter', '', 'Escondido', 'CA', '92027', NULL, NULL, NULL, NULL, NULL, NULL, NULL, NULL, 0),
(760, 765, 1, 'Scga', NULL, '', NULL, 'male', NULL, 0, 1, '6282 E Camino Manzano', '', 'Anaheim', 'CA', '92807', NULL, NULL, NULL, NULL, NULL, NULL, NULL, NULL, 0),
(761, 766, 1, 'Scga', NULL, '', NULL, 'male', NULL, 0, 1, '12914 Sycamore Village', '', 'Norwalk', 'CA', '90650', NULL, NULL, NULL, NULL, NULL, NULL, NULL, NULL, 0),
(762, 767, 1, 'Scga', NULL, '', NULL, 'male', NULL, 0, 1, '19200 Chestridge Circle', '', 'Walnut', 'CA', '91789', NULL, NULL, NULL, NULL, NULL, NULL, NULL, NULL, 0),
(763, 768, 1, 'Scga', NULL, '6195271296', NULL, 'male', NULL, 0, 1, '1260 Wren Street', '', 'San Diego', 'CA', '92114', NULL, NULL, NULL, NULL, NULL, NULL, NULL, NULL, 0),
(764, 769, 1, 'Scga', NULL, '7144914168', NULL, 'male', NULL, 0, 1, '25531 Jacaranda Court', '', 'Mission Viejo', 'CA', '92691', NULL, NULL, NULL, NULL, NULL, NULL, NULL, NULL, 0),
(765, 770, 1, 'Scga', NULL, '9517192994', NULL, 'male', NULL, 0, 1, '26109 Ynez Rd', '', 'Temecula', 'CA', '92591', NULL, NULL, NULL, NULL, NULL, NULL, NULL, NULL, 0),
(766, 771, 1, 'Scga', NULL, '8186528052', NULL, 'male', NULL, 0, 1, '813 Morningside Dr.', '', 'Fullerton', 'CA', '92831', NULL, NULL, NULL, NULL, NULL, NULL, NULL, NULL, 0),
(767, 772, 1, 'Scga', NULL, '', NULL, 'male', NULL, 0, 1, '601 S. Figueroa St.', '9Th Floor', 'Los Angeles', 'CA', '90017', NULL, NULL, NULL, NULL, NULL, NULL, NULL, NULL, 0),
(768, 773, 1, 'Scga', NULL, '', NULL, 'male', NULL, 0, 1, '250054 Green Mill Ave', '', 'Newhall', 'CA', '91321', NULL, NULL, NULL, NULL, NULL, NULL, NULL, NULL, 0),
(769, 774, 1, 'Scga', NULL, '7606446899', NULL, 'male', NULL, 0, 1, '1682 Carriage Cir.', '', 'Vista', 'CA', '92081', NULL, NULL, NULL, NULL, NULL, NULL, NULL, NULL, 0),
(770, 775, 1, 'Scga', NULL, '', NULL, 'male', NULL, 0, 1, '110 Terraza San Benito', '', 'La Habra', 'CA', '90631', NULL, NULL, NULL, NULL, NULL, NULL, NULL, NULL, 0),
(771, 776, 1, 'Scga', NULL, '8582312867', NULL, 'male', NULL, 0, 1, '14124 Via Alisal', '', 'San Diego', 'CA', '92128', NULL, NULL, NULL, NULL, NULL, NULL, NULL, NULL, 0),
(772, 777, 1, 'Scga', NULL, '', NULL, 'male', NULL, 0, 1, '17550 Bernardo Oaks Dr', '', 'San Diego', 'CA', '92128', NULL, NULL, NULL, NULL, NULL, NULL, NULL, NULL, 0),
(773, 778, 1, 'Scga', NULL, '6618606210', NULL, 'male', NULL, 0, 1, '3036 Tournament Drive', '', 'Palmdale', 'CA', '93551', NULL, NULL, NULL, NULL, NULL, NULL, NULL, NULL, 0),
(774, 779, 1, 'Scga', NULL, '', NULL, 'male', NULL, 0, 1, '75 Coromar Drive', '', 'Goleta', 'CA', '93117', NULL, NULL, NULL, NULL, NULL, NULL, NULL, NULL, 0),
(775, 780, 1, 'Scga', NULL, '6195727079', NULL, 'male', NULL, 0, 1, '4615 56Th Street', '', 'San Diego', 'CA', '92115', NULL, NULL, NULL, NULL, NULL, NULL, NULL, NULL, 0),
(776, 781, 1, 'Scga', NULL, '7078889512', NULL, 'male', NULL, 0, 1, '1 Gregory Ct', '', 'Petaluma', 'CA', '94954', NULL, NULL, NULL, NULL, NULL, NULL, NULL, NULL, 0),
(777, 782, 1, 'Scga', NULL, '9495830758', NULL, 'male', NULL, 0, 1, '16181 Osborne Street', '', 'Westminster', 'CA', '92683', NULL, NULL, NULL, NULL, NULL, NULL, NULL, NULL, 0),
(778, 783, 1, 'Scga', NULL, '', NULL, 'male', NULL, 0, 1, 'Mail Stop Lb-90', 'Po Box 7922', 'Canoga Park', 'CA', '91309', NULL, NULL, NULL, NULL, NULL, NULL, NULL, NULL, 0),
(779, 784, 1, 'Scga', NULL, '', NULL, 'male', NULL, 0, 1, '22267 Bear Creek Dr North', '', 'Murrieta', 'CA', '92562', NULL, NULL, NULL, NULL, NULL, NULL, NULL, NULL, 0),
(780, 785, 1, 'Scga', NULL, '', NULL, 'male', NULL, 0, 1, '5275 Cobb Place', '', 'San Diego', 'CA', '92117', NULL, NULL, NULL, NULL, NULL, NULL, NULL, NULL, 0),
(781, 786, 1, 'Scga', NULL, '', NULL, 'male', NULL, 0, 1, '1955 Spyglass Circle', '', 'Vista', 'CA', '92081', NULL, NULL, NULL, NULL, NULL, NULL, NULL, NULL, 0),
(782, 787, 1, 'Scga', NULL, '3104839022', NULL, 'male', NULL, 0, 1, '2138 245Th St', '', 'Lomita', 'CA', '90717', NULL, NULL, NULL, NULL, NULL, NULL, NULL, NULL, 0),
(783, 788, 1, 'Scga', NULL, '8056871217', NULL, 'male', NULL, 0, 1, '1217 Santa Teresita Dr', '', 'Santa Barbara', 'CA', '93105', NULL, NULL, NULL, NULL, NULL, NULL, NULL, NULL, 0),
(784, 789, 1, 'Scga', NULL, '9515339206', NULL, 'male', NULL, 0, 1, '25009 Magic Mountain Pkwy', 'Apt 229', 'Valencia', 'CA', '91355', NULL, NULL, NULL, NULL, NULL, NULL, NULL, NULL, 0),
(785, 790, 1, 'Scga', NULL, '8185971896', NULL, 'male', NULL, 0, 1, '2020 Santa Monica #530', '', 'Santa Monica', 'CA', '90404', NULL, NULL, NULL, NULL, NULL, NULL, NULL, NULL, 0),
(786, 791, 1, 'Scga', NULL, '7609671380', NULL, 'male', NULL, 0, 1, '4353 Arbor Cove Circle', '', 'Oceanside', 'CA', '92057', NULL, NULL, NULL, NULL, NULL, NULL, NULL, NULL, 0),
(787, 792, 1, 'Scga', NULL, '8189803630', NULL, 'male', NULL, 0, 1, '3740 Cahuenga Blvd', '', 'Studio City', 'CA', '91604', NULL, NULL, NULL, NULL, NULL, NULL, NULL, NULL, 0),
(788, 793, 1, 'Scga', NULL, '8583542360', NULL, 'male', NULL, 0, 1, '11084 Via Temprano', '', 'San Diego', 'CA', '92124', NULL, NULL, NULL, NULL, NULL, NULL, NULL, NULL, 0),
(789, 794, 1, 'Scga', NULL, '7146792139', NULL, 'male', NULL, 0, 1, '25 Castillo', '', 'Irvine', 'CA', '92620', NULL, NULL, NULL, NULL, NULL, NULL, NULL, NULL, 0),
(790, 795, 1, 'Scga', NULL, '', NULL, 'male', NULL, 0, 1, '1124 Fresno Street #4', '', 'San Diego', 'CA', '92110', NULL, NULL, NULL, NULL, NULL, NULL, NULL, NULL, 0),
(791, 796, 1, 'Scga', NULL, '8584548740', NULL, 'male', NULL, 0, 1, 'Po Box 3141', '', 'La Jolla', 'CA', '92038', NULL, NULL, NULL, NULL, NULL, NULL, NULL, NULL, 0),
(792, 797, 1, 'Scga', NULL, '6193901723', NULL, 'male', NULL, 0, 1, '1663 Tierra Montanosa', '', 'Alpine', 'CA', '91901', NULL, NULL, NULL, NULL, NULL, NULL, NULL, NULL, 0),
(793, 798, 1, 'Scga', NULL, '8583610307', NULL, 'male', NULL, 0, 1, '9846 Fox Valley Way', '', 'San Diego', 'CA', '92127', NULL, NULL, NULL, NULL, NULL, NULL, NULL, NULL, 0),
(794, 799, 1, 'Scga', NULL, '', NULL, 'male', NULL, 0, 1, '26745 N Broadway', '', 'Escondido', 'CA', '92026', NULL, NULL, NULL, NULL, NULL, NULL, NULL, NULL, 0),
(795, 800, 1, 'Scga', NULL, '6194441492', NULL, 'male', NULL, 0, 1, '10362 Orozco Road', '', 'San Diego', 'CA', '92124', NULL, NULL, NULL, NULL, NULL, NULL, NULL, NULL, 0),
(796, 801, 1, 'Scga', NULL, '', NULL, 'male', NULL, 0, 1, '6736 Decanture St', '', 'San Diego', 'CA', '92120', NULL, NULL, NULL, NULL, NULL, NULL, NULL, NULL, 0),
(797, 802, 1, 'Scga', NULL, '', NULL, 'male', NULL, 0, 1, '9516 Cambury', '', 'Santee', 'CA', '92071', NULL, NULL, NULL, NULL, NULL, NULL, NULL, NULL, 0),
(798, 803, 1, 'Scga', NULL, '', NULL, 'male', NULL, 0, 1, '2315 Nielsen Street', '', 'El Cajon', 'CA', '92020', NULL, NULL, NULL, NULL, NULL, NULL, NULL, NULL, 0),
(799, 804, 1, 'Scga', NULL, '', NULL, 'male', NULL, 0, 1, '4512 Vereda Mar De Ponderosa', '', 'San Diego', 'CA', '92130', NULL, NULL, NULL, NULL, NULL, NULL, NULL, NULL, 0),
(800, 805, 1, 'Scga', NULL, '8585389535', NULL, 'male', NULL, 0, 1, '5234 Seaglen Way', '', 'San Diego', 'CA', '92154', NULL, NULL, NULL, NULL, NULL, NULL, NULL, NULL, 0),
(801, 806, 1, 'Scga', NULL, '6194548311', NULL, 'male', NULL, 0, 1, '1130 Sundale Road', '', 'El Cajon', 'CA', '92019', NULL, NULL, NULL, NULL, NULL, NULL, NULL, NULL, 0),
(802, 807, 1, 'Scga', NULL, '', NULL, 'male', NULL, 0, 1, '2042 Mccloud River Rd', '', 'Chula Vista', 'CA', '91913', NULL, NULL, NULL, NULL, NULL, NULL, NULL, NULL, 0),
(803, 808, 1, 'Scga', NULL, '9499168323', NULL, 'male', NULL, 0, 1, '28225 Isabella', '', 'Mission Viejo', 'CA', '92692', NULL, NULL, NULL, NULL, NULL, NULL, NULL, NULL, 0),
(804, 809, 1, 'Scga', NULL, '6262336889', NULL, 'male', NULL, 0, 1, '1428 Ridgeway Rd', '', 'San Marino', 'CA', '91108', NULL, NULL, NULL, NULL, NULL, NULL, NULL, NULL, 0),
(805, 810, 1, 'Scga', NULL, '', NULL, 'male', NULL, 0, 1, '12112 Wutzke St', '', 'Garden Grove', 'CA', '92845', NULL, NULL, NULL, NULL, NULL, NULL, NULL, NULL, 0),
(806, 811, 1, 'Scga', NULL, '3107105857', NULL, 'male', NULL, 0, 1, '24803 Panama Ave', '', 'Carson', 'CA', '90745', NULL, NULL, NULL, NULL, NULL, NULL, NULL, NULL, 0),
(807, 812, 1, 'Disband', NULL, '8056804099', NULL, 'male', NULL, 0, 1, '2003 Santa Barbara Street', '', 'Santa Barbara', 'CA', '93105', NULL, NULL, NULL, NULL, NULL, NULL, NULL, NULL, 0),
(808, 813, 1, 'Scga', NULL, '', NULL, 'male', NULL, 0, 1, '212 S Elk Lane', '', 'Santa Ana', 'CA', '92701', NULL, NULL, NULL, NULL, NULL, NULL, NULL, NULL, 0),
(809, 814, 1, 'Scga', NULL, '7145396994', NULL, 'male', NULL, 0, 1, '1407 W. Houston Ave.', '', 'Fullerton', 'CA', '92833', NULL, NULL, NULL, NULL, NULL, NULL, NULL, NULL, 0),
(810, 815, 1, 'Scga', NULL, '8059644456', NULL, 'male', NULL, 0, 1, '5575 Cathedral Oaks Rd', '', 'Santa Barbara', 'CA', '93111', NULL, NULL, NULL, NULL, NULL, NULL, NULL, NULL, 0),
(811, 816, 1, 'Disband 2016', NULL, '', NULL, 'male', NULL, 0, 1, '29740 Abelia Road', '', 'Canyon Country', 'CA', '91351', NULL, NULL, NULL, NULL, NULL, NULL, NULL, NULL, 0),
(812, 817, 1, 'Scga', NULL, '8183532715', NULL, 'male', NULL, 0, 1, '14016 La Barca Dr', '', 'La Mirada', 'CA', '90638', NULL, NULL, NULL, NULL, NULL, NULL, NULL, NULL, 0),
(813, 818, 1, 'Scga', NULL, '8055884211', NULL, 'male', NULL, 0, 1, '1309 N Bradley Rd', '', 'Santa Maria', 'CA', '934562409', NULL, NULL, NULL, NULL, NULL, NULL, NULL, NULL, 0),
(814, 819, 1, 'Scga', NULL, '3104223245', NULL, 'male', NULL, 0, 1, '2326 Walgrove Avenue', '', 'Los Angeles', 'CA', '90066', NULL, NULL, NULL, NULL, NULL, NULL, NULL, NULL, 0),
(815, 820, 1, 'Scga', NULL, '3105921926', NULL, 'male', NULL, 0, 1, '11280 Chalon Rd', '', 'Los Angles', 'CA', '90049', NULL, NULL, NULL, NULL, NULL, NULL, NULL, NULL, 0),
(816, 821, 1, 'Scga', NULL, '3103456771', NULL, 'male', NULL, 0, 1, '1500 Goodman Ave', '', 'Redondo Beach', 'CA', '90278', NULL, NULL, NULL, NULL, NULL, NULL, NULL, NULL, 0),
(817, 822, 1, 'Scga', NULL, '', NULL, 'male', NULL, 0, 1, '12810 Malki Rd', '', 'Banning', 'CA', '92220', NULL, NULL, NULL, NULL, NULL, NULL, NULL, NULL, 0),
(818, 823, 1, 'Disband', NULL, '9514454100', NULL, 'male', NULL, 0, 1, '41558 Eastman Dr Ste E', '', 'Murrieta', 'CA', '92562', NULL, NULL, NULL, NULL, NULL, NULL, NULL, NULL, 0),
(819, 824, 1, 'Scga', NULL, '6264480853', NULL, 'male', NULL, 0, 1, '823 Lexington-Gallatin Rd', '', 'South El Monte', 'CA', '91733', NULL, NULL, NULL, NULL, NULL, NULL, NULL, NULL, 0),
(820, 825, 1, 'Scga', NULL, '7608152468', NULL, 'male', NULL, 0, 1, '4353 Arbor Cove Circle', '', 'Oceanside', 'CA', '92058', NULL, NULL, NULL, NULL, NULL, NULL, NULL, NULL, 0),
(821, 826, 1, 'Scga', NULL, '2136269625', NULL, 'male', NULL, 0, 1, '250 E 1St Street #900', '', 'Los Angeles', 'CA', '90012', NULL, NULL, NULL, NULL, NULL, NULL, NULL, NULL, 0),
(822, 827, 1, 'Scga', NULL, '3109992762', NULL, 'male', NULL, 0, 1, '3660 Shadow Grove Road', '', 'Pasadena', 'CA', '91107', NULL, NULL, NULL, NULL, NULL, NULL, NULL, NULL, 0),
(823, 828, 1, 'Scga', NULL, '6266649811', NULL, 'male', NULL, 0, 1, '19006 Montell Court', '', 'Rowland Heights', 'CA', '91748', NULL, NULL, NULL, NULL, NULL, NULL, NULL, NULL, 0),
(824, 829, 1, 'Scga', NULL, '', NULL, 'male', NULL, 0, 1, '1305 Stonewood Court', '', 'San Pedro', 'CA', '90732', NULL, NULL, NULL, NULL, NULL, NULL, NULL, NULL, 0),
(825, 830, 1, 'Scga', NULL, '', NULL, 'male', NULL, 0, 1, '5422 Santa Catalina Ave', '', 'Garden Grove', 'CA', '92845', NULL, NULL, NULL, NULL, NULL, NULL, NULL, NULL, 0),
(826, 831, 1, 'Scga', NULL, '', NULL, 'male', NULL, 0, 1, '4280 Guava Avenue', '', 'Seal Beach', 'CA', '90740', NULL, NULL, NULL, NULL, NULL, NULL, NULL, NULL, 0),
(827, 832, 1, 'Scga', NULL, '6263440015', NULL, 'male', NULL, 0, 1, '1512 Zara St.', '', 'Glendora', 'CA', '91741', NULL, NULL, NULL, NULL, NULL, NULL, NULL, NULL, 0),
(828, 833, 1, 'Scga', NULL, '', NULL, 'male', NULL, 0, 1, '1312 Richman Knoll', '', 'Fullerton', 'CA', '92835', NULL, NULL, NULL, NULL, NULL, NULL, NULL, NULL, 0),
(829, 834, 1, 'Scga', NULL, '6262805787', NULL, 'male', NULL, 0, 1, '1040 Grandridge Avenue', '', 'Monterey Park', 'CA', '91754', NULL, NULL, NULL, NULL, NULL, NULL, NULL, NULL, 0),
(830, 835, 1, 'Scga', NULL, '', NULL, 'male', NULL, 0, 1, '24265 Park Street', '', 'Torrance', 'CA', '92590', NULL, NULL, NULL, NULL, NULL, NULL, NULL, NULL, 0),
(831, 836, 1, 'Scga', NULL, '6192276233', NULL, 'male', NULL, 0, 1, '525 Hunte Pkwy', '', 'Chula Vista', 'CA', '91914', NULL, NULL, NULL, NULL, NULL, NULL, NULL, NULL, 0),
(832, 837, 1, 'Scga', NULL, '', NULL, 'male', NULL, 0, 1, '3473 Boyne St', '', 'Spring Valley', 'CA', '91977', NULL, NULL, NULL, NULL, NULL, NULL, NULL, NULL, 0),
(833, 838, 1, 'Scga', NULL, '', NULL, 'male', NULL, 0, 1, '5049 Ruette De Mer', '', 'San Diego', 'CA', '92130', NULL, NULL, NULL, NULL, NULL, NULL, NULL, NULL, 0),
(834, 839, 1, 'Scga', NULL, '', NULL, 'male', NULL, 0, 1, 'Po Box 2259', '', 'Running Springs', 'CA', '92382', NULL, NULL, NULL, NULL, NULL, NULL, NULL, NULL, 0),
(835, 840, 1, 'Scga', NULL, '', NULL, 'male', NULL, 0, 1, '1031 N Indian Hill Blvd', '', 'Claremont', 'CA', '91711', NULL, NULL, NULL, NULL, NULL, NULL, NULL, NULL, 0),
(836, 841, 1, 'Scga', NULL, '3034061582', NULL, 'male', NULL, 0, 1, '7711 Lippizan Dr', '', 'Riverside', 'CA', '92509', NULL, NULL, NULL, NULL, NULL, NULL, NULL, NULL, 0),
(837, 842, 1, 'Scga', NULL, '', NULL, 'male', NULL, 0, 1, '19700 Rinaldi St', '', 'Porter Ranch', 'CA', '91326', NULL, NULL, NULL, NULL, NULL, NULL, NULL, NULL, 0),
(838, 843, 1, 'Scga', NULL, '7609533691', NULL, 'male', NULL, 0, 1, 'Po Bx 1502', '', 'Helendale', 'CA', '92342', NULL, NULL, NULL, NULL, NULL, NULL, NULL, NULL, 0),
(839, 844, 1, 'Scga', NULL, '8055264044', NULL, 'male', NULL, 0, 1, '10431 Vassar Ave', '', 'Chatsworth', 'CA', '91311', NULL, NULL, NULL, NULL, NULL, NULL, NULL, NULL, 0),
(840, 845, 1, 'Scga', NULL, '8587564477', NULL, 'male', NULL, 0, 1, '3110 Via De Caballo', '', 'Encinitas', 'CA', '92024', NULL, NULL, NULL, NULL, NULL, NULL, NULL, NULL, 0),
(841, 846, 1, 'Scga', NULL, '9098291401', NULL, 'male', NULL, 0, 1, '18073 Tanzanite Road', '', 'San Bernardino', 'CA', '92407', NULL, NULL, NULL, NULL, NULL, NULL, NULL, NULL, 0),
(842, 847, 1, 'Scga', NULL, '9093746663', NULL, 'male', NULL, 0, 1, '2335 Palermo Avenue', '', 'Upland', 'CA', '91784', NULL, NULL, NULL, NULL, NULL, NULL, NULL, NULL, 0),
(843, 848, 1, 'Scga', NULL, '', NULL, 'male', NULL, 0, 1, '514 Ardilla Ave', '', 'La Puente', 'CA', '91746', NULL, NULL, NULL, NULL, NULL, NULL, NULL, NULL, 0),
(844, 849, 1, 'Scga', NULL, '5622255547', NULL, 'male', NULL, 0, 1, '2015 N Greenbrier Rd', '', 'Long Beach', 'CA', '90815', NULL, NULL, NULL, NULL, NULL, NULL, NULL, NULL, 0),
(845, 850, 1, 'Scga', NULL, '9098647569', NULL, 'male', NULL, 0, 1, '28792 Beattie St', '', 'Highland', 'CA', '92346', NULL, NULL, NULL, NULL, NULL, NULL, NULL, NULL, 0),
(846, 851, 1, 'Scga', NULL, '9099966419', NULL, 'male', NULL, 0, 1, '6573 Vianza Place', '', 'Rancno Cucamonga', 'CA', '91701', NULL, NULL, NULL, NULL, NULL, NULL, NULL, NULL, 0),
(847, 852, 1, 'Scga', NULL, '3102921830', NULL, 'male', NULL, 0, 1, '125 25Th Street', '', 'Hermosa Beach', 'CA', '90254', NULL, NULL, NULL, NULL, NULL, NULL, NULL, NULL, 0),
(848, 853, 1, 'Scga', NULL, '7607162014', NULL, 'male', NULL, 0, 1, '13104 Grape Arbor Way', '', 'Poway', 'CA', '92064', NULL, NULL, NULL, NULL, NULL, NULL, NULL, NULL, 0),
(849, 854, 1, 'Scga', NULL, '3105122404', NULL, 'male', NULL, 0, 1, '9244 Ramona St #4', '', 'Bellflower', 'CA', '90706', NULL, NULL, NULL, NULL, NULL, NULL, NULL, NULL, 0),
(850, 855, 1, 'Scga', NULL, '9517976354', NULL, 'male', NULL, 0, 1, '1754 Snowberry Rd', '', 'Beaumont', 'CA', '92223', NULL, NULL, NULL, NULL, NULL, NULL, NULL, NULL, 0),
(851, 856, 1, 'Scga', NULL, '3102447208', NULL, 'male', NULL, 0, 1, '10202 W Washington Bl', '', 'Culver City', 'CA', '90232', NULL, NULL, NULL, NULL, NULL, NULL, NULL, NULL, 0),
(852, 857, 1, 'Scga', NULL, '', NULL, 'male', NULL, 0, 1, '1906 Huntington Lane B', '', 'Redondo Beach', 'CA', '90278', NULL, NULL, NULL, NULL, NULL, NULL, NULL, NULL, 0),
(853, 858, 1, 'Scga', NULL, '', NULL, 'male', NULL, 0, 1, '450 B Street Suite 1500', '', 'San Diego', 'CA', '92101', NULL, NULL, NULL, NULL, NULL, NULL, NULL, NULL, 0),
(854, 859, 1, 'Scga', NULL, '', NULL, 'male', NULL, 0, 1, '16799 So Mountain Rd', '', 'Santa Paula', 'CA', '93060', NULL, NULL, NULL, NULL, NULL, NULL, NULL, NULL, 0),
(855, 860, 1, 'Scga', NULL, '', NULL, 'male', NULL, 0, 1, '11102 Gardenaire Lane', '', 'Garden Grove', 'CA', '92841', NULL, NULL, NULL, NULL, NULL, NULL, NULL, NULL, 0),
(856, 861, 1, 'Scga', NULL, '', NULL, 'male', NULL, 0, 1, '117 N. Main St.', '', 'Placentia', 'CA', '92870', NULL, NULL, NULL, NULL, NULL, NULL, NULL, NULL, 0),
(857, 862, 1, 'Scga', NULL, '', NULL, 'male', NULL, 0, 1, '18032-C Lemon Dr #417', '', 'Yorba Linda', 'CA', '92886', NULL, NULL, NULL, NULL, NULL, NULL, NULL, NULL, 0),
(858, 863, 1, 'Scga', NULL, '9092239713', NULL, 'male', NULL, 0, 1, '1202 Lindengrove Ave', '', 'Rowland Heights', 'CA', '91748', NULL, NULL, NULL, NULL, NULL, NULL, NULL, NULL, 0),
(859, 864, 1, 'Scga', NULL, '7148365061', NULL, 'male', NULL, 0, 1, '939 W 21St Street', '', 'Santa Ana', 'CA', '92706', NULL, NULL, NULL, NULL, NULL, NULL, NULL, NULL, 0),
(860, 865, 1, 'Scga', NULL, '3103717108', NULL, 'male', NULL, 0, 1, '6716 Birchman Dr', '', 'Rancho Palos Verde', 'CA', '90275', NULL, NULL, NULL, NULL, NULL, NULL, NULL, NULL, 0),
(861, 866, 1, 'Scga', NULL, '9099469917', NULL, 'male', NULL, 0, 1, '2188 N Vallejo Way', '', 'Upland', 'CA', '91784', NULL, NULL, NULL, NULL, NULL, NULL, NULL, NULL, 0);
INSERT INTO `gn_club_service` (`club_service_id`, `club_id`, `hp_service_num`, `club_service_name`, `club_service_email`, `club_service_phone`, `club_service_description`, `gender_type_cd`, `club_service_contact`, `is_default`, `is_active`, `address1`, `address2`, `city`, `state`, `zip_code`, `longitude`, `latitude`, `last_amount_due`, `last_bill_date`, `next_bill_date`, `next_bill_number_seq`, `current_amount_due`, `last_payment_date`, `sub_type_count`) VALUES
(862, 867, 1, 'Scga', NULL, '9098616864', NULL, 'male', NULL, 0, 1, '1926 Viento Verano Drive', '', 'Diamond Bar', 'CA', '91765', NULL, NULL, NULL, NULL, NULL, NULL, NULL, NULL, 0),
(863, 868, 1, 'Scga', NULL, '', NULL, 'male', NULL, 0, 1, '19275 Meadowood Cr', '', 'Huntington Beach', 'CA', '92648', NULL, NULL, NULL, NULL, NULL, NULL, NULL, NULL, 0),
(864, 869, 1, 'Scga', NULL, '9513526462', NULL, 'male', NULL, 0, 1, '16471 High Bluff Court', '', 'Riverside', 'CA', '92503', NULL, NULL, NULL, NULL, NULL, NULL, NULL, NULL, 0),
(865, 870, 1, 'Scga', NULL, '8582776667', NULL, 'male', NULL, 0, 1, '2990 Murphy Canyon Rd', '', 'San Diego', 'CA', '92123', NULL, NULL, NULL, NULL, NULL, NULL, NULL, NULL, 0),
(866, 871, 1, 'Scga', NULL, '6194607695', NULL, 'male', NULL, 0, 1, '23513 Mountain Breeze', '', 'Murrieta', 'CA', '92562', NULL, NULL, NULL, NULL, NULL, NULL, NULL, NULL, 0),
(867, 872, 1, 'Scga', NULL, '6194534494', NULL, 'male', NULL, 0, 1, '2928 Denver St', '', 'San Diego', 'CA', '92117', NULL, NULL, NULL, NULL, NULL, NULL, NULL, NULL, 0),
(868, 873, 1, 'Scga', NULL, '', NULL, 'male', NULL, 0, 1, '15 Maynard Ave', '', 'Newbury Park', 'CA', '91320', NULL, NULL, NULL, NULL, NULL, NULL, NULL, NULL, 0),
(869, 874, 1, 'Scga', NULL, '', NULL, 'male', NULL, 0, 1, '850 S Country Club Dr', '', 'Banning', 'CA', '92220', NULL, NULL, NULL, NULL, NULL, NULL, NULL, NULL, 0),
(870, 875, 1, 'Scga', NULL, '2532127276', NULL, 'male', NULL, 0, 1, '76771 Oklahoma Ave', '', 'Palm Desert', 'CA', '92211', NULL, NULL, NULL, NULL, NULL, NULL, NULL, NULL, 0),
(871, 876, 1, 'Scga', NULL, '9518161421', NULL, 'male', NULL, 0, 1, '16428 Los Coyotes Street', '', 'Fontana', 'CA', '92336', NULL, NULL, NULL, NULL, NULL, NULL, NULL, NULL, 0),
(872, 877, 1, 'Scga', NULL, '8189038797', NULL, 'male', NULL, 0, 1, '61385 Living Stone Dr', '', 'La Quinta', 'CA', '92253', NULL, NULL, NULL, NULL, NULL, NULL, NULL, NULL, 0),
(873, 878, 1, 'Scga', NULL, '7604890728', NULL, 'male', NULL, 0, 1, '2896 Mary Lane', '', 'Escondido', 'CA', '92025', NULL, NULL, NULL, NULL, NULL, NULL, NULL, NULL, 0),
(874, 879, 1, 'Scga', NULL, '7609186214', NULL, 'male', NULL, 0, 1, '5545 Fermi Court', '', 'Carlsbad', 'CA', '92008', NULL, NULL, NULL, NULL, NULL, NULL, NULL, NULL, 0),
(875, 880, 1, 'Scga', NULL, '9513772683', NULL, 'male', NULL, 0, 1, '8193 Bon View Dr.', '', 'Riverside', 'CA', '92508', NULL, NULL, NULL, NULL, NULL, NULL, NULL, NULL, 0),
(876, 881, 1, 'Scga', NULL, '', NULL, 'male', NULL, 0, 1, '4381 Smoketree Ave', '', 'Yorba Linda', 'CA', '92886', NULL, NULL, NULL, NULL, NULL, NULL, NULL, NULL, 0),
(877, 882, 1, 'Scga', NULL, '8054845588', NULL, 'male', NULL, 0, 1, '1390 Flynn Rd Unit A', '', 'Camarillo', 'CA', '93012', NULL, NULL, NULL, NULL, NULL, NULL, NULL, NULL, 0),
(878, 883, 1, 'Disband', NULL, '3106343983', NULL, 'male', NULL, 0, 1, '551 N. Clemson Dr., #102', '', 'Anaheim', 'CA', '92801', NULL, NULL, NULL, NULL, NULL, NULL, NULL, NULL, 0),
(879, 884, 1, 'Scga', NULL, '9512770400', NULL, 'male', NULL, 0, 1, '23100 Temescal Cyn Rd', '', 'Corona', 'CA', '92883', NULL, NULL, NULL, NULL, NULL, NULL, NULL, NULL, 0),
(880, 885, 1, 'Scga', NULL, '9097313675', NULL, 'male', NULL, 0, 1, '150 E Deerfield Ct', '', 'Ontario', 'CA', '91761', NULL, NULL, NULL, NULL, NULL, NULL, NULL, NULL, 0),
(881, 886, 1, 'Scga', NULL, '8054800450', NULL, 'male', NULL, 0, 1, '4246 Via Encanto', '', 'Newbury Park', 'CA', '91320', NULL, NULL, NULL, NULL, NULL, NULL, NULL, NULL, 0),
(882, 887, 1, 'Scga', NULL, '', NULL, 'male', NULL, 0, 1, '409 N Pacific Coast Hwy #231', '', 'Redondo Beach', 'CA', '90277', NULL, NULL, NULL, NULL, NULL, NULL, NULL, NULL, 0),
(883, 888, 1, 'Scga', NULL, '9515226382', NULL, 'male', NULL, 0, 1, '3117 Shadow Cyn Circle', '', 'Norco', 'CA', '92860', NULL, NULL, NULL, NULL, NULL, NULL, NULL, NULL, 0),
(884, 889, 1, 'Scga', NULL, '8182094640', NULL, 'male', NULL, 0, 1, '3740 Cahuenga Bl', '', 'North Hollywood', 'CA', '91604', NULL, NULL, NULL, NULL, NULL, NULL, NULL, NULL, 0),
(885, 890, 1, 'Scga', NULL, '8052419555', NULL, 'male', NULL, 0, 1, '889 Calle Tulipan', '', 'Thousand Oaks', 'CA', '91360', NULL, NULL, NULL, NULL, NULL, NULL, NULL, NULL, 0),
(886, 891, 1, 'Scga', NULL, '', NULL, 'male', NULL, 0, 1, 'Po Box 1454', '', 'Orange', 'CA', '92856', NULL, NULL, NULL, NULL, NULL, NULL, NULL, NULL, 0),
(887, 892, 1, 'Scga', NULL, '', NULL, 'male', NULL, 0, 1, '3553 Atlantic Ave #361', '', 'Long Beach', 'CA', '90807', NULL, NULL, NULL, NULL, NULL, NULL, NULL, NULL, 0),
(888, 893, 1, 'Scga', NULL, '', NULL, 'male', NULL, 0, 1, '3740 Cahuenga Bl', '', 'North Hollywood', 'CA', '91604', NULL, NULL, NULL, NULL, NULL, NULL, NULL, NULL, 0),
(889, 894, 1, 'Scga', NULL, '', NULL, 'male', NULL, 0, 1, '2815 E Hamilton', '', 'Orange', 'CA', '92867', NULL, NULL, NULL, NULL, NULL, NULL, NULL, NULL, 0),
(890, 895, 1, 'Scga', NULL, '', NULL, 'male', NULL, 0, 1, '4125 E Alderdale Ave', '', 'Anaheim', 'CA', '92807', NULL, NULL, NULL, NULL, NULL, NULL, NULL, NULL, 0),
(891, 896, 1, 'Scga', NULL, '9495511811', NULL, 'male', NULL, 0, 1, '36 View Point Place', '', 'Laguna Niguel', 'CA', '92677', NULL, NULL, NULL, NULL, NULL, NULL, NULL, NULL, 0),
(892, 897, 1, 'Scga', NULL, '8582313268', NULL, 'male', NULL, 0, 1, '12124 Branicole Lane', '', 'San Diego', 'CA', '92129', NULL, NULL, NULL, NULL, NULL, NULL, NULL, NULL, 0),
(893, 898, 1, 'Scga', NULL, '', NULL, 'male', NULL, 0, 1, '299 S Moorpark Rd', '', 'Thousand Oaks', 'CA', '91361', NULL, NULL, NULL, NULL, NULL, NULL, NULL, NULL, 0),
(894, 899, 1, 'Scga', NULL, '', NULL, 'male', NULL, 0, 1, '2568 El Molino Avenue', '', 'Altadena', 'CA', '91001', NULL, NULL, NULL, NULL, NULL, NULL, NULL, NULL, 0),
(895, 900, 1, 'Scga', NULL, '', NULL, 'male', NULL, 0, 1, '15960 Gilman Sprngs Rd', '', 'Moreno Valley', 'CA', '92555', NULL, NULL, NULL, NULL, NULL, NULL, NULL, NULL, 0),
(896, 901, 1, 'Scga', NULL, '', NULL, 'male', NULL, 0, 1, '1000 West Foothill', '', 'Glendora', 'CA', '91741', NULL, NULL, NULL, NULL, NULL, NULL, NULL, NULL, 0),
(897, 902, 1, 'Scga', NULL, '', NULL, 'male', NULL, 0, 1, '6557 Tokay Road', '', 'Tujunga', 'CA', '91042', NULL, NULL, NULL, NULL, NULL, NULL, NULL, NULL, 0),
(898, 903, 1, 'Scga', NULL, '8055016272', NULL, 'male', NULL, 0, 1, '3407 Hamlin Ave', '', 'Simi Valley', 'CA', '93063', NULL, NULL, NULL, NULL, NULL, NULL, NULL, NULL, 0),
(899, 904, 1, 'Scga', NULL, '', NULL, 'male', NULL, 0, 1, '24130 Cross Street', '', 'Newhall', 'CA', '91321', NULL, NULL, NULL, NULL, NULL, NULL, NULL, NULL, 0),
(900, 905, 1, 'Scga', NULL, '7604087437', NULL, 'male', NULL, 0, 1, 'Po Box 390124', '', 'Anza', 'CA', '92539', NULL, NULL, NULL, NULL, NULL, NULL, NULL, NULL, 0),
(901, 906, 1, 'Scga', NULL, '5624121332', NULL, 'male', NULL, 0, 1, '10528 Acoro St', '', 'Bellflower', 'CA', '90706', NULL, NULL, NULL, NULL, NULL, NULL, NULL, NULL, 0),
(902, 907, 1, 'Scga', NULL, '6612965502', NULL, 'male', NULL, 0, 1, '2219 N Reese Pl', '', 'Burbank', 'CA', '91504', NULL, NULL, NULL, NULL, NULL, NULL, NULL, NULL, 0),
(903, 908, 1, 'Scga', NULL, '3108749569', NULL, 'male', NULL, 0, 1, '441 West 64Th Place', '', 'Inglewood', 'CA', '90302', NULL, NULL, NULL, NULL, NULL, NULL, NULL, NULL, 0),
(904, 909, 1, 'Scga', NULL, '6616455398', NULL, 'male', NULL, 0, 1, '2701 Starfall Drive', '', 'La Cresenta', 'CA', '91214-144', NULL, NULL, NULL, NULL, NULL, NULL, NULL, NULL, 0),
(905, 910, 1, 'Scga', NULL, '8186353935', NULL, 'male', NULL, 0, 1, '2247 North Fairview Street', '', 'Burbank', 'CA', '91504', NULL, NULL, NULL, NULL, NULL, NULL, NULL, NULL, 0),
(906, 911, 1, 'Scga', NULL, '', NULL, 'male', NULL, 0, 1, '17209 S Figueroa St #6', '', 'Gardena', 'CA', '90248', NULL, NULL, NULL, NULL, NULL, NULL, NULL, NULL, 0),
(907, 912, 1, 'Scga', NULL, '', NULL, 'male', NULL, 0, 1, 'Po Box 642922', '', 'Los Angeles', 'CA', '90025', NULL, NULL, NULL, NULL, NULL, NULL, NULL, NULL, 0),
(908, 913, 1, 'Scga', NULL, '4242478605', NULL, 'male', NULL, 0, 1, '3724 Spencer St #219', '', 'Torrance', 'CA', '90503', NULL, NULL, NULL, NULL, NULL, NULL, NULL, NULL, 0),
(909, 914, 1, 'Scga', NULL, '', NULL, 'male', NULL, 0, 1, '9412 Bianca Avenue', '', 'Northridge', 'CA', '91325', NULL, NULL, NULL, NULL, NULL, NULL, NULL, NULL, 0),
(910, 915, 1, 'Scga', NULL, '', NULL, 'male', NULL, 0, 1, '2134 Monteverde Dr.', '', 'Chino Hills', 'CA', '91709', NULL, NULL, NULL, NULL, NULL, NULL, NULL, NULL, 0),
(911, 916, 1, 'Scga', NULL, '', NULL, 'male', NULL, 0, 1, '6032 Paseo La Vista', '', 'Woodland Hills', 'CA', '91367', NULL, NULL, NULL, NULL, NULL, NULL, NULL, NULL, 0),
(912, 917, 1, 'Scga', NULL, '9512797085', NULL, 'male', NULL, 0, 1, '1980 Oakland Hills', '', 'Corona', 'CA', '92882', NULL, NULL, NULL, NULL, NULL, NULL, NULL, NULL, 0),
(913, 918, 1, 'Scga', NULL, '', NULL, 'male', NULL, 0, 1, '24667 Gleneagles Dr.', '', 'Corona', 'CA', '92883', NULL, NULL, NULL, NULL, NULL, NULL, NULL, NULL, 0),
(914, 919, 1, 'Scga', NULL, '', NULL, 'male', NULL, 0, 1, '1752 Penasco Road', '', 'El Cajon', 'CA', '92019', NULL, NULL, NULL, NULL, NULL, NULL, NULL, NULL, 0),
(915, 920, 1, 'Scga', NULL, '', NULL, 'male', NULL, 0, 1, '17419 Port Marnock Dr.', '', 'Poway', 'CA', '92064', NULL, NULL, NULL, NULL, NULL, NULL, NULL, NULL, 0),
(916, 921, 1, 'Scga', NULL, '8184727760', NULL, 'male', NULL, 0, 1, '4205 Goodland Avenue', '', 'Studio City', 'CA', '91604', NULL, NULL, NULL, NULL, NULL, NULL, NULL, NULL, 0),
(917, 922, 1, 'Scga', NULL, '', NULL, 'male', NULL, 0, 1, '1026 West 34Th Street', '', 'Los Angeles', 'CA', '90029', NULL, NULL, NULL, NULL, NULL, NULL, NULL, NULL, 0),
(918, 923, 1, 'Scga', NULL, '', NULL, 'male', NULL, 0, 1, '4591 Warner Ave 302', '', 'Huntington Beach', 'CA', '92649', NULL, NULL, NULL, NULL, NULL, NULL, NULL, NULL, 0),
(919, 924, 1, 'Scga', NULL, '6196635001', NULL, 'male', NULL, 0, 1, '3712 36Th St', '', 'San Diego', 'CA', '92104', NULL, NULL, NULL, NULL, NULL, NULL, NULL, NULL, 0),
(920, 925, 1, 'Scga', NULL, '', NULL, 'male', NULL, 0, 1, '8808 E Somerset', '', 'Paramount', 'CA', '90723', NULL, NULL, NULL, NULL, NULL, NULL, NULL, NULL, 0),
(921, 926, 1, 'Scga', NULL, '', NULL, 'male', NULL, 0, 1, '602 Gardenia Glen', '', 'Escondido', 'CA', '92025', NULL, NULL, NULL, NULL, NULL, NULL, NULL, NULL, 0),
(922, 927, 1, 'Scga', NULL, '', NULL, 'male', NULL, 0, 1, '645 S Santa Fe Street', '', 'Santa Ana', 'CA', '92705', NULL, NULL, NULL, NULL, NULL, NULL, NULL, NULL, 0),
(923, 928, 1, 'Scga', NULL, '', NULL, 'male', NULL, 0, 1, '26316 Spring Creek Circle', '', 'Lake Forest', 'CA', '92630', NULL, NULL, NULL, NULL, NULL, NULL, NULL, NULL, 0),
(924, 929, 1, 'Scga', NULL, '8184265530', NULL, 'male', NULL, 0, 1, '21054 Nashville St', '', 'Chatsworth', 'CA', '91311', NULL, NULL, NULL, NULL, NULL, NULL, NULL, NULL, 0),
(925, 930, 1, 'Scga', NULL, '9512023859', NULL, 'male', NULL, 0, 1, '948 W Congress St', '', 'San Bernardino', 'CA', '92410', NULL, NULL, NULL, NULL, NULL, NULL, NULL, NULL, 0),
(926, 931, 1, 'Scga', NULL, '', NULL, 'male', NULL, 0, 1, '1893 S Eileen Dr', '', 'Anaheim', 'CA', '92802', NULL, NULL, NULL, NULL, NULL, NULL, NULL, NULL, 0),
(927, 932, 1, 'Scga', NULL, '7149621218', NULL, 'male', NULL, 0, 1, '2641 Dubridge Ave', '', 'Irvine', 'CA', '92606', NULL, NULL, NULL, NULL, NULL, NULL, NULL, NULL, 0),
(928, 933, 1, 'Scga', NULL, '3236552068', NULL, 'male', NULL, 0, 1, '741 N Genesee Ave', '', 'Los Angeles', 'CA', '90046', NULL, NULL, NULL, NULL, NULL, NULL, NULL, NULL, 0),
(929, 934, 1, 'Scga', NULL, '5624916822', NULL, 'male', NULL, 0, 1, '2402 E Anaheim Street', '', 'Wilmington', 'CA', '90744', NULL, NULL, NULL, NULL, NULL, NULL, NULL, NULL, 0),
(930, 935, 1, 'Scga', NULL, '', NULL, 'male', NULL, 0, 1, '6853 Whitaker Ave', '', 'Van Nuys', 'CA', '91406', NULL, NULL, NULL, NULL, NULL, NULL, NULL, NULL, 0),
(931, 936, 1, 'Scga', NULL, '8182813805', NULL, 'male', NULL, 0, 1, '1436 Goldrush Drive', '', 'San Dimas', 'CA', '91773', NULL, NULL, NULL, NULL, NULL, NULL, NULL, NULL, 0),
(932, 937, 1, 'Scga', NULL, '', NULL, 'male', NULL, 0, 1, '520 South Orange Grove', '', 'Pasadena', 'CA', '91105', NULL, NULL, NULL, NULL, NULL, NULL, NULL, NULL, 0),
(933, 938, 1, 'Scga', NULL, '6612546630', NULL, 'male', NULL, 0, 1, '26460 Summit Circle', '', 'Santa Clarita', 'CA', '91350', NULL, NULL, NULL, NULL, NULL, NULL, NULL, NULL, 0),
(934, 939, 1, 'Scga', NULL, '', NULL, 'male', NULL, 0, 1, '13400 Quail Summit Road', '', 'Moorpark', 'CA', '93021', NULL, NULL, NULL, NULL, NULL, NULL, NULL, NULL, 0),
(935, 940, 1, 'Scga', NULL, '9494439011', NULL, 'male', NULL, 0, 1, '3871 Balsa Street', '', 'Irvine', 'CA', '92606', NULL, NULL, NULL, NULL, NULL, NULL, NULL, NULL, 0),
(936, 941, 1, 'Scga', NULL, '7148268674', NULL, 'male', NULL, 0, 1, '4321 Calle Mayor', '', 'Torrance', 'CA', '90505', NULL, NULL, NULL, NULL, NULL, NULL, NULL, NULL, 0),
(937, 942, 1, 'Scga', NULL, '', NULL, 'male', NULL, 0, 1, '385 Elmridge Ct', '', 'Riverside', 'CA', '92506', NULL, NULL, NULL, NULL, NULL, NULL, NULL, NULL, 0),
(938, 943, 1, 'Scga', NULL, '8585246505', NULL, 'male', NULL, 0, 1, '11358 Caminito Corriente', '', 'San Diego', 'CA', '92128', NULL, NULL, NULL, NULL, NULL, NULL, NULL, NULL, 0),
(939, 944, 1, 'Scga', NULL, '8184513718', NULL, 'male', NULL, 0, 1, '22235 Wyandotte St', '', 'Canoga Park', 'CA', '91303', NULL, NULL, NULL, NULL, NULL, NULL, NULL, NULL, 0),
(940, 945, 1, 'Scga', NULL, '8586033058', NULL, 'male', NULL, 0, 1, '7575 Acama St', '', 'San Diego', 'CA', '92126', NULL, NULL, NULL, NULL, NULL, NULL, NULL, NULL, 0),
(941, 946, 1, 'Scga', NULL, '', NULL, 'male', NULL, 0, 1, '7617 E Appaloosa Trail', '', 'Orange', 'CA', '92869', NULL, NULL, NULL, NULL, NULL, NULL, NULL, NULL, 0),
(942, 947, 1, 'Scga', NULL, '6269621001', NULL, 'male', NULL, 0, 1, '841 W Merced Av', '', 'West Covina', 'CA', '91790', NULL, NULL, NULL, NULL, NULL, NULL, NULL, NULL, 0),
(943, 948, 1, 'Scga', NULL, '9099960327', NULL, 'male', NULL, 0, 1, '13099 Rimrock Av.', '', 'Chino Hills', 'CA', '91709', NULL, NULL, NULL, NULL, NULL, NULL, NULL, NULL, 0),
(944, 949, 1, 'Scga', NULL, '3108273032', NULL, 'male', NULL, 0, 1, 'Po Box 5803', '', 'Playa Del Rey', 'CA', '90296', NULL, NULL, NULL, NULL, NULL, NULL, NULL, NULL, 0),
(945, 950, 1, 'Scga', NULL, '', NULL, 'male', NULL, 0, 1, '5322 Goldenwood Dr', '', 'Inglewood', 'CA', '90302', NULL, NULL, NULL, NULL, NULL, NULL, NULL, NULL, 0),
(946, 951, 1, 'Scga', NULL, '9095914642', NULL, 'male', NULL, 0, 1, '2525 Riverside Drive', '', 'Ontario', 'CA', '91761', NULL, NULL, NULL, NULL, NULL, NULL, NULL, NULL, 0),
(947, 952, 1, 'Scga', NULL, '', NULL, 'male', NULL, 0, 1, '28413 Seco Canyon Rd #128', '', 'Santa Clarita', 'CA', '91390', NULL, NULL, NULL, NULL, NULL, NULL, NULL, NULL, 0),
(948, 953, 1, 'Scga', NULL, '', NULL, 'male', NULL, 0, 1, '3600 S Grayfileld', '', 'Diamond Bar', 'CA', '91765', NULL, NULL, NULL, NULL, NULL, NULL, NULL, NULL, 0),
(949, 954, 1, 'Scga', NULL, '', NULL, 'male', NULL, 0, 1, '20410 Via Cadiz', '', 'Yorba Linda', 'CA', '92886', NULL, NULL, NULL, NULL, NULL, NULL, NULL, NULL, 0),
(950, 955, 1, 'Scga', NULL, '', NULL, 'male', NULL, 0, 1, '2345 E Kentfield St', '', 'Simi Valley', 'CA', '93065', NULL, NULL, NULL, NULL, NULL, NULL, NULL, NULL, 0),
(951, 956, 1, 'Scga', NULL, '9494630704', NULL, 'male', NULL, 0, 1, '25066 South Port', '', 'Laguna Hills', 'CA', '92653', NULL, NULL, NULL, NULL, NULL, NULL, NULL, NULL, 0),
(952, 957, 1, 'Scga', NULL, '7147427926', NULL, 'male', NULL, 0, 1, '9218 Otter River Circle', '', 'Fountain Valley', 'CA', '92708', NULL, NULL, NULL, NULL, NULL, NULL, NULL, NULL, 0),
(953, 958, 1, 'Scga', NULL, '9514734602', NULL, 'male', NULL, 0, 1, '32001 Railroad Canyon Rd', '', 'Canyon Lake', 'CA', '92587', NULL, NULL, NULL, NULL, NULL, NULL, NULL, NULL, 0),
(954, 959, 1, 'Scga', NULL, '9513178740', NULL, 'male', NULL, 0, 1, '28907 Baywater Dr', '', 'Menifee', 'CA', '92584', NULL, NULL, NULL, NULL, NULL, NULL, NULL, NULL, 0),
(955, 960, 1, 'Scga', NULL, '7603045286', NULL, 'male', NULL, 0, 1, '1441 N Twin Oaks Valley Rd', '', 'San Marcos', 'CA', '92069', NULL, NULL, NULL, NULL, NULL, NULL, NULL, NULL, 0),
(956, 961, 1, 'Scga', NULL, '8182628621', NULL, 'male', NULL, 0, 1, '7802 Paso Robles', '', 'Van Nuys', 'CA', '91406', NULL, NULL, NULL, NULL, NULL, NULL, NULL, NULL, 0),
(957, 962, 1, 'Scga', NULL, '7602000135', NULL, 'male', NULL, 0, 1, '38180 Del Webb Blvd', '', 'Palm Desert', 'CA', '92211', NULL, NULL, NULL, NULL, NULL, NULL, NULL, NULL, 0),
(958, 44, 1, 'Scga', NULL, '6269679640', NULL, 'male', NULL, 0, 1, '2021 Monterey St', '', 'Alhambra', 'CA', '91801', NULL, NULL, NULL, NULL, NULL, NULL, NULL, NULL, 0),
(959, 963, 1, 'Scga', NULL, '5628658044', NULL, 'male', NULL, 0, 1, '12402 Eckleson St', '', 'Cerritos', 'CA', '90703', NULL, NULL, NULL, NULL, NULL, NULL, NULL, NULL, 0),
(960, 964, 1, 'Scga', NULL, '8582202848', NULL, 'male', NULL, 0, 1, '3740 Cahuenga Blvd', '', 'Studio City', 'CA', '91604', NULL, NULL, NULL, NULL, NULL, NULL, NULL, NULL, 0),
(961, 965, 1, 'Scga', NULL, '8187305507', NULL, 'male', NULL, 0, 1, '13562 Valley Vista Blvd', '', 'Sherman Oaks', 'CA', '91423', NULL, NULL, NULL, NULL, NULL, NULL, NULL, NULL, 0),
(962, 966, 1, 'Scga', NULL, '8053317677', NULL, 'male', NULL, 0, 1, '1329 San Julian Place', '', 'Santa Barbara', 'CA', '93109', NULL, NULL, NULL, NULL, NULL, NULL, NULL, NULL, 0),
(963, 967, 1, 'Scga', NULL, '6262214444', NULL, 'male', NULL, 0, 1, '7542 Saint Clair Ave', '', 'North Hollywood', 'CA', '91605', NULL, NULL, NULL, NULL, NULL, NULL, NULL, NULL, 0),
(964, 968, 1, 'Scga', NULL, '9495339122', NULL, 'male', NULL, 0, 1, '3843 S. Bristol Street, #185', '', 'Santa Ana', 'CA', '92704', NULL, NULL, NULL, NULL, NULL, NULL, NULL, NULL, 0),
(965, 969, 1, 'Scga', NULL, '7602122417', NULL, 'male', NULL, 0, 1, '572 Echo Ln', '', 'San Marcos', 'CA', '92078', NULL, NULL, NULL, NULL, NULL, NULL, NULL, NULL, 0),
(966, 970, 1, 'Scga', NULL, '9098542430', NULL, 'male', NULL, 0, 1, '915 Mandevilla Way', '', 'Corona', 'CA', '92879', NULL, NULL, NULL, NULL, NULL, NULL, NULL, NULL, 0),
(967, 971, 1, 'Scga', NULL, '8587560751', NULL, 'male', NULL, 0, 1, 'Po Box 3564', '', 'Rancho Santa Fe', 'CA', '92067', NULL, NULL, NULL, NULL, NULL, NULL, NULL, NULL, 0),
(968, 972, 1, 'Scga', NULL, '7609213437', NULL, 'male', NULL, 0, 1, 'Po Box 803', '', 'Blythe', 'CA', '92226', NULL, NULL, NULL, NULL, NULL, NULL, NULL, NULL, 0),
(969, 973, 1, 'Scga', NULL, '7606171136', NULL, 'male', NULL, 0, 1, '9538 Hesperia Road', '', 'Hesperia', 'CA', '92345', NULL, NULL, NULL, NULL, NULL, NULL, NULL, NULL, 0),
(970, 974, 1, 'Scga', NULL, '3239346050', NULL, 'male', NULL, 0, 1, '301 N Rossmore Ave', '', 'Los Angeles', 'CA', '90004', NULL, NULL, NULL, NULL, NULL, NULL, NULL, NULL, 0),
(971, 975, 1, 'Scga', NULL, '8057332829', NULL, 'male', NULL, 0, 1, '118 North G Street, Suite A', '', 'Lompoc', 'CA', '93436', NULL, NULL, NULL, NULL, NULL, NULL, NULL, NULL, 0),
(972, 976, 1, 'Scga', NULL, '9096356330', NULL, 'male', NULL, 0, 1, '433 S Azusa Ave', '', 'Azusa', 'CA', '91702', NULL, NULL, NULL, NULL, NULL, NULL, NULL, NULL, 0),
(973, 977, 1, 'Scga', NULL, '9495001008', NULL, 'male', NULL, 0, 1, '1 Calle Agua', '', 'San Clemente', 'CA', '92673', NULL, NULL, NULL, NULL, NULL, NULL, NULL, NULL, 0),
(974, 978, 1, 'Scga', NULL, '9095334594', NULL, 'male', NULL, 0, 1, '22537 Grand Terrace Rd', '', 'Grand Terrace', 'CA', '92313', NULL, NULL, NULL, NULL, NULL, NULL, NULL, NULL, 0),
(975, 979, 1, 'Scga', NULL, '3105296496', NULL, 'male', NULL, 0, 1, '126 34Th Street', '', 'Hermosa Beach', 'CA', '90254', NULL, NULL, NULL, NULL, NULL, NULL, NULL, NULL, 0),
(976, 980, 1, 'Scga', NULL, '9518454653', NULL, 'male', NULL, 0, 1, '3333 Concours Street', 'Building 2, Suite 2100', 'Ontario', 'CA', '91764', NULL, NULL, NULL, NULL, NULL, NULL, NULL, NULL, 0),
(977, 981, 1, 'Scga', NULL, '3238988775', NULL, 'male', NULL, 0, 1, '5340 West Blvd', '', 'Los Angeles', 'CA', '90043', NULL, NULL, NULL, NULL, NULL, NULL, NULL, NULL, 0),
(978, 982, 1, 'Scga', NULL, '3234695851', NULL, 'male', NULL, 0, 1, '1166 N Western Ave', '', 'Los Angeles', 'CA', '90029', NULL, NULL, NULL, NULL, NULL, NULL, NULL, NULL, 0),
(979, 983, 1, 'Scga', NULL, '7607103364', NULL, 'male', NULL, 0, 1, '1818 Aston Avenue', '', 'Carlsbad', 'CA', '92008', NULL, NULL, NULL, NULL, NULL, NULL, NULL, NULL, 0),
(980, 984, 1, 'Scga', NULL, '5622214605', NULL, 'male', NULL, 0, 1, '13431 Goldenwest St.', '', 'Westminster', 'CA', '92683', NULL, NULL, NULL, NULL, NULL, NULL, NULL, NULL, 0),
(981, 985, 1, 'Scga', NULL, '8182877683', NULL, 'male', NULL, 0, 1, '2222 Laverna Ave #308', '', 'Los Angeles', 'CA', '90041', NULL, NULL, NULL, NULL, NULL, NULL, NULL, NULL, 0),
(982, 986, 1, 'Scga', NULL, '9519705143', NULL, 'male', NULL, 0, 1, '32285 Safflower St', '', 'Winchester', 'CA', '92596', NULL, NULL, NULL, NULL, NULL, NULL, NULL, NULL, 0),
(983, 987, 1, 'Scga', NULL, '5627559395', NULL, 'male', NULL, 0, 1, '2625 South Peck Avenue', '', 'San Pedro', 'CA', '90731', NULL, NULL, NULL, NULL, NULL, NULL, NULL, NULL, 0),
(984, 988, 1, 'Scga', NULL, '8189803630', NULL, 'male', NULL, 0, 1, 'The Copi Companies Phil Frengs', '2516 Via Tejon, Suite 301', 'Palos Verdes Estat', 'CA', '90274', NULL, NULL, NULL, NULL, NULL, NULL, NULL, NULL, 0),
(985, 989, 1, 'Scga', NULL, '8189803630', NULL, 'male', NULL, 0, 1, 'Riverwalk GC Monica Davis', '1150 Fashion Valley Road', 'San Diego', 'CA', '92108', NULL, NULL, NULL, NULL, NULL, NULL, NULL, NULL, 0),
(986, 990, 1, 'Scga', NULL, '6192274548', NULL, 'male', NULL, 0, 1, '4387 Adams Ave.', '', 'San Diego', 'CA', '92116', NULL, NULL, NULL, NULL, NULL, NULL, NULL, NULL, 0),
(987, 991, 1, 'Scga', NULL, '6613133520', NULL, 'male', NULL, 0, 1, '16320 Mountain Lane', '', 'Canyon Country', 'CA', '91387', NULL, NULL, NULL, NULL, NULL, NULL, NULL, NULL, 0),
(988, 992, 1, 'Scga', NULL, '6193153394', NULL, 'male', NULL, 0, 1, '2380 Pointe Parkway', '', 'Spring Valley', 'CA', '91978', NULL, NULL, NULL, NULL, NULL, NULL, NULL, NULL, 0),
(989, 993, 1, 'Scga', NULL, '3105022474', NULL, 'male', NULL, 0, 1, '2316 Branden', '', 'Los Angeles', 'CA', '90026', NULL, NULL, NULL, NULL, NULL, NULL, NULL, NULL, 0),
(990, 994, 1, 'Scga', NULL, '6613733296', NULL, 'male', NULL, 0, 1, '16251 Valley Ranch Road', '', 'Canyon Country', 'CA', '91387', NULL, NULL, NULL, NULL, NULL, NULL, NULL, NULL, 0),
(991, 995, 1, 'Scga', NULL, '7609460525', NULL, 'male', NULL, 0, 1, '13870 Riverside Drive', '', 'Apple Valley', 'CA', '92307', NULL, NULL, NULL, NULL, NULL, NULL, NULL, NULL, 0),
(992, 996, 1, 'Scga', NULL, '8189239960', NULL, 'male', NULL, 0, 1, '798 King St', '', 'San Gabriel', 'CA', '91776', NULL, NULL, NULL, NULL, NULL, NULL, NULL, NULL, 0),
(993, 997, 1, 'Scga', NULL, '6269621251', NULL, 'male', NULL, 0, 1, '411 Nora Avenue', '', 'West Covina', 'CA', '91790', NULL, NULL, NULL, NULL, NULL, NULL, NULL, NULL, 0),
(994, 998, 1, 'Scga', NULL, '8584517712', NULL, 'male', NULL, 0, 1, '11447 Cypress Terrace Place', '', 'San Diego', 'CA', '92131', NULL, NULL, NULL, NULL, NULL, NULL, NULL, NULL, 0),
(995, 999, 1, 'Scga', NULL, '5622874653', NULL, 'male', NULL, 0, 1, '3634 Vane Ave', '', 'Rosemead', 'CA', '91770', NULL, NULL, NULL, NULL, NULL, NULL, NULL, NULL, 0),
(996, 1000, 1, 'Scga', NULL, '2133611682', NULL, 'male', NULL, 0, 1, '1802 Walgrove Avenue', '', 'Los Angeles', 'CA', '90066', NULL, NULL, NULL, NULL, NULL, NULL, NULL, NULL, 0),
(997, 1001, 1, 'Scga', NULL, '8057051732', NULL, 'male', NULL, 0, 1, '405 Glen Annie Road', '', 'Goleta', 'CA', '93117', NULL, NULL, NULL, NULL, NULL, NULL, NULL, NULL, 0),
(998, 1002, 1, 'Scga', NULL, '7147435206', NULL, 'male', NULL, 0, 1, '12102 Bertha Street', '', 'Cerritos', 'CA', '90703', NULL, NULL, NULL, NULL, NULL, NULL, NULL, NULL, 0),
(999, 1003, 1, 'Scga', NULL, '9494752475', NULL, 'male', NULL, 0, 1, '465 Nyes Place', '', 'Laguna Beach', 'CA', '92651', NULL, NULL, NULL, NULL, NULL, NULL, NULL, NULL, 0),
(1000, 1004, 1, 'Scga', NULL, '8052798613', NULL, 'male', NULL, 0, 1, '2674 Honeysuckle Drive', '', 'Oxnard', 'CA', '93036', NULL, NULL, NULL, NULL, NULL, NULL, NULL, NULL, 0),
(1001, 1005, 1, 'Scga', NULL, '8586881701', NULL, 'male', NULL, 0, 1, '3888 Rockfield Ct.', '', 'Carlsbad', 'CA', '92010', NULL, NULL, NULL, NULL, NULL, NULL, NULL, NULL, 0),
(1002, 1006, 1, 'Scga', NULL, '6194870010', NULL, 'male', NULL, 0, 1, '2400 Admiral Baker Road', 'Bldg 3604', 'San Diego', 'CA', '92120', NULL, NULL, NULL, NULL, NULL, NULL, NULL, NULL, 0),
(1003, 1007, 1, 'Scga', NULL, '9176990647', NULL, 'male', NULL, 0, 1, '1018 N. Jackson St', '', 'Glendale', 'CA', '91207', NULL, NULL, NULL, NULL, NULL, NULL, NULL, NULL, 0),
(1004, 1008, 1, 'Scga', NULL, '7603434845', NULL, 'male', NULL, 0, 1, '73400 Puebla Dr', '', 'Thousand Palms', 'CA', '92276', NULL, NULL, NULL, NULL, NULL, NULL, NULL, NULL, 0),
(1005, 1009, 1, 'Scga', NULL, '3237556290', NULL, 'male', NULL, 0, 1, '1921 W 98Th St', '', 'Los Angeles', 'CA', '90047', NULL, NULL, NULL, NULL, NULL, NULL, NULL, NULL, 0),
(1006, 1010, 1, 'Scga', NULL, '7604693922', NULL, 'male', NULL, 0, 1, '80875 Avenue 40', '', 'Indio', 'CA', '92203', NULL, NULL, NULL, NULL, NULL, NULL, NULL, NULL, 0),
(1007, 1011, 1, 'Scga', NULL, '9097865563', NULL, 'male', NULL, 0, 1, '8388 Avenida Castro', '', 'Rancho Cucamonga', 'CA', '91730', NULL, NULL, NULL, NULL, NULL, NULL, NULL, NULL, 0),
(1008, 1012, 1, 'Scga', NULL, '7608801595', NULL, 'male', NULL, 0, 1, '533 Via Assisi', '', 'Cathedral City', 'CA', '92234', NULL, NULL, NULL, NULL, NULL, NULL, NULL, NULL, 0),
(1009, 1013, 1, 'Scga', NULL, '8582205487', NULL, 'female', NULL, 0, 1, '6960 Appian Dr', '', 'San Diego', 'CA', '92139', NULL, NULL, NULL, NULL, NULL, NULL, NULL, NULL, 0),
(1010, 1014, 1, 'Scga', NULL, '7147019900', NULL, 'male', NULL, 0, 1, '1260 N Hancock #101A', '', 'Anaheim', 'CA', '92807', NULL, NULL, NULL, NULL, NULL, NULL, NULL, NULL, 0),
(1011, 1015, 1, 'Scga', NULL, '3107383190', NULL, 'male', NULL, 0, 1, '9 Wildhorse Lane', '', 'Rolling Hills Esta', 'CA', '90274', NULL, NULL, NULL, NULL, NULL, NULL, NULL, NULL, 0),
(1012, 1016, 1, 'Disbanded', NULL, '9513561407', NULL, 'male', NULL, 0, 1, '19510 Van Buren Blvd F3268', '', 'Riverside', 'CA', '92508', NULL, NULL, NULL, NULL, NULL, NULL, NULL, NULL, 0),
(1013, 1017, 1, 'Scga', NULL, '6616072997', NULL, 'male', NULL, 0, 1, '25808 Olivas Park Rd.', '', 'Valencia', 'CA', '91355', NULL, NULL, NULL, NULL, NULL, NULL, NULL, NULL, 0),
(1014, 1018, 1, 'Scga', NULL, '9095922278', NULL, 'male', NULL, 0, 1, '21334 E Tudor St', '', 'Covina', 'CA', '91724', NULL, NULL, NULL, NULL, NULL, NULL, NULL, NULL, 0),
(1015, 1019, 1, 'Scga', NULL, '5172858691', NULL, 'male', NULL, 0, 1, '3375 Foothill Road #916', '', 'Carpenteria', 'CA', '93013', NULL, NULL, NULL, NULL, NULL, NULL, NULL, NULL, 0),
(1016, 1020, 1, 'Scga', NULL, '7604382912', NULL, 'male', NULL, 0, 1, '6153 Paseo Palero', '', 'Carlsbad', 'CA', '92009', NULL, NULL, NULL, NULL, NULL, NULL, NULL, NULL, 0),
(1017, 1021, 1, 'Scga', NULL, '6199906786', NULL, 'male', NULL, 0, 1, '12147 Corte Vicenza', '', 'San Diego', 'CA', '92128', NULL, NULL, NULL, NULL, NULL, NULL, NULL, NULL, 0),
(1018, 1022, 1, 'Scga', NULL, '6193353001', NULL, 'male', NULL, 0, 1, '6101 Saintsbury Dr Apt. #831', '', 'The Colony', 'TX', '75056', NULL, NULL, NULL, NULL, NULL, NULL, NULL, NULL, 0),
(1019, 1023, 1, 'Scga', NULL, '3106251847', NULL, 'male', NULL, 0, 1, '5717 Eveward Road', '', 'Culver City', 'CA', '90230', NULL, NULL, NULL, NULL, NULL, NULL, NULL, NULL, 0),
(1020, 1024, 1, 'Scga', NULL, '8584149044', NULL, 'male', NULL, 0, 1, '1145 Championship Rd', '', 'Oceanside', 'CA', '92057', NULL, NULL, NULL, NULL, NULL, NULL, NULL, NULL, 0),
(1021, 1025, 1, 'Scga', NULL, '3239971472', NULL, 'male', NULL, 0, 1, '2233 Ben Lomond Dr.', '', 'Los Angeles', 'CA', '90027', NULL, NULL, NULL, NULL, NULL, NULL, NULL, NULL, 0),
(1022, 1026, 1, 'Scga', NULL, '9513266925', NULL, 'male', NULL, 0, 1, '4995 Acuna St', '', 'San Diego', 'CA', '92117', NULL, NULL, NULL, NULL, NULL, NULL, NULL, NULL, 0),
(1023, 1027, 1, 'Scga', NULL, '7142212729', NULL, 'male', NULL, 0, 1, '430 N Gilbert St', '', 'Anaheim', 'CA', '92801', NULL, NULL, NULL, NULL, NULL, NULL, NULL, NULL, 0),
(1024, 1028, 1, 'Scga', NULL, '3104784653', NULL, 'male', NULL, 0, 1, '3211 Pico Blvd', '', 'Santa Monica', 'CA', '90405', NULL, NULL, NULL, NULL, NULL, NULL, NULL, NULL, 0),
(1025, 1029, 1, 'Scga', NULL, '8053770493', NULL, 'male', NULL, 0, 1, '806 Canada St', '', 'Ojai', 'CA', '93023', NULL, NULL, NULL, NULL, NULL, NULL, NULL, NULL, 0),
(1026, 1030, 1, 'Scga', NULL, '7607896823', NULL, 'male', NULL, 0, 1, '1130 D Street, Suite 5', '', 'Ramona', 'CA', '92065', NULL, NULL, NULL, NULL, NULL, NULL, NULL, NULL, 0),
(1027, 46, 1, 'Scga', NULL, '3106644228', NULL, 'male', NULL, 0, 1, '6080 Center Dr, Ste 500', '', 'Los Angeles', 'CA', '90045', NULL, NULL, NULL, NULL, NULL, NULL, NULL, NULL, 0),
(1028, 47, 1, 'Scga', NULL, '9099639624', NULL, 'male', NULL, 0, 1, '7515 Metropolitan Dr, Ste 400', '', 'San Diego', 'CA', '92108', NULL, NULL, NULL, NULL, NULL, NULL, NULL, NULL, 0),
(1029, 1031, 1, 'Scga', NULL, '8583358876', NULL, 'male', NULL, 0, 1, '11922-8 Tivoli Park Row', '', 'San Diego', 'CA', '92128', NULL, NULL, NULL, NULL, NULL, NULL, NULL, NULL, 0),
(1030, 1032, 1, 'Scga', NULL, '8184396602', NULL, 'male', NULL, 0, 1, '3011 Penney Dr', '', 'Simi Valley', 'CA', '93063', NULL, NULL, NULL, NULL, NULL, NULL, NULL, NULL, 0),
(1031, 1033, 1, 'Scga', NULL, '8183843138', NULL, 'male', NULL, 0, 1, '2045 Plummer St', '', 'Chatsworth', 'CA', '91311', NULL, NULL, NULL, NULL, NULL, NULL, NULL, NULL, 0),
(1032, 1034, 1, 'Scga', NULL, '8054747979', NULL, 'male', NULL, 0, 1, '780 Cypress Ridge Pkwy', '', 'Arroyo Grande', 'CA', '93420', NULL, NULL, NULL, NULL, NULL, NULL, NULL, NULL, 0),
(1033, 1035, 1, 'Disband 2016', NULL, '7607993397', NULL, 'male', NULL, 0, 1, '78673 Como Court', '', 'La Quinta', 'CA', '92253', NULL, NULL, NULL, NULL, NULL, NULL, NULL, NULL, 0),
(1034, 1036, 1, 'Scga', NULL, '6197021989', NULL, 'male', NULL, 0, 1, '750 B Street, Suite 3400', '', 'San Diego', 'CA', '92108', NULL, NULL, NULL, NULL, NULL, NULL, NULL, NULL, 0),
(1035, 1037, 1, 'Scga', NULL, '2137928601', NULL, 'male', NULL, 0, 1, '22613 Lamplight Pl', '', 'Valencia', 'CA', '91350', NULL, NULL, NULL, NULL, NULL, NULL, NULL, NULL, 0),
(1036, 49, 1, 'Scga', NULL, '3104464555', NULL, 'female', NULL, 0, 1, '1742 Glendon Ave Unit A', '', 'Los Angeles', 'CA', '90024', NULL, NULL, NULL, NULL, NULL, NULL, NULL, NULL, 0),
(1037, 1038, 1, 'Scga', NULL, '3106285563', NULL, 'male', NULL, 0, 1, '524 W 158Th St', '', 'Gardena', 'CA', '90248', NULL, NULL, NULL, NULL, NULL, NULL, NULL, NULL, 0),
(1038, 1039, 1, 'Scga', NULL, '8582291194', NULL, 'male', NULL, 0, 1, '12727 Isocoma St', '', 'San Diego', 'CA', '92129', NULL, NULL, NULL, NULL, NULL, NULL, NULL, NULL, 0),
(1039, 1040, 1, 'Scga', NULL, '8183593611', NULL, 'male', NULL, 0, 1, '16830 Ventura Blvd, Ste 620', '', 'Encino', 'CA', '91436', NULL, NULL, NULL, NULL, NULL, NULL, NULL, NULL, 0),
(1040, 1041, 1, 'Scga', NULL, '9493501240', NULL, 'male', NULL, 0, 1, '63 Coronado Cay Ln', '', 'Aliso Viejo', 'CA', '92656', NULL, NULL, NULL, NULL, NULL, NULL, NULL, NULL, 0),
(1041, 1042, 1, 'Scga', NULL, '6193019653', NULL, 'male', NULL, 0, 1, '9255 Briercrest Dr', '', 'La Mesa', 'CA', '91942', NULL, NULL, NULL, NULL, NULL, NULL, NULL, NULL, 0),
(1042, 1043, 1, 'Scga', NULL, '3104897784', NULL, 'male', NULL, 0, 1, '24232 Falena Ave', '', 'Torrance', 'CA', '90501', NULL, NULL, NULL, NULL, NULL, NULL, NULL, NULL, 0),
(1043, 1044, 1, 'Scga', NULL, '7148033563', NULL, 'male', NULL, 0, 1, '17716 Castellammare Dr', '', 'Pacific Palisades', 'CA', '90272', NULL, NULL, NULL, NULL, NULL, NULL, NULL, NULL, 0),
(1044, 1045, 1, 'Scga', NULL, '9096778260', NULL, 'male', NULL, 0, 1, '455 W. La Cadena Dr', '', 'Riverside', 'CA', '92501', NULL, NULL, NULL, NULL, NULL, NULL, NULL, NULL, 0),
(1045, 1046, 1, 'Scga', NULL, '8183633743', NULL, 'male', NULL, 0, 1, '10920 Petit Ave', '', 'Granada Hills', 'CA', '91344', NULL, NULL, NULL, NULL, NULL, NULL, NULL, NULL, 0),
(1046, 1047, 1, 'Scga', NULL, '7607310597', NULL, 'male', NULL, 0, 1, '175 Bryce Ln', '', 'Fallbrook', 'CA', '92028', NULL, NULL, NULL, NULL, NULL, NULL, NULL, NULL, 0),
(1047, 1048, 1, 'Scga', NULL, '8185229785', NULL, 'male', NULL, 0, 1, '18209 Sandringham Ct', '', 'Porter Ranch', 'CA', '91326', NULL, NULL, NULL, NULL, NULL, NULL, NULL, NULL, 0),
(1048, 1049, 1, 'Scga', NULL, '4088787794', NULL, 'male', NULL, 0, 1, '20 Pacifica, Suite 700', '', 'Irvine', 'CA', '926183391', NULL, NULL, NULL, NULL, NULL, NULL, NULL, NULL, 0),
(1049, 1050, 1, 'Scga', NULL, '7145457260', NULL, 'male', NULL, 0, 1, '20382 Newport Blvd', '', 'Santa Ana', 'CA', '92707', NULL, NULL, NULL, NULL, NULL, NULL, NULL, NULL, 0),
(1050, 1051, 1, 'Scga', NULL, '6193448728', NULL, 'male', NULL, 0, 1, '145 G Avenue', '', 'Coronado', 'CA', '92118', NULL, NULL, NULL, NULL, NULL, NULL, NULL, NULL, 0),
(1051, 1052, 1, 'Scga', NULL, '9518376873', NULL, 'male', NULL, 0, 1, '38161 Calle Arrebol', '', 'Murrieta', 'CA', '92563', NULL, NULL, NULL, NULL, NULL, NULL, NULL, NULL, 0),
(1052, 1053, 1, 'Scga', NULL, '6267335621', NULL, 'male', NULL, 0, 1, '1721 E Woodgate Dr', '', 'West Covina', 'CA', '91792', NULL, NULL, NULL, NULL, NULL, NULL, NULL, NULL, 0),
(1053, 1054, 1, 'Scga', NULL, '6265238020', NULL, 'male', NULL, 0, 1, 'Po Box 1675', '', 'Duarte', 'CA', '91009', NULL, NULL, NULL, NULL, NULL, NULL, NULL, NULL, 0),
(1054, 1055, 1, 'Scga', NULL, '3237173478', NULL, 'male', NULL, 0, 1, '15718 Rosehaven Ln', '', 'Santa Clarita', 'CA', '91387', NULL, NULL, NULL, NULL, NULL, NULL, NULL, NULL, 0),
(1055, 1056, 1, 'Scga', NULL, '8182667714', NULL, 'male', NULL, 0, 1, '19305 S. Hallmark', '', 'Cerritos', 'CA', '90703', NULL, NULL, NULL, NULL, NULL, NULL, NULL, NULL, 0),
(1056, 1057, 1, 'Scga', NULL, '9098214439', NULL, 'male', NULL, 0, 1, '26025 Newport Road #A-308', '', 'Menifee', 'CA', '92584', NULL, NULL, NULL, NULL, NULL, NULL, NULL, NULL, 0),
(1057, 1058, 1, 'Scga', NULL, '9513683855', NULL, 'male', NULL, 0, 1, '1150 N Kirby St #158', '', 'Hemet', 'CA', '92545', NULL, NULL, NULL, NULL, NULL, NULL, NULL, NULL, 0),
(1058, 1059, 1, 'Scga', NULL, '9515671731', NULL, 'female', NULL, 0, 1, '2681 Dexter Drive', '', 'Riverside', 'CA', '92501', NULL, NULL, NULL, NULL, NULL, NULL, NULL, NULL, 0),
(1059, 1060, 1, 'Scga', NULL, '9097724739', NULL, 'male', NULL, 0, 1, '763 Summerwood Ave', '', 'Diamond Bar', 'CA', '91789', NULL, NULL, NULL, NULL, NULL, NULL, NULL, NULL, 0),
(1060, 1061, 1, 'Scga', NULL, '3104659471', NULL, 'male', NULL, 0, 1, '703 Pier Ave. #342', '', 'Hermosa Beach', 'CA', '90254', NULL, NULL, NULL, NULL, NULL, NULL, NULL, NULL, 0),
(1061, 1062, 1, 'Disband', NULL, '5627084711', NULL, 'male', NULL, 0, 1, '901 Sixth Street  Unit # 357', '', 'Hacienda Heights', 'CA', '91754', NULL, NULL, NULL, NULL, NULL, NULL, NULL, NULL, 0),
(1062, 1063, 1, 'Scga', NULL, '9512363839', NULL, 'male', NULL, 0, 1, '1626 Sweetwater Rd. #G278', '', 'National City', 'CA', '91950', NULL, NULL, NULL, NULL, NULL, NULL, NULL, NULL, 0),
(1063, 1064, 1, 'Scga', NULL, '8184068363', NULL, 'male', NULL, 0, 1, '16357 Calahan St.', '', 'North Hills', 'CA', '91343', NULL, NULL, NULL, NULL, NULL, NULL, NULL, NULL, 0),
(1064, 1065, 1, 'Scga', NULL, '7607214700', NULL, 'male', NULL, 0, 1, '660 S El Camino Real', '', 'Oceanside', 'CA', '92057', NULL, NULL, NULL, NULL, NULL, NULL, NULL, NULL, 0),
(1065, 1066, 1, 'Scga', NULL, '8189803630', NULL, 'male', NULL, 0, 1, '3740 Caheunga Blvd', '', 'Studio City', 'CA', '91604', NULL, NULL, NULL, NULL, NULL, NULL, NULL, NULL, 0),
(1066, 1067, 1, 'Scga', NULL, '8189803630', NULL, 'male', NULL, 0, 1, '3740 Caheunga Blvd.', '', 'Studio City', 'CA', '91604', NULL, NULL, NULL, NULL, NULL, NULL, NULL, NULL, 0),
(1067, 1068, 1, 'Scga', NULL, '8189803630', NULL, 'male', NULL, 0, 1, '3740 Caheunga Blvd.', '', 'Studio City', 'CA', '91604', NULL, NULL, NULL, NULL, NULL, NULL, NULL, NULL, 0),
(1068, 1069, 1, 'Scga', NULL, '8189803630', NULL, 'male', NULL, 0, 1, '3740 Caheunga Blvd', '', 'Studio City', 'CA', '91604', NULL, NULL, NULL, NULL, NULL, NULL, NULL, NULL, 0),
(1069, 1070, 1, 'Disband', NULL, '9495332983', NULL, 'male', NULL, 0, 1, '9 Crystalaire', '', 'Rancho Sta Margari', 'CA', '92688', NULL, NULL, NULL, NULL, NULL, NULL, NULL, NULL, 0),
(1070, 1071, 1, 'Scga', NULL, '7609412017', NULL, 'male', NULL, 0, 1, '5028 Nighthawk Way', '', 'Oceanside', 'CA', '92056', NULL, NULL, NULL, NULL, NULL, NULL, NULL, NULL, 0),
(1071, 1072, 1, 'Scga', NULL, '8056501534', NULL, 'male', NULL, 0, 1, '1891 Goodyear Ave #611', '', 'Ventura', 'CA', '93003', NULL, NULL, NULL, NULL, NULL, NULL, NULL, NULL, 0),
(1072, 1073, 1, 'Disband', NULL, '7603052234', NULL, 'male', NULL, 0, 1, '3271 Sitio Tortuga', '', 'Carlsbad', 'CA', '92009', NULL, NULL, NULL, NULL, NULL, NULL, NULL, NULL, 0),
(1073, 50, 1, 'Scga', NULL, '6196605539', NULL, 'male', NULL, 0, 1, '2984 Stevenson Ranch Court', '', 'Chula Vista', 'CA', '91914', NULL, NULL, NULL, NULL, NULL, NULL, NULL, NULL, 0),
(1074, 1074, 1, 'Scga', NULL, '7143284595', NULL, 'male', NULL, 0, 1, '19812 Grace Haven Way', '', 'Yorba Linda', 'CA', '92886', NULL, NULL, NULL, NULL, NULL, NULL, NULL, NULL, 0),
(1075, 1075, 1, 'Scga', NULL, '9098353065', NULL, 'male', NULL, 0, 1, '1130 Mountain View Lane', '', 'Colton', 'CA', '92324', NULL, NULL, NULL, NULL, NULL, NULL, NULL, NULL, 0),
(1076, 1076, 1, 'Scga', NULL, '7149048398', NULL, 'male', NULL, 0, 1, '21532 Newland St.', '', 'Huntington Beach', 'CA', '92646', NULL, NULL, NULL, NULL, NULL, NULL, NULL, NULL, 0),
(1077, 1077, 1, 'Scga', NULL, '9518587179', NULL, 'male', NULL, 0, 1, '7822 Windsor Ave', '', 'Hesperia', 'CA', '92345', NULL, NULL, NULL, NULL, NULL, NULL, NULL, NULL, 0),
(1078, 1078, 1, 'Scga', NULL, '7607449385', NULL, 'male', NULL, 0, 1, 'Frank Iannuzzi', '1750 San Pablo Drive', 'Lake San Marcos', 'CA', '92078', NULL, NULL, NULL, NULL, NULL, NULL, NULL, NULL, 0),
(1079, 1079, 1, 'Disband Dec2016', NULL, '7149252929', NULL, 'male', NULL, 0, 1, '6051 Dauphin Street', '', 'Los Angeles', 'CA', '90034', NULL, NULL, NULL, NULL, NULL, NULL, NULL, NULL, 0),
(1080, 1080, 1, 'Scga', NULL, '7145424653', NULL, 'male', NULL, 0, 1, '1224 Village Way Suite D', '', 'Santa Ana', 'CA', '92705', NULL, NULL, NULL, NULL, NULL, NULL, NULL, NULL, 0),
(1081, 1081, 1, 'Scga', NULL, '7145591004', NULL, 'male', NULL, 0, 1, '1938 E. 5Th Street', '', 'Ontario', 'CA', '91764', NULL, NULL, NULL, NULL, NULL, NULL, NULL, NULL, 0),
(1082, 1082, 1, 'Scga', NULL, '8182708802', NULL, 'male', NULL, 0, 1, '1809 N Santa Anita Ave', '', 'Arcadia', 'CA', '91006', NULL, NULL, NULL, NULL, NULL, NULL, NULL, NULL, 0),
(1083, 1083, 1, 'Scga', NULL, '9496970580', NULL, 'male', NULL, 0, 1, '28372 El Sur', '', 'Laguna Niguel', 'CA', '92677', NULL, NULL, NULL, NULL, NULL, NULL, NULL, NULL, 0),
(1084, 1084, 1, 'Scga', NULL, '7606049430', NULL, 'male', NULL, 0, 1, '1948 Kellogg Ave', '', 'Carlsbad', 'CA', '92008', NULL, NULL, NULL, NULL, NULL, NULL, NULL, NULL, 0),
(1085, 1085, 1, 'Scga', NULL, '7606049430', NULL, 'male', NULL, 0, 1, '1948 Kellogg Ave', '', 'Carlsbad', 'CA', '92008', NULL, NULL, NULL, NULL, NULL, NULL, NULL, NULL, 0),
(1086, 1086, 1, 'Scga', NULL, '7606049430', NULL, 'male', NULL, 0, 1, '1948 Kellogg Ave', '', 'Carlsbad', 'CA', '92008', NULL, NULL, NULL, NULL, NULL, NULL, NULL, NULL, 0),
(1087, 1087, 1, 'Scga', NULL, '7606049430', NULL, 'male', NULL, 0, 1, '1948 Kellogg Ave', '', 'Carlsbad', 'CA', '92008', NULL, NULL, NULL, NULL, NULL, NULL, NULL, NULL, 0),
(1088, 1088, 1, 'Scga', NULL, '8055424696', NULL, 'male', NULL, 0, 1, '50 Higuera St.', '', 'San Luis Obispo', 'CA', '93401', NULL, NULL, NULL, NULL, NULL, NULL, NULL, NULL, 0),
(1089, 1089, 1, 'Scga', NULL, '6263749411', NULL, 'male', NULL, 0, 1, '18946 Vickie Ave Apt 205', '', 'Cerritos', 'CA', '90703', NULL, NULL, NULL, NULL, NULL, NULL, NULL, NULL, 0),
(1090, 1090, 1, 'Scga', NULL, '6896899945', NULL, 'male', NULL, 0, 1, '25531 Jacaranda Court', '', 'Mission Viejo', 'CA', '92691', NULL, NULL, NULL, NULL, NULL, NULL, NULL, NULL, 0),
(1091, 1091, 1, 'Scga', NULL, '7602085686', NULL, 'male', NULL, 0, 1, '3975 Alta Vista Drive', '', 'Fallbrook', 'CA', '92028', NULL, NULL, NULL, NULL, NULL, NULL, NULL, NULL, 0),
(1092, 1092, 1, 'Scga', NULL, '3102046167', NULL, 'male', NULL, 0, 1, '11260 Overland Ave #17A', '', 'Culver City', 'CA', '90230', NULL, NULL, NULL, NULL, NULL, NULL, NULL, NULL, 0),
(1093, 1093, 1, 'Scga', NULL, '7607358183', NULL, 'male', NULL, 0, 1, '539 Shadywood Drive', '', 'Escondido', 'CA', '92026', NULL, NULL, NULL, NULL, NULL, NULL, NULL, NULL, 0),
(1094, 1094, 1, 'Scga', NULL, '8882165252', NULL, 'male', NULL, 0, 1, '1421 S Village Way', '', 'Santa Ana', 'CA', '92705', NULL, NULL, NULL, NULL, NULL, NULL, NULL, NULL, 0),
(1095, 1095, 1, 'Scga', NULL, '8882165252', NULL, 'male', NULL, 0, 1, '1421 S Village Way', '', 'Santa Ana', 'CA', '92705', NULL, NULL, NULL, NULL, NULL, NULL, NULL, NULL, 0),
(1096, 1096, 1, 'Scga', NULL, '8882165252', NULL, 'male', NULL, 0, 1, '1421 S Village Way', '', 'Santa Ana', 'CA', '92705', NULL, NULL, NULL, NULL, NULL, NULL, NULL, NULL, 0),
(1097, 1097, 1, 'Disbanded', NULL, '8882165252', NULL, 'male', NULL, 0, 1, '1421 S Village Way', '', 'Santa Ana', 'CA', '92705', NULL, NULL, NULL, NULL, NULL, NULL, NULL, NULL, 0),
(1098, 1098, 1, 'Scga', NULL, '7148037970', NULL, 'male', NULL, 0, 1, '1250 S. Sunset Crest', '', 'Anaheim', 'CA', '92808', NULL, NULL, NULL, NULL, NULL, NULL, NULL, NULL, 0),
(1099, 1099, 1, 'Scga', NULL, '7148837857', NULL, 'male', NULL, 0, 1, '4255 Avenida Sevilla', '', 'Cypress', 'CA', '90630', NULL, NULL, NULL, NULL, NULL, NULL, NULL, NULL, 0),
(1100, 1100, 1, 'Scga', NULL, '9735809047', NULL, 'male', NULL, 0, 1, '2609 W. Hellman Ave', '', 'Alhambra', 'CA', '91803', NULL, NULL, NULL, NULL, NULL, NULL, NULL, NULL, 0),
(1101, 1101, 1, 'Scga', NULL, '6192061343', NULL, 'male', NULL, 0, 1, '4630 Ohio St. #3', '', 'San Diego', 'CA', '92116', NULL, NULL, NULL, NULL, NULL, NULL, NULL, NULL, 0),
(1102, 1102, 1, 'Disband', NULL, '2135056636', NULL, 'male', NULL, 0, 1, '1941 W Commonwealth Ave #B', '', 'Fullerton', 'CA', '92841', NULL, NULL, NULL, NULL, NULL, NULL, NULL, NULL, 0),
(1103, 1103, 1, 'Scga', NULL, '2135056636', NULL, 'male', NULL, 0, 1, '1941 W Commonwealth Ave, # B', '', 'Fullerton', 'CA', '92833', NULL, NULL, NULL, NULL, NULL, NULL, NULL, NULL, 0),
(1104, 1104, 1, 'Scga', NULL, '8054447558', NULL, 'male', NULL, 0, 1, '901 Sterling Hills Drive', '', 'Camarillo', 'CA', '93010', NULL, NULL, NULL, NULL, NULL, NULL, NULL, NULL, 0),
(1105, 1105, 1, 'Scga', NULL, '4087722333', NULL, 'male', NULL, 0, 1, '1771 La Plaza Drive', '', 'San Marcos', 'CA', '92078', NULL, NULL, NULL, NULL, NULL, NULL, NULL, NULL, 0),
(1106, 1106, 1, 'Scga', NULL, '7602744817', NULL, 'male', NULL, 0, 1, '2727 Camino Del Rio S.', 'Suite 127', 'San Diego', 'CA', '92108', NULL, NULL, NULL, NULL, NULL, NULL, NULL, NULL, 0),
(1107, 1107, 1, 'Scga', NULL, '8189803630', NULL, 'male', NULL, 0, 1, '3740 Cahuenga Blvd', '', 'Studio City', 'CA', '91604', NULL, NULL, NULL, NULL, NULL, NULL, NULL, NULL, 0),
(1108, 1108, 1, 'Scga', NULL, '8189803630', NULL, 'male', NULL, 0, 1, '3740 Cahuenga Blvd.', '', 'Studio City', 'CA', '91604', NULL, NULL, NULL, NULL, NULL, NULL, NULL, NULL, 0),
(1109, 1109, 1, 'Scga', NULL, '8189803630', NULL, 'male', NULL, 0, 1, '3740 Cahuenga Blvd.', '', 'Studio City', 'CA', '91604', NULL, NULL, NULL, NULL, NULL, NULL, NULL, NULL, 0),
(1110, 1110, 1, 'Scga', NULL, '8189803630', NULL, 'male', NULL, 0, 1, '3740 Cahuenga Blvd.', '', 'Studio City', 'CA', '91604', NULL, NULL, NULL, NULL, NULL, NULL, NULL, NULL, 0),
(1111, 1111, 1, 'Scga', NULL, '8189803630', NULL, 'male', NULL, 0, 1, '3740 Cahuenga Blvd.', '', 'Studio City', 'CA', '91604', NULL, NULL, NULL, NULL, NULL, NULL, NULL, NULL, 0),
(1112, 1112, 1, 'Disband', NULL, '9178062728', NULL, 'male', NULL, 0, 1, '1060 West Cielo Drive', '', 'Palm Springs', 'CA', '92262', NULL, NULL, NULL, NULL, NULL, NULL, NULL, NULL, 0),
(1113, 1113, 1, 'Scga', NULL, '6265366520', NULL, 'male', NULL, 0, 1, '5545 Veronese Dr', '', 'Chino Hills', 'CA', '91709', NULL, NULL, NULL, NULL, NULL, NULL, NULL, NULL, 0),
(1114, 1114, 1, 'Scga', NULL, '5627157856', NULL, 'male', NULL, 0, 1, '3129 S. Hacienda Blvd. #622', '', 'Hacienda Heights', 'CA', '91745', NULL, NULL, NULL, NULL, NULL, NULL, NULL, NULL, 0),
(1115, 1115, 1, 'Scga', NULL, '5089919576', NULL, 'male', NULL, 0, 1, '2065 1/2 Ivar Ave', '', 'Los Angeles', 'CA', '90068', NULL, NULL, NULL, NULL, NULL, NULL, NULL, NULL, 0),
(1116, 1116, 1, 'Scga', NULL, '6267057806', NULL, 'male', NULL, 0, 1, '10 Oakmont Drive', '', 'Rancho Mirage', 'CA', '92270', NULL, NULL, NULL, NULL, NULL, NULL, NULL, NULL, 0),
(1117, 1117, 1, 'Scga', NULL, '7143970484', NULL, 'male', NULL, 0, 1, '10128 Albee Ave.', '', 'Tustin', 'CA', '92782', NULL, NULL, NULL, NULL, NULL, NULL, NULL, NULL, 0),
(1118, 1118, 1, 'Scga', NULL, '7143128318', NULL, 'male', NULL, 0, 1, '10840 Warner Ave.', 'Suite 208', 'Fountain Valley', 'CA', '92708', NULL, NULL, NULL, NULL, NULL, NULL, NULL, NULL, 0),
(1119, 1119, 1, 'Disband 12/16', NULL, '3236101258', NULL, 'female', NULL, 0, 1, '7295 Quill Drive', '', 'Downey', 'CA', '90242', NULL, NULL, NULL, NULL, NULL, NULL, NULL, NULL, 0),
(1120, 1120, 1, 'Scga', NULL, '8185053190', NULL, 'male', NULL, 0, 1, '6255 Beck Ave. Apt.112', '', 'North Hollywood', 'CA', '91606', NULL, NULL, NULL, NULL, NULL, NULL, NULL, NULL, 0),
(1121, 1121, 1, 'Scga', NULL, '8182812627', NULL, 'male', NULL, 0, 1, '1107 S. Fair Oaks Ave. #830', '', 'South Pasadena', 'CA', '91030', NULL, NULL, NULL, NULL, NULL, NULL, NULL, NULL, 0),
(1122, 1122, 1, 'Scga', NULL, '3108790953', NULL, 'male', NULL, 0, 1, '12100 Wilshire Blvd. Suite M50', '', 'Los Angeles', 'CA', '90025', NULL, NULL, NULL, NULL, NULL, NULL, NULL, NULL, 0),
(1123, 1123, 1, 'Scga', NULL, '3108790953', NULL, 'male', NULL, 0, 1, '12100 Wilshire Blvd', '', 'Los Angeles', 'CA', '90025', NULL, NULL, NULL, NULL, NULL, NULL, NULL, NULL, 0),
(1124, 1124, 1, 'Scga', NULL, '8054052163', NULL, 'male', NULL, 0, 1, '100 E Thousand Oaks Blvd #257', '', 'Thousand Oaks', 'CA', '93004', NULL, NULL, NULL, NULL, NULL, NULL, NULL, NULL, 0),
(1125, 1125, 1, 'Scga', NULL, '6264587089', NULL, 'male', NULL, 0, 1, '900 South Fremont Avenue', '', 'Alhambra', 'CA', '91803', NULL, NULL, NULL, NULL, NULL, NULL, NULL, NULL, 0),
(1126, 1126, 1, 'Scga', NULL, '8055010173', NULL, 'male', NULL, 0, 1, '6704 Cowboy St.', '', 'Simi Valley', 'CA', '93063', NULL, NULL, NULL, NULL, NULL, NULL, NULL, NULL, 0),
(1127, 1127, 1, 'Scga', NULL, '9495359422', NULL, 'male', NULL, 0, 1, '1 City Blvd West Suite 200', '', 'Orange', 'CA', '92868', NULL, NULL, NULL, NULL, NULL, NULL, NULL, NULL, 0),
(1128, 1128, 1, 'Scga', NULL, '3109936323', NULL, 'male', NULL, 0, 1, '2240 S. Sepulveda Blvd.', '', 'Los Angeles', 'CA', '90034', NULL, NULL, NULL, NULL, NULL, NULL, NULL, NULL, 0),
(1129, 1129, 1, 'Scga', NULL, '7607037082', NULL, 'male', NULL, 0, 1, '10912 Caminito Alvarez', '', 'San Diego', 'CA', '92126', NULL, NULL, NULL, NULL, NULL, NULL, NULL, NULL, 0),
(1130, 1130, 1, 'Scga', NULL, '3105041064', NULL, 'male', NULL, 0, 1, '1600 Rosecrans Ave', 'Building 7, Suite 100', 'Manhattan Beach', 'CA', '90266', NULL, NULL, NULL, NULL, NULL, NULL, NULL, NULL, 0),
(1131, 1131, 1, 'Scga', NULL, '7149750083', NULL, 'male', NULL, 0, 1, '11571 Stanford Ave', '', 'Garden Grove', 'CA', '92840', NULL, NULL, NULL, NULL, NULL, NULL, NULL, NULL, 0),
(1132, 1132, 1, 'Scga', NULL, '8029995599', NULL, 'male', NULL, 0, 1, '45420 Deerbrook Cir', '', 'La Quinta', 'CA', '92253', NULL, NULL, NULL, NULL, NULL, NULL, NULL, NULL, 0),
(1133, 1133, 1, 'Scga', NULL, '9495667965', NULL, 'male', NULL, 0, 1, '7 Barbados Dr', '', 'Aliso Viejo', 'CA', '92656', NULL, NULL, NULL, NULL, NULL, NULL, NULL, NULL, 0),
(1134, 1134, 1, 'Scga', NULL, '8475717727', NULL, 'male', NULL, 0, 1, '110 Westwood Plaza', '', 'Los Angeles', 'CA', '90024', NULL, NULL, NULL, NULL, NULL, NULL, NULL, NULL, 0),
(1135, 1135, 1, 'Scga', NULL, '3102178929', NULL, 'male', NULL, 0, 1, '209 Freeden St', '', 'Carson', 'CA', '90746', NULL, NULL, NULL, NULL, NULL, NULL, NULL, NULL, 0),
(1136, 1136, 1, 'Scga', NULL, '8052589583', NULL, 'male', NULL, 0, 1, '157 S. Crimea St.', '', 'Ventura', 'CA', '93001', NULL, NULL, NULL, NULL, NULL, NULL, NULL, NULL, 0),
(1137, 1137, 1, 'Scga', NULL, '8052520797', NULL, 'male', NULL, 0, 1, '988 Miramonte #1', '', 'Santa Barbara', 'CA', '93109', NULL, NULL, NULL, NULL, NULL, NULL, NULL, NULL, 0),
(1138, 1138, 1, 'Scga', NULL, '6306213238', NULL, 'male', NULL, 0, 1, '1324 Desierto Rico Ave.', '', 'El Paso', 'TX', '79912', NULL, NULL, NULL, NULL, NULL, NULL, NULL, NULL, 0),
(1139, 1139, 1, 'Scga', NULL, '2817020954', NULL, 'male', NULL, 0, 1, '31010 Shaba Cir', '', 'Temecula', 'CA', '92592', NULL, NULL, NULL, NULL, NULL, NULL, NULL, NULL, 0),
(1140, 1140, 1, 'Scga', NULL, '9515152309', NULL, 'male', NULL, 0, 1, '1125 S. Merrill Street', '', 'Corona', 'CA', '92882', NULL, NULL, NULL, NULL, NULL, NULL, NULL, NULL, 0),
(1141, 1141, 1, 'Scga', NULL, '8183899866', NULL, 'male', NULL, 0, 1, '15024 Mayall Street', '', 'Mission Hills', 'CA', '91345', NULL, NULL, NULL, NULL, NULL, NULL, NULL, NULL, 0),
(1142, 1142, 1, 'Scga', NULL, '9497350289', NULL, 'male', NULL, 0, 1, '22152 Summit Hill Dr.', '', 'Lake Forest', 'CA', '92630', NULL, NULL, NULL, NULL, NULL, NULL, NULL, NULL, 0),
(1143, 1143, 1, 'Scga', NULL, '9493851289', NULL, 'male', NULL, 0, 1, '2525 N. Bourbon St. Unit D2', '', 'Orange', 'CA', '92865', NULL, NULL, NULL, NULL, NULL, NULL, NULL, NULL, 0),
(1144, 1144, 1, 'Scga', NULL, '9499811689', NULL, 'male', NULL, 0, 1, '42 Ascension', '', 'Irvine', 'CA', '92612', NULL, NULL, NULL, NULL, NULL, NULL, NULL, NULL, 0),
(1145, 1145, 1, 'Scga', NULL, '8587612980', NULL, 'male', NULL, 0, 1, 'P.O. Box 973', '', 'Solana Beach', 'CA', '92075', NULL, NULL, NULL, NULL, NULL, NULL, NULL, NULL, 0);
INSERT INTO `gn_club_service` (`club_service_id`, `club_id`, `hp_service_num`, `club_service_name`, `club_service_email`, `club_service_phone`, `club_service_description`, `gender_type_cd`, `club_service_contact`, `is_default`, `is_active`, `address1`, `address2`, `city`, `state`, `zip_code`, `longitude`, `latitude`, `last_amount_due`, `last_bill_date`, `next_bill_date`, `next_bill_number_seq`, `current_amount_due`, `last_payment_date`, `sub_type_count`) VALUES
(1146, 1146, 1, 'Scga', NULL, '6268997600', NULL, 'male', NULL, 0, 1, '19905 Esquiline Ave', '', 'Walnut', 'CA', '91789', NULL, NULL, NULL, NULL, NULL, NULL, NULL, NULL, 0),
(1147, 1147, 1, 'Scga', NULL, '7606171136', NULL, 'male', NULL, 0, 1, '10610 Bridge Haven Road', '', 'Apple Valley', 'CA', '92308', NULL, NULL, NULL, NULL, NULL, NULL, NULL, NULL, 0),
(1148, 1148, 1, 'Scga', NULL, '6619933204', NULL, 'male', NULL, 0, 1, '1570 Hastings Ranch Drive', '', 'Pasadena', 'CA', '91107', NULL, NULL, NULL, NULL, NULL, NULL, NULL, NULL, 0),
(1149, 1149, 1, 'Scga', NULL, '9099204080', NULL, 'male', NULL, 0, 1, '1546 N. Mulberry Ave', '', 'Upland', 'CA', '91786', NULL, NULL, NULL, NULL, NULL, NULL, NULL, NULL, 0),
(1150, 1150, 1, 'Scga', NULL, '3108636729', NULL, 'male', NULL, 0, 1, '1323 Date Ave.', '', 'Torrance', 'CA', '90503', NULL, NULL, NULL, NULL, NULL, NULL, NULL, NULL, 0),
(1151, 1151, 1, 'Scga', NULL, '9098279850', NULL, 'male', NULL, 0, 1, '40958 Cypress Point Drive', '', 'Cherry Valley', 'CA', '92223', NULL, NULL, NULL, NULL, NULL, NULL, NULL, NULL, 0),
(1152, 1152, 1, 'Scga', NULL, '6263782418', NULL, 'male', NULL, 0, 1, '501 S. San Gabriel Blvd. #201', '', 'San Gabriel', 'CA', '91776', NULL, NULL, NULL, NULL, NULL, NULL, NULL, NULL, 0),
(1153, 1153, 1, 'Scga', NULL, '7604381772', NULL, 'male', NULL, 0, 1, '5200 El Camino Real', '', 'Carlsbad', 'CA', '92010', NULL, NULL, NULL, NULL, NULL, NULL, NULL, NULL, 0),
(1154, 1154, 1, 'Scga', NULL, '9497958948', NULL, 'male', NULL, 0, 1, 'Po Box 3314', '', 'Newport Beach', 'CA', '92659', NULL, NULL, NULL, NULL, NULL, NULL, NULL, NULL, 0),
(1155, 1155, 1, 'Scga', NULL, '7145801977', NULL, 'male', NULL, 0, 1, '5000 East Spring St', '', 'Long Beach', 'CA', '90815', NULL, NULL, NULL, NULL, NULL, NULL, NULL, NULL, 0),
(1156, 1156, 1, 'Scga', NULL, '9494849256', NULL, 'male', NULL, 0, 1, '2 St Giles Court', '', 'Ladera Ranch', 'CA', '92694', NULL, NULL, NULL, NULL, NULL, NULL, NULL, NULL, 0),
(1157, 1157, 1, 'Scga', NULL, '3102138745', NULL, 'male', NULL, 0, 1, '503 Luminous', '', 'Irvine', 'CA', '92603', NULL, NULL, NULL, NULL, NULL, NULL, NULL, NULL, 0),
(1158, 1158, 1, 'Scga', NULL, '8053909910', NULL, 'male', NULL, 0, 1, '1435 Moreno Dr', '', 'Simi Valley', 'CA', '93063', NULL, NULL, NULL, NULL, NULL, NULL, NULL, NULL, 0),
(1159, 1159, 1, 'Scga', NULL, '5037806836', NULL, 'male', NULL, 0, 1, '4835 Gardenia St', '', 'Oceanside', 'CA', '92057', NULL, NULL, NULL, NULL, NULL, NULL, NULL, NULL, 0),
(1160, 51, 1, 'Scga', NULL, '', NULL, 'male', NULL, 0, 1, '2605 Sepulveda Blvd #106', '', 'Torrance', 'CA', '90505', NULL, NULL, NULL, NULL, NULL, NULL, NULL, NULL, 0),
(1161, 52, 1, 'Scga', NULL, '6267918350', NULL, 'male', NULL, 0, 1, '955 E Mendocino St', '', 'Altadena', 'CA', '91001', NULL, NULL, NULL, NULL, NULL, NULL, NULL, NULL, 0),
(1162, 1160, 1, 'Scga', NULL, '7148420130', NULL, 'male', NULL, 0, 1, '16571 Irby Lane', '', 'Huntington Beach', 'CA', '92647', NULL, NULL, NULL, NULL, NULL, NULL, NULL, NULL, 0),
(1163, 1161, 1, 'Scga', NULL, '', NULL, 'male', NULL, 0, 1, '1665 S Curson Ave', '', 'Los Angeles', 'CA', '90019', NULL, NULL, NULL, NULL, NULL, NULL, NULL, NULL, 0),
(1164, 1162, 1, 'Scga', NULL, '8186402716', NULL, 'male', NULL, 0, 1, '4091 Tivoli Ave', '', 'Los Angeles', 'CA', '90066', NULL, NULL, NULL, NULL, NULL, NULL, NULL, NULL, 0),
(1165, 1163, 1, 'Scga', NULL, '9514533210', NULL, 'male', NULL, 0, 1, '625 Dorothy Lane', '', 'Fullerton', 'CA', '92831', NULL, NULL, NULL, NULL, NULL, NULL, NULL, NULL, 0),
(1166, 1164, 1, 'Scga', NULL, '', NULL, 'male', NULL, 0, 1, '133 Ojai Ave', '', 'Oxnard', 'CA', '93035', NULL, NULL, NULL, NULL, NULL, NULL, NULL, NULL, 0),
(1167, 1165, 1, 'Scga', NULL, '8188233903', NULL, 'male', NULL, 0, 1, '2748 N Lamer St', '', 'Burbank', 'CA', '91504', NULL, NULL, NULL, NULL, NULL, NULL, NULL, NULL, 0),
(1168, 1166, 1, 'Scga', NULL, '2138970703', NULL, 'male', NULL, 0, 1, '16215 Fagleridge Crt', '', 'La Mirada', 'CA', '90638', NULL, NULL, NULL, NULL, NULL, NULL, NULL, NULL, 0),
(1169, 1167, 1, 'Scga', NULL, '', NULL, 'male', NULL, 0, 1, '19221-2 Sherman Way', '', 'Reseda', 'CA', '91335', NULL, NULL, NULL, NULL, NULL, NULL, NULL, NULL, 0),
(1170, 1168, 1, 'Scga', NULL, '6612995160', NULL, 'male', NULL, 0, 1, '23616 Arminta St', '', 'West Hills', 'CA', '91304', NULL, NULL, NULL, NULL, NULL, NULL, NULL, NULL, 0),
(1171, 1169, 1, 'Scga', NULL, '3235752648', NULL, 'male', NULL, 0, 1, '1494 Cranmer Dr.', '', 'Walnut', 'CA', '91789', NULL, NULL, NULL, NULL, NULL, NULL, NULL, NULL, 0),
(1172, 1170, 1, 'Scga', NULL, '3105941853', NULL, 'male', NULL, 0, 1, '209 Via Colusa', '', 'Redondo Beach', 'CA', '90277', NULL, NULL, NULL, NULL, NULL, NULL, NULL, NULL, 0),
(1173, 1171, 1, 'Scga', NULL, '7603453518', NULL, 'male', NULL, 0, 1, '78460 Runaway Bay Dr', '', 'Bermuda Dunes', 'CA', '92203', NULL, NULL, NULL, NULL, NULL, NULL, NULL, NULL, 0),
(1174, 1172, 1, 'Scga', NULL, '7145453621', NULL, 'male', NULL, 0, 1, '5210 E Cherrywood Lane', '', 'Orange', 'CA', '92869', NULL, NULL, NULL, NULL, NULL, NULL, NULL, NULL, 0),
(1175, 1173, 1, 'Scga', NULL, '9098605722', NULL, 'male', NULL, 0, 1, '924 North Del Sol Lane', '', 'Diamond Bar', 'CA', '91765', NULL, NULL, NULL, NULL, NULL, NULL, NULL, NULL, 0),
(1176, 1174, 1, 'Scga', NULL, '8183636328', NULL, 'male', NULL, 0, 1, '16319 Minnehaha St', '', 'Granada Hills', 'CA', '91344', NULL, NULL, NULL, NULL, NULL, NULL, NULL, NULL, 0),
(1177, 1175, 1, 'Scga', NULL, '3108715351', NULL, 'male', NULL, 0, 1, '921 Oakhorne Drive', '', 'Harbor City', 'CA', '90710', NULL, NULL, NULL, NULL, NULL, NULL, NULL, NULL, 0),
(1178, 1176, 1, 'Scga', NULL, '', NULL, 'male', NULL, 0, 1, '16010 Tupper St', '', 'North Hills', 'CA', '91343', NULL, NULL, NULL, NULL, NULL, NULL, NULL, NULL, 0),
(1179, 1177, 1, 'Scga', NULL, '5628812024', NULL, 'male', NULL, 0, 1, '15128 Lancelot Ave.', '', 'Norwalk', 'CA', '90650', NULL, NULL, NULL, NULL, NULL, NULL, NULL, NULL, 0),
(1180, 1178, 1, 'Scga', NULL, '', NULL, 'male', NULL, 0, 1, '235 S. Holliston Ave. # 213', '', 'Pasadena', 'CA', '91106', NULL, NULL, NULL, NULL, NULL, NULL, NULL, NULL, 0),
(1181, 1179, 1, 'Scga', NULL, '', NULL, 'male', NULL, 0, 1, '13369 Wentworth', '', 'Arleta', 'CA', '91331', NULL, NULL, NULL, NULL, NULL, NULL, NULL, NULL, 0),
(1182, 1180, 1, 'Scga', NULL, '', NULL, 'male', NULL, 0, 1, '6555 Pine Ave', '', 'Chino', 'CA', '91710', NULL, NULL, NULL, NULL, NULL, NULL, NULL, NULL, 0),
(1183, 1181, 1, 'Scga', NULL, '', NULL, 'male', NULL, 0, 1, '10403 Pounds Avenue', '', 'Whittier', 'CA', '90603', NULL, NULL, NULL, NULL, NULL, NULL, NULL, NULL, 0),
(1184, 1182, 1, 'Scga', NULL, '9253519426', NULL, 'male', NULL, 0, 1, '1081 W 22Nd Street', '', 'Upland', 'CA', '91784', NULL, NULL, NULL, NULL, NULL, NULL, NULL, NULL, 0),
(1185, 1183, 1, 'Disband Dec2016', NULL, '', NULL, 'male', NULL, 0, 1, '10829 Roseton Ave', '', 'Santa Fe Springs', 'CA', '90670', NULL, NULL, NULL, NULL, NULL, NULL, NULL, NULL, 0),
(1186, 1184, 1, 'Scga', NULL, '', NULL, 'male', NULL, 0, 1, '2101 Huntington Ln', '', 'Redondo Beach', 'CA', '90278', NULL, NULL, NULL, NULL, NULL, NULL, NULL, NULL, 0),
(1187, 1185, 1, 'Scga', NULL, '', NULL, 'male', NULL, 0, 1, '17342 Mayall St', '', 'Northridge', 'CA', '91325', NULL, NULL, NULL, NULL, NULL, NULL, NULL, NULL, 0),
(1188, 1186, 1, 'Scga', NULL, '7145534684', NULL, 'male', NULL, 0, 1, '5215 Green River Dr', '', 'Corona', 'CA', '92882', NULL, NULL, NULL, NULL, NULL, NULL, NULL, NULL, 0),
(1189, 1187, 1, 'Scga', NULL, '3103290075', NULL, 'male', NULL, 0, 1, '18411 Crenshaw Bl #350', '', 'Torrance', 'CA', '90504', NULL, NULL, NULL, NULL, NULL, NULL, NULL, NULL, 0),
(1190, 1188, 1, 'Scga', NULL, '', NULL, 'male', NULL, 0, 1, '15837 Mayall St', '', 'North Hills', 'CA', '91343', NULL, NULL, NULL, NULL, NULL, NULL, NULL, NULL, 0),
(1191, 1189, 1, 'Scga', NULL, '', NULL, 'male', NULL, 0, 1, '10446 Collett Ave', '', 'Granada Hills', 'CA', '91344', NULL, NULL, NULL, NULL, NULL, NULL, NULL, NULL, 0),
(1192, 1190, 1, 'Scga', NULL, '', NULL, 'male', NULL, 0, 1, 'Po Box 2026', '', 'Simi Valley', 'CA', '93062', NULL, NULL, NULL, NULL, NULL, NULL, NULL, NULL, 0),
(1193, 1191, 1, 'Scga', NULL, '', NULL, 'male', NULL, 0, 1, '4478 Via Largo', '', 'Cypress', 'CA', '90630', NULL, NULL, NULL, NULL, NULL, NULL, NULL, NULL, 0),
(1194, 1192, 1, 'Scga', NULL, '7142512130', NULL, 'male', NULL, 0, 1, '11201 Biscayne Ct.', '', 'Garden Grove', 'CA', '92841', NULL, NULL, NULL, NULL, NULL, NULL, NULL, NULL, 0),
(1195, 1193, 1, 'Scga', NULL, '8183601325', NULL, 'male', NULL, 0, 1, '17329 Zola Street', '', 'Granada Hills', 'CA', '91344', NULL, NULL, NULL, NULL, NULL, NULL, NULL, NULL, 0),
(1196, 1194, 1, 'Scga', NULL, '9096941712', NULL, 'male', NULL, 0, 1, '814 E La Deney Ct', '', 'Ontario', 'CA', '91764', NULL, NULL, NULL, NULL, NULL, NULL, NULL, NULL, 0),
(1197, 1195, 1, 'Scga', NULL, '', NULL, 'male', NULL, 0, 1, '301 N Baldwin Ave', '', 'Arcadia', 'CA', '91007', NULL, NULL, NULL, NULL, NULL, NULL, NULL, NULL, 0),
(1198, 1196, 1, 'Scga', NULL, '', NULL, 'male', NULL, 0, 1, '301 N Baldwin Ave', '', 'Arcadia', 'CA', '91007', NULL, NULL, NULL, NULL, NULL, NULL, NULL, NULL, 0),
(1199, 1197, 1, 'Scga', NULL, '', NULL, 'male', NULL, 0, 1, '2481 Bonita Ave', '', 'La Verne', 'CA', '91750', NULL, NULL, NULL, NULL, NULL, NULL, NULL, NULL, 0),
(1200, 1198, 1, 'Scga', NULL, '6262012023', NULL, 'male', NULL, 0, 1, '3235 Heglis Ave', '', 'Rosemead', 'CA', '91770', NULL, NULL, NULL, NULL, NULL, NULL, NULL, NULL, 0),
(1201, 1199, 1, 'Scga', NULL, '', NULL, 'male', NULL, 0, 1, '10715 Droxford St #4', '', 'Cerritos', 'CA', '90703', NULL, NULL, NULL, NULL, NULL, NULL, NULL, NULL, 0),
(1202, 1200, 1, 'Scga', NULL, '8182461764', NULL, 'male', NULL, 0, 1, '3900 Chevy Chase Dr', '', 'Los Angeles', 'CA', '90039', NULL, NULL, NULL, NULL, NULL, NULL, NULL, NULL, 0),
(1203, 1201, 1, 'Scga', NULL, '', NULL, 'male', NULL, 0, 1, '3500 Mc Caw Ave', '', 'Santa Barbara', 'CA', '93105', NULL, NULL, NULL, NULL, NULL, NULL, NULL, NULL, 0),
(1204, 1202, 1, 'Scga', NULL, '3107433371', NULL, 'male', NULL, 0, 1, 'Po Box 470142', '', 'Los Angeles', 'CA', '90047', NULL, NULL, NULL, NULL, NULL, NULL, NULL, NULL, 0),
(1205, 1203, 1, 'Scga', NULL, '', NULL, 'male', NULL, 0, 1, '1900 Oneida Place', '', 'Oxnard', 'CA', '93030', NULL, NULL, NULL, NULL, NULL, NULL, NULL, NULL, 0),
(1206, 1204, 1, 'Scga', NULL, '9095605355', NULL, 'male', NULL, 0, 1, '1875 Fairplex Dr', '', 'Pomona', 'CA', '91768', NULL, NULL, NULL, NULL, NULL, NULL, NULL, NULL, 0),
(1207, 1205, 1, 'Scga', NULL, '5626916111', NULL, 'male', NULL, 0, 1, '5604 Wesham', '', 'Brea', 'CA', '92821', NULL, NULL, NULL, NULL, NULL, NULL, NULL, NULL, 0),
(1208, 1206, 1, 'Scga', NULL, '', NULL, 'male', NULL, 0, 1, '5305 Woodbury St.', '', 'Ventura', 'CA', '93003', NULL, NULL, NULL, NULL, NULL, NULL, NULL, NULL, 0),
(1209, 1207, 1, 'Scga', NULL, '3238332007', NULL, 'male', NULL, 0, 1, '442 Via Luneto', '', 'Montebello', 'CA', '90640', NULL, NULL, NULL, NULL, NULL, NULL, NULL, NULL, 0),
(1210, 1208, 1, 'Scga', NULL, '', NULL, 'male', NULL, 0, 1, '5815 E La Palma #132', '', 'Anaheim', 'CA', '92807', NULL, NULL, NULL, NULL, NULL, NULL, NULL, NULL, 0),
(1211, 1209, 1, 'Scga', NULL, '7146060990', NULL, 'male', NULL, 0, 1, '1466 W James Way', '', 'Anaheim', 'CA', '92801', NULL, NULL, NULL, NULL, NULL, NULL, NULL, NULL, 0),
(1212, 1210, 1, 'Scga', NULL, '', NULL, 'male', NULL, 0, 1, '78-259 Indigo', '', 'La Quinta', 'CA', '92253', NULL, NULL, NULL, NULL, NULL, NULL, NULL, NULL, 0),
(1213, 1211, 1, 'Scga', NULL, '9516852633', NULL, 'male', NULL, 0, 1, '9330 Limonite Ave', '', 'Riverside', 'CA', '92509', NULL, NULL, NULL, NULL, NULL, NULL, NULL, NULL, 0),
(1214, 1212, 1, 'Scga', NULL, '', NULL, 'male', NULL, 0, 1, '1295 Solita Rd', '', 'Pasadena', 'CA', '91103', NULL, NULL, NULL, NULL, NULL, NULL, NULL, NULL, 0),
(1215, 1213, 1, 'Scga', NULL, '', NULL, 'male', NULL, 0, 1, '14246 La Paz Dr', '', 'Victorville', 'CA', '92395', NULL, NULL, NULL, NULL, NULL, NULL, NULL, NULL, 0),
(1216, 1214, 1, 'Scga', NULL, '', NULL, 'male', NULL, 0, 1, '25324 Woodward Ave', '', 'Lomita', 'CA', '90717', NULL, NULL, NULL, NULL, NULL, NULL, NULL, NULL, 0),
(1217, 1215, 1, 'Scga', NULL, '4242444641', NULL, 'male', NULL, 0, 1, '307 E 181St St', '', 'Carson', 'CA', '90746', NULL, NULL, NULL, NULL, NULL, NULL, NULL, NULL, 0),
(1218, 1216, 1, 'Scga', NULL, '', NULL, 'male', NULL, 0, 1, '2700 Canada Blvd', '', 'Glendale', 'CA', '91208', NULL, NULL, NULL, NULL, NULL, NULL, NULL, NULL, 0),
(1219, 1217, 1, 'Scga', NULL, '8184042952', NULL, 'male', NULL, 0, 1, '12713 Darla Ave', '', 'Granada Hills', 'CA', '91344', NULL, NULL, NULL, NULL, NULL, NULL, NULL, NULL, 0),
(1220, 1218, 1, 'Scga', NULL, '3108270727', NULL, 'male', NULL, 0, 1, '3276 Mountain View Ave', '', 'Los Angeles', 'CA', '90066', NULL, NULL, NULL, NULL, NULL, NULL, NULL, NULL, 0),
(1221, 1219, 1, 'Scga', NULL, '3106285548', NULL, 'male', NULL, 0, 1, '1776 Main St Ms-M1s', '', 'Santa Monica', 'CA', '90407', NULL, NULL, NULL, NULL, NULL, NULL, NULL, NULL, 0),
(1222, 1220, 1, 'Scga', NULL, '8056443835', NULL, 'male', NULL, 0, 1, '737 Skyline Rd.', '', 'Ventura', 'CA', '93003', NULL, NULL, NULL, NULL, NULL, NULL, NULL, NULL, 0),
(1223, 1221, 1, 'Scga', NULL, '9512121666', NULL, 'male', NULL, 0, 1, '6166 Brockton Ave', '', 'Riverside', 'CA', '92506', NULL, NULL, NULL, NULL, NULL, NULL, NULL, NULL, 0),
(1224, 1222, 1, 'Scga', NULL, '9097097570', NULL, 'male', NULL, 0, 1, '419 Courier Ave', '', 'Redlands', 'CA', '92374', NULL, NULL, NULL, NULL, NULL, NULL, NULL, NULL, 0),
(1225, 1223, 1, 'Disband 12/16', NULL, '5627160055', NULL, 'male', NULL, 0, 1, '14702 Cameo Avenue', '', 'Norwalk', 'CA', '90650', NULL, NULL, NULL, NULL, NULL, NULL, NULL, NULL, 0),
(1226, 1224, 1, 'Scga', NULL, '8054952391', NULL, 'male', NULL, 0, 1, '5305 Woodbury St', '', 'Ventura', 'CA', '93003', NULL, NULL, NULL, NULL, NULL, NULL, NULL, NULL, 0),
(1227, 1225, 1, 'Scga', NULL, '9095564699', NULL, 'male', NULL, 0, 1, '6165 Sapphire St', '', 'Rancho Cucamonga', 'CA', '91701', NULL, NULL, NULL, NULL, NULL, NULL, NULL, NULL, 0),
(1228, 1226, 1, 'Scga', NULL, '9095992313', NULL, 'male', NULL, 0, 1, '2100 Terrebonne Ave', '', 'San Dimas', 'CA', '91773', NULL, NULL, NULL, NULL, NULL, NULL, NULL, NULL, 0),
(1229, 1227, 1, 'Scga', NULL, '', NULL, 'male', NULL, 0, 1, 'C/O 901 Country Ln', '', 'La Habra', 'CA', '90631', NULL, NULL, NULL, NULL, NULL, NULL, NULL, NULL, 0),
(1230, 1228, 1, 'Scga', NULL, '8182014420', NULL, 'male', NULL, 0, 1, '10010 Orion Ave', '', 'Mission Hills', 'CA', '91345', NULL, NULL, NULL, NULL, NULL, NULL, NULL, NULL, 0),
(1231, 1229, 1, 'Scga', NULL, '9097322833', NULL, 'male', NULL, 0, 1, '3800 N. Bradford Street, #78', '', 'La Verne', 'CA', '91750', NULL, NULL, NULL, NULL, NULL, NULL, NULL, NULL, 0),
(1232, 1230, 1, 'Scga', NULL, '8056474647', NULL, 'male', NULL, 0, 1, '831 Ann Arbor Ave', '', 'Ventura', 'CA', '93004', NULL, NULL, NULL, NULL, NULL, NULL, NULL, NULL, 0),
(1233, 1231, 1, 'Scga', NULL, '7605357383', NULL, 'male', NULL, 0, 1, '1214 Second Ave', '', 'Chula Vista', 'CA', '91911', NULL, NULL, NULL, NULL, NULL, NULL, NULL, NULL, 0),
(1234, 1232, 1, 'Scga', NULL, '3232915656', NULL, 'male', NULL, 0, 1, '4223 W. 59Th St', '', 'Los Angeles', 'CA', '90043', NULL, NULL, NULL, NULL, NULL, NULL, NULL, NULL, 0),
(1235, 1233, 1, 'Scga', NULL, '8189177571', NULL, 'male', NULL, 0, 1, '23006 Vose Street', '', 'West Hills', 'CA', '91307', NULL, NULL, NULL, NULL, NULL, NULL, NULL, NULL, 0),
(1236, 1234, 1, 'Scga', NULL, '8055220803', NULL, 'male', NULL, 0, 1, '5031 Alamo St', '', 'Simi Valley', 'CA', '93063', NULL, NULL, NULL, NULL, NULL, NULL, NULL, NULL, 0),
(1237, 1235, 1, 'Scga', NULL, '8056590863', NULL, 'male', NULL, 0, 1, '1033 E Ojai Ave', '', 'Ojai', 'CA', '93024', NULL, NULL, NULL, NULL, NULL, NULL, NULL, NULL, 0),
(1238, 53, 1, 'Scga', NULL, '3105294424', NULL, 'male', NULL, 0, 1, '7000 W Los Verdes Dr.', '', 'Rancho Palos Verde', 'CA', '90275', NULL, NULL, NULL, NULL, NULL, NULL, NULL, NULL, 0),
(1239, 1236, 1, 'Scga', NULL, '5627601281', NULL, 'male', NULL, 0, 1, '38704 Fawn Springs Dr.', '', 'Palm Desert', 'CA', '92260', NULL, NULL, NULL, NULL, NULL, NULL, NULL, NULL, 0),
(1240, 1237, 1, 'Scga', NULL, '3105167074', NULL, 'male', NULL, 0, 1, '525 17Th St', '', 'Manhattan Beach', 'CA', '90266', NULL, NULL, NULL, NULL, NULL, NULL, NULL, NULL, 0),
(1241, 1238, 1, 'Scga', NULL, '', NULL, 'male', NULL, 0, 1, '27435 Canejo', '', 'Mission Viejo', 'CA', '92691', NULL, NULL, NULL, NULL, NULL, NULL, NULL, NULL, 0),
(1242, 1239, 1, 'Scga', NULL, '3232959338', NULL, 'male', NULL, 0, 1, '4007 Sutro Ave.', '', 'Los Angeles', 'CA', '90008', NULL, NULL, NULL, NULL, NULL, NULL, NULL, NULL, 0),
(1243, 1240, 1, 'Scga', NULL, '8183493115', NULL, 'male', NULL, 0, 1, '9510 Canedo Ave', '', 'Northridge', 'CA', '91324', NULL, NULL, NULL, NULL, NULL, NULL, NULL, NULL, 0),
(1244, 1241, 1, 'Scga', NULL, '2138048091', NULL, 'male', NULL, 0, 1, '174 W. Lincoln Ave. #255', '', 'Anaheim', 'CA', '92805', NULL, NULL, NULL, NULL, NULL, NULL, NULL, NULL, 0),
(1245, 1242, 1, 'Scga', NULL, '5629053456', NULL, 'male', NULL, 0, 1, '540 S. Cypress Street', '', 'La Habra', 'CA', '92806', NULL, NULL, NULL, NULL, NULL, NULL, NULL, NULL, 0),
(1246, 1243, 1, 'Scga', NULL, '3103454420', NULL, 'male', NULL, 0, 1, '511 Meyer Lane Unit 11', '', 'Redondo Beach', 'CA', '90278', NULL, NULL, NULL, NULL, NULL, NULL, NULL, NULL, 0),
(1247, 1244, 1, 'Scga', NULL, '', NULL, 'male', NULL, 0, 1, '548 Mondo Dr', '', 'La Habra Heights', 'CA', '90631', NULL, NULL, NULL, NULL, NULL, NULL, NULL, NULL, 0),
(1248, 1245, 1, 'Disband 2013', NULL, '', NULL, 'male', NULL, 0, 1, '835 Arciero Dr', '', 'Whittier', 'CA', '90601', NULL, NULL, NULL, NULL, NULL, NULL, NULL, NULL, 0),
(1249, 1246, 1, 'Scga', NULL, '', NULL, 'male', NULL, 0, 1, '769 Azure Hills Dr', '', 'Simi Hills', 'CA', '93065', NULL, NULL, NULL, NULL, NULL, NULL, NULL, NULL, 0),
(1250, 1247, 1, 'Scga', NULL, '3109627304', NULL, 'male', NULL, 0, 1, '1517 W 187Th Place', '', 'Gardena', 'CA', '90248', NULL, NULL, NULL, NULL, NULL, NULL, NULL, NULL, 0),
(1251, 1248, 1, 'Scga', NULL, '3108740331', NULL, 'male', NULL, 0, 1, '319 E. 158 St.', '', 'Gardena', 'CA', '90248', NULL, NULL, NULL, NULL, NULL, NULL, NULL, NULL, 0),
(1252, 1249, 1, 'Scga', NULL, '6273320769', NULL, 'male', NULL, 0, 1, '1260 Lakeview Ave', '', 'La Habra', 'CA', '90631', NULL, NULL, NULL, NULL, NULL, NULL, NULL, NULL, 0),
(1253, 1250, 1, 'Scga', NULL, '5626934268', NULL, 'male', NULL, 0, 1, '7832 Wellsford Ave', '', 'Whittier', 'CA', '90606', NULL, NULL, NULL, NULL, NULL, NULL, NULL, NULL, 0),
(1254, 1251, 1, 'Scga', NULL, '', NULL, 'male', NULL, 0, 1, '7649 Luxor St.', '', 'Downey', 'CA', '90241', NULL, NULL, NULL, NULL, NULL, NULL, NULL, NULL, 0),
(1255, 1252, 1, 'Extra Addresses', NULL, '', NULL, 'male', NULL, 0, 1, NULL, NULL, NULL, NULL, NULL, NULL, NULL, NULL, NULL, NULL, NULL, NULL, NULL, 0),
(1256, 1253, 1, 'Scga', NULL, '5305453068', NULL, 'male', NULL, 0, 1, '5643 Adobe Falls Rd.  Unit C', '', 'San Diego', 'CA', '92120', NULL, NULL, NULL, NULL, NULL, NULL, NULL, NULL, 0),
(1257, 1254, 1, 'Scga', NULL, '7603900111', NULL, 'female', NULL, 0, 1, '', '', '', '', '', NULL, NULL, NULL, NULL, NULL, NULL, NULL, NULL, 0),
(1258, 1255, 1, 'Scga', NULL, '3106263929', NULL, 'male', NULL, 0, 1, '1233 Rose Ave.', '', 'Venice', 'CA', '90291', NULL, NULL, NULL, NULL, NULL, NULL, NULL, NULL, 0),
(1259, 1256, 1, 'Scga', NULL, '', NULL, 'male', NULL, 0, 1, 'Carr.Transp. Km.19.5', 'Cabos San Lucas', 'Bcs, Mexico', '*M', '00000', NULL, NULL, NULL, NULL, NULL, NULL, NULL, NULL, 0),
(1260, 1257, 1, 'Scga', NULL, '', NULL, 'male', NULL, 0, 1, 'Calle 7Ma. 1376, Zona Centro', 'Ensenada BC 22800', 'Baja', '*M', '00000', NULL, NULL, NULL, NULL, NULL, NULL, NULL, NULL, 0),
(1261, 1258, 1, 'Scga', NULL, '9492712950', NULL, 'male', NULL, 0, 1, '107 Technology Drive West', '', 'Irvine', 'CA', '92618', NULL, NULL, NULL, NULL, NULL, NULL, NULL, NULL, 0),
(1262, 1259, 1, 'Scga', NULL, '', NULL, 'male', NULL, 0, 1, '72280 Highway 111', '', 'Palm Desert', 'CA', '92260', NULL, NULL, NULL, NULL, NULL, NULL, NULL, NULL, 0),
(1263, 57, 1, 'Scga', NULL, '8189803630', NULL, 'male', NULL, 0, 1, '300 North D Street', '', 'San Bernardino', 'CA', '92418', NULL, NULL, NULL, NULL, NULL, NULL, NULL, NULL, 0),
(1264, 58, 1, 'Scga', NULL, '8189803630', NULL, 'male', NULL, 0, 1, '3740 Cahuenga Blvd', '', 'Studio City', 'CA', '92086', NULL, NULL, NULL, NULL, NULL, NULL, NULL, NULL, 0),
(1265, 1260, 1, 'Scga', NULL, '', NULL, 'male', NULL, 0, 1, '5001 Deukmejian Drive', '', 'Long Beach', 'CA', '90804', NULL, NULL, NULL, NULL, NULL, NULL, NULL, NULL, 0),
(1266, 1261, 1, 'Scga', NULL, '', NULL, 'male', NULL, 0, 1, '1921 W 98Th Street', '', 'Los Angeles', 'CA', '90045', NULL, NULL, NULL, NULL, NULL, NULL, NULL, NULL, 0),
(1267, 1262, 1, 'Scga', NULL, '8582121547', NULL, 'male', NULL, 0, 1, '14781 Pomerado Rd #201', '', 'Poway', 'CA', '92064', NULL, NULL, NULL, NULL, NULL, NULL, NULL, NULL, 0),
(1268, 1263, 1, 'Scga', NULL, '', NULL, 'male', NULL, 0, 1, '4341 Griffith Park Dr', '', 'Los Angeles', 'CA', '90027', NULL, NULL, NULL, NULL, NULL, NULL, NULL, NULL, 0),
(1269, 1264, 1, 'Scga', NULL, '', NULL, 'male', NULL, 0, 1, '12772 Topaz Street', '', 'Garden Grove', 'CA', '92845', NULL, NULL, NULL, NULL, NULL, NULL, NULL, NULL, 0),
(1270, 1265, 1, 'Scga', NULL, '9095857333', NULL, 'male', NULL, 0, 1, 'Po Box 133109', '', 'Big Bear Lake', 'CA', '92315', NULL, NULL, NULL, NULL, NULL, NULL, NULL, NULL, 0),
(1271, 1266, 1, 'Scga', NULL, '', NULL, 'male', NULL, 0, 1, '2604-B El Camno Rl 116', '', 'Carlsbad', 'CA', '92008', NULL, NULL, NULL, NULL, NULL, NULL, NULL, NULL, 0),
(1272, 1267, 1, 'Scga', NULL, '', NULL, 'male', NULL, 0, 1, '1133 Rosemont Ave', '', 'Pasadena', 'CA', '91103', NULL, NULL, NULL, NULL, NULL, NULL, NULL, NULL, 0),
(1273, 1268, 1, 'Scga', NULL, '', NULL, 'male', NULL, 0, 1, '4085 52Nd Street', '', 'San Diego', 'CA', '92105', NULL, NULL, NULL, NULL, NULL, NULL, NULL, NULL, 0),
(1274, 1269, 1, 'Scga', NULL, '', NULL, 'male', NULL, 0, 1, '5410 Hales Lane', '', 'Carpinteria', 'CA', '93013', NULL, NULL, NULL, NULL, NULL, NULL, NULL, NULL, 0),
(1275, 1270, 1, 'Scga', NULL, '', NULL, 'male', NULL, 0, 1, '6155 Cornerstone Ct E #100A', '', 'San Diego', 'CA', '92121', NULL, NULL, NULL, NULL, NULL, NULL, NULL, NULL, 0),
(1276, 1271, 1, 'Scga', NULL, '9518454653', NULL, 'male', NULL, 0, 1, '3333 Concours Street', 'Building 2, Suite 2100', 'Ontario', 'CA', '91764', NULL, NULL, NULL, NULL, NULL, NULL, NULL, NULL, 0),
(1277, 1272, 1, 'Scga', NULL, '', NULL, 'male', NULL, 0, 1, '522 Via De La Valle #A', '', 'Solana Beach', 'CA', '92075', NULL, NULL, NULL, NULL, NULL, NULL, NULL, NULL, 0),
(1278, 1273, 1, 'Scga', NULL, '', NULL, 'male', NULL, 0, 1, '522 Via De La Valle #A', '', 'Solana Beach', 'CA', '92075', NULL, NULL, NULL, NULL, NULL, NULL, NULL, NULL, 0),
(1279, 1274, 1, 'Scga', NULL, '8056379415', NULL, 'male', NULL, 0, 1, '120 La Joya Drive', '', 'Nipomo', 'CA', '93444', NULL, NULL, NULL, NULL, NULL, NULL, NULL, NULL, 0),
(1280, 1275, 1, 'Scga', NULL, '', NULL, 'male', NULL, 0, 1, 'One Tiger Woods Way', '', 'Anaheim', 'CA', '92801', NULL, NULL, NULL, NULL, NULL, NULL, NULL, NULL, 0),
(1281, 1276, 1, 'Scga', NULL, '3103330622', NULL, 'male', NULL, 0, 1, '390 N Sepulveda #1060', '', 'El Segundo', 'CA', '90245', NULL, NULL, NULL, NULL, NULL, NULL, NULL, NULL, 0),
(1282, 1277, 1, 'Scga', NULL, '9512233680', NULL, 'male', NULL, 0, 1, '30274 Benton Road', '#C302-433', 'Winchester', 'CA', '92596', NULL, NULL, NULL, NULL, NULL, NULL, NULL, NULL, 0),
(1283, 1278, 1, 'Scga', NULL, '2136808015', NULL, 'male', NULL, 0, 1, '244 S San Pedro St Suite 200', '', 'Los Angeles', 'CA', '90012', NULL, NULL, NULL, NULL, NULL, NULL, NULL, NULL, 0),
(1284, 1279, 1, 'Scga', NULL, '5625701272', NULL, 'male', NULL, 0, 1, '6700 E Carson St', '', 'Long Beach', 'CA', '90808', NULL, NULL, NULL, NULL, NULL, NULL, NULL, NULL, 0),
(1285, 1280, 1, 'Scga', NULL, '7605336917', NULL, 'male', NULL, 0, 1, '1275 Quail Gardens Rd', '', 'Encinitas', 'CA', '92024', NULL, NULL, NULL, NULL, NULL, NULL, NULL, NULL, 0),
(1286, 1281, 1, 'Scga', NULL, '', NULL, 'male', NULL, 0, 1, '2516 Via Tejon, Suite 301', '', 'Palos Verdes Estat', 'CA', '90274', NULL, NULL, NULL, NULL, NULL, NULL, NULL, NULL, 0),
(1287, 1282, 1, 'Scga', NULL, '', NULL, 'male', NULL, 0, 1, '6034 Hollister Ave', '', 'Goleta', 'CA', '93117', NULL, NULL, NULL, NULL, NULL, NULL, NULL, NULL, 0),
(1288, 1283, 1, 'Scga', NULL, '', NULL, 'male', NULL, 0, 1, '2 Legacy Place', '', 'Rancho Mirage', 'CA', '92270', NULL, NULL, NULL, NULL, NULL, NULL, NULL, NULL, 0),
(1289, 1284, 1, 'Scga', NULL, '', NULL, 'male', NULL, 0, 1, '1150 Fashion Valley Road', '', 'San Diego', 'CA', '91208', NULL, NULL, NULL, NULL, NULL, NULL, NULL, NULL, 0),
(1290, 1285, 1, 'Scga', NULL, '8189803630', NULL, 'male', NULL, 0, 1, '3740 Cahuenga Blvd', '', 'Studio City', 'CA', '91604', NULL, NULL, NULL, NULL, NULL, NULL, NULL, NULL, 0);

--
-- Truncate table before insert `gn_club_service_contact`
--

TRUNCATE TABLE `gn_club_service_contact`;
--
-- Truncate table before insert `gn_club_service_customer`
--

TRUNCATE TABLE `gn_club_service_customer`;
--
-- Dumping data for table `gn_club_service_customer`
--

INSERT INTO `gn_club_service_customer` (`club_customer_id`, `club_service_id`, `customer_id`, `member_status_cd`, `start_date`, `end_date`, `hp_customer_num`, `hp_inactivation_date`, `hp_status_datetime`, `hp_revision_datetime`, `hp_paid_datetime`, `hp_member_type`) VALUES
(1, 6, 1, 'active', '0000-00-00', NULL, 116116, NULL, NULL, NULL, NULL, NULL),
(2, 6, 2, 'active', '0000-00-00', NULL, 9888888, NULL, NULL, NULL, NULL, NULL),
(3, 17, 3, 'active', '0000-00-00', NULL, 9648393, NULL, NULL, NULL, NULL, NULL),
(4, 17, 4, 'active', '0000-00-00', NULL, 9700670, NULL, NULL, NULL, NULL, NULL),
(5, 2, 5, 'active', '0000-00-00', NULL, 93635, NULL, NULL, NULL, NULL, NULL),
(6, 17, 6, 'active', '0000-00-00', NULL, 9304730, NULL, NULL, NULL, NULL, NULL),
(7, 2, 7, 'active', '0000-00-00', NULL, 48997, NULL, NULL, NULL, NULL, NULL),
(8, 17, 8, 'active', '0000-00-00', NULL, 9397562, NULL, NULL, NULL, NULL, NULL),
(9, 2, 9, 'inactive', '0000-00-00', NULL, 154803, NULL, '2015-08-31 00:00:00', '2017-01-01 00:00:00', '2015-08-18 00:00:00', 'R'),
(10, 17, 10, 'active', '0000-00-00', NULL, 9263277, NULL, NULL, NULL, NULL, NULL),
(11, 6, 11, 'active', '0000-00-00', NULL, 155243, NULL, NULL, NULL, NULL, NULL),
(12, 2, 12, 'inactive', '0000-00-00', NULL, 157613, NULL, '2015-08-31 00:00:00', '2017-01-01 00:00:00', '2015-08-20 00:00:00', 'R'),
(13, 6, 13, 'active', '0000-00-00', NULL, 9036729, NULL, NULL, NULL, NULL, NULL),
(14, 6, 14, 'active', '0000-00-00', NULL, 93470, NULL, NULL, NULL, NULL, NULL),
(15, 2, 15, 'active', '0000-00-00', NULL, 239290, NULL, NULL, NULL, NULL, NULL),
(16, 6, 16, 'deleted', '0000-00-00', NULL, 93635, NULL, NULL, NULL, NULL, NULL),
(17, 6, 17, 'active', '0000-00-00', NULL, 182029, NULL, NULL, NULL, NULL, NULL),
(18, 6, 18, 'active', '0000-00-00', NULL, 525700, NULL, NULL, NULL, NULL, NULL),
(19, 6, 19, 'deleted', '0000-00-00', NULL, 48997, NULL, NULL, NULL, NULL, NULL),
(20, 6, 20, 'active', '0000-00-00', NULL, 48987, NULL, NULL, NULL, NULL, NULL),
(21, 6, 21, 'active', '0000-00-00', NULL, 48980, NULL, NULL, NULL, NULL, NULL),
(22, 6, 22, 'active', '0000-00-00', NULL, 508134, NULL, NULL, NULL, NULL, NULL),
(23, 6, 23, 'active', '0000-00-00', NULL, 573127, NULL, NULL, NULL, NULL, NULL),
(24, 6, 24, 'active', '0000-00-00', NULL, 20146, NULL, NULL, NULL, NULL, NULL),
(25, 6, 25, 'active', '0000-00-00', NULL, 554869, NULL, NULL, NULL, NULL, NULL),
(26, 6, 26, 'active', '0000-00-00', NULL, 8701734, NULL, NULL, NULL, NULL, NULL),
(27, 6, 27, 'active', '0000-00-00', NULL, 8679733, NULL, NULL, NULL, NULL, NULL),
(28, 6, 28, 'active', '0000-00-00', NULL, 571157, NULL, NULL, NULL, NULL, NULL),
(29, 6, 29, 'active', '0000-00-00', NULL, 373173, NULL, NULL, NULL, NULL, NULL),
(30, 6, 30, 'active', '0000-00-00', NULL, 9731349, NULL, NULL, NULL, NULL, NULL),
(31, 6, 31, 'active', '0000-00-00', NULL, 8701563, NULL, NULL, NULL, NULL, NULL),
(32, 6, 32, 'active', '0000-00-00', NULL, 8679711, NULL, NULL, NULL, NULL, NULL),
(33, 6, 33, 'active', '0000-00-00', NULL, 106424, NULL, NULL, NULL, NULL, NULL),
(34, 2, 34, 'active', '0000-00-00', NULL, 643667, NULL, NULL, NULL, NULL, NULL),
(35, 2, 35, 'active', '0000-00-00', NULL, 584332, NULL, NULL, NULL, NULL, NULL),
(36, 6, 36, 'active', '0000-00-00', NULL, 132409, NULL, NULL, NULL, NULL, NULL),
(37, 6, 37, 'active', '0000-00-00', NULL, 105670, NULL, NULL, NULL, NULL, NULL),
(38, 6, 38, 'active', '0000-00-00', NULL, 8681544, NULL, NULL, NULL, NULL, NULL),
(39, 6, 39, 'active', '0000-00-00', NULL, 8684064, NULL, NULL, NULL, NULL, NULL),
(40, 6, 40, 'active', '0000-00-00', NULL, 7315346, NULL, NULL, NULL, NULL, NULL),
(41, 6, 41, 'active', '0000-00-00', NULL, 7415690, NULL, NULL, NULL, NULL, NULL),
(42, 2, 42, 'inactive', '0000-00-00', NULL, 9308939, NULL, '2016-05-02 00:00:00', '2017-01-01 00:00:00', '0001-01-01 00:00:00', 'R'),
(43, 2, 43, 'active', '0000-00-00', NULL, 1859910, NULL, '2014-07-07 00:00:00', '2017-01-01 00:00:00', '0001-01-01 00:00:00', 'R'),
(44, 2, 44, 'active', '0000-00-00', NULL, 1859978, NULL, '2017-01-11 00:00:00', '2017-01-01 00:00:00', '0001-01-01 00:00:00', 'R'),
(45, 6, 45, 'active', '0000-00-00', NULL, 587297, NULL, NULL, NULL, NULL, NULL),
(46, 6, 46, 'active', '0000-00-00', NULL, 9308939, NULL, NULL, NULL, NULL, NULL),
(47, 6, 47, 'active', '0000-00-00', NULL, 1591896, NULL, NULL, NULL, NULL, NULL),
(48, 6, 48, 'active', '0000-00-00', NULL, 654040, NULL, NULL, NULL, NULL, NULL),
(49, 6, 49, 'active', '0000-00-00', NULL, 28335, NULL, NULL, NULL, NULL, NULL),
(50, 6, 50, 'active', '0000-00-00', NULL, 680295, NULL, NULL, NULL, NULL, NULL),
(51, 6, 51, 'active', '0000-00-00', NULL, 7628710, NULL, NULL, NULL, NULL, NULL),
(52, 6, 52, 'active', '0000-00-00', NULL, 583785, NULL, NULL, NULL, NULL, NULL),
(53, 6, 53, 'active', '0000-00-00', NULL, 585990, NULL, NULL, NULL, NULL, NULL),
(54, 6, 54, 'active', '0000-00-00', NULL, 584888, NULL, NULL, NULL, NULL, NULL),
(55, 2, 55, 'active', '0000-00-00', NULL, 602961, NULL, '2015-11-30 00:00:00', '2017-01-01 00:00:00', '0001-01-01 00:00:00', 'R'),
(56, 6, 56, 'active', '0000-00-00', NULL, 587007, NULL, NULL, NULL, NULL, NULL),
(57, 2, 57, 'inactive', '0000-00-00', NULL, 685601, NULL, '2016-12-30 00:00:00', '2017-01-01 00:00:00', '0001-01-01 00:00:00', 'R'),
(58, 2, 58, 'inactive', '0000-00-00', NULL, 1922230, NULL, '2016-12-30 00:00:00', '2017-01-01 00:00:00', '0001-01-01 00:00:00', 'R'),
(59, 2, 59, 'inactive', '0000-00-00', NULL, 685919, NULL, '2016-08-16 00:00:00', '2017-01-01 00:00:00', '0001-01-01 00:00:00', 'R'),
(60, 2, 60, 'inactive', '0000-00-00', NULL, 686021, NULL, '2016-12-30 00:00:00', '2017-01-01 00:00:00', '0001-01-01 00:00:00', 'R'),
(61, 6, 61, 'active', '0000-00-00', NULL, 686693, NULL, NULL, NULL, NULL, NULL),
(62, 2, 62, 'inactive', '0000-00-00', NULL, 686793, NULL, '2016-12-30 00:00:00', '2017-01-01 00:00:00', '0001-01-01 00:00:00', 'R'),
(63, 6, 63, 'active', '0000-00-00', NULL, 586939, NULL, NULL, NULL, NULL, NULL),
(64, 2, 64, 'deleted', '0000-00-00', NULL, 0, NULL, NULL, NULL, NULL, NULL),
(65, 2, 65, 'active', '0000-00-00', NULL, 726516, NULL, '2016-01-06 00:00:00', '2017-01-01 00:00:00', '0001-01-01 00:00:00', 'R'),
(66, 2, 66, 'active', '0000-00-00', NULL, 748133, NULL, '2016-01-06 00:00:00', '2017-01-01 00:00:00', '0001-01-01 00:00:00', 'R'),
(67, 2, 67, 'active', '0000-00-00', NULL, 750953, NULL, '2017-01-12 00:00:00', '2017-01-01 00:00:00', NULL, 'R'),
(68, 2, 68, 'deleted', '0000-00-00', NULL, 0, NULL, NULL, NULL, NULL, NULL),
(69, 2, 69, 'inactive', '0000-00-00', NULL, 754233, NULL, '2016-12-31 00:00:00', '2017-01-01 00:00:00', '0001-01-01 00:00:00', 'R'),
(70, 2, 70, 'active', '0000-00-00', NULL, 754262, NULL, '2016-01-07 00:00:00', '2017-01-01 00:00:00', '0001-01-01 00:00:00', 'R'),
(71, 6, 71, 'active', '0000-00-00', NULL, 772082, NULL, NULL, NULL, NULL, NULL),
(72, 2, 72, 'inactive', '0000-00-00', NULL, 763384, NULL, '2016-12-31 00:00:00', '2017-01-01 00:00:00', '0001-01-01 00:00:00', 'R'),
(73, 6, 73, 'active', '0000-00-00', NULL, 239290, NULL, NULL, NULL, NULL, NULL),
(74, 6, 74, 'active', '0000-00-00', NULL, 373244, NULL, NULL, NULL, NULL, NULL),
(75, 6, 75, 'active', '0000-00-00', NULL, 90344, NULL, NULL, NULL, NULL, NULL),
(76, 6, 76, 'active', '0000-00-00', NULL, 367757, NULL, NULL, NULL, NULL, NULL),
(77, 6, 77, 'active', '0000-00-00', NULL, 368040, NULL, NULL, NULL, NULL, NULL),
(78, 2, 78, 'deleted', '0000-00-00', NULL, 0, NULL, NULL, NULL, NULL, NULL),
(79, 2, 79, 'deleted', '0000-00-00', NULL, 540517, NULL, NULL, NULL, NULL, NULL),
(80, 2, 80, 'deleted', '0000-00-00', NULL, 0, NULL, NULL, NULL, NULL, NULL),
(81, 2, 81, 'active', '0000-00-00', NULL, 645480, NULL, '2016-03-16 00:00:00', '2017-01-01 00:00:00', '0001-01-01 00:00:00', 'R'),
(82, 6, 82, 'active', '0000-00-00', NULL, 644306, NULL, NULL, NULL, NULL, NULL),
(83, 2, 83, 'deleted', '0000-00-00', NULL, 0, NULL, NULL, NULL, NULL, NULL),
(84, 2, 84, 'deleted', '0000-00-00', NULL, 0, NULL, NULL, NULL, NULL, NULL),
(85, 6, 85, 'active', '0000-00-00', NULL, 722532, NULL, NULL, NULL, NULL, NULL),
(86, 13, 86, 'deleted', '0000-00-00', NULL, 0, NULL, NULL, NULL, NULL, NULL),
(87, 13, 87, 'active', '0000-00-00', NULL, 349796, NULL, NULL, NULL, NULL, NULL),
(88, 2, 88, 'active', '0000-00-00', NULL, 974546, NULL, NULL, NULL, NULL, NULL),
(89, 2, 89, 'active', '0000-00-00', NULL, 191862, NULL, NULL, NULL, NULL, NULL),
(90, 2, 90, 'active', '0000-00-00', NULL, 155243, NULL, NULL, NULL, NULL, NULL),
(91, 6, 91, 'active', '0000-00-00', NULL, 956569, NULL, NULL, NULL, NULL, NULL),
(92, 2, 92, 'inactive', '0000-00-00', NULL, 8704516, NULL, '2016-12-31 00:00:00', '2017-01-01 00:00:00', '0001-01-01 00:00:00', 'R'),
(93, 2, 93, 'inactive', '0000-00-00', NULL, 7415690, NULL, '2016-12-31 00:00:00', '2017-01-01 00:00:00', '0001-01-01 00:00:00', 'R'),
(94, 2, 94, 'active', '0000-00-00', NULL, 1456412, NULL, NULL, NULL, NULL, NULL),
(95, 2, 95, 'active', '0000-00-00', NULL, 50552, NULL, NULL, NULL, NULL, NULL),
(96, 6, 96, 'active', '0000-00-00', NULL, 87929, NULL, NULL, NULL, NULL, NULL),
(97, 2, 97, 'active', '0000-00-00', NULL, 53111, NULL, NULL, NULL, NULL, NULL),
(98, 2, 98, 'active', '0000-00-00', NULL, 53114, NULL, NULL, NULL, NULL, NULL),
(99, 6, 99, 'active', '0000-00-00', NULL, 104336, NULL, NULL, NULL, NULL, NULL),
(100, 2, 100, 'active', '0000-00-00', NULL, 683166, NULL, '2017-01-09 00:00:00', '2017-01-01 00:00:00', '0001-01-01 00:00:00', 'R'),
(101, 6, 100, 'active', '0000-00-00', NULL, 683166, NULL, NULL, NULL, NULL, NULL),
(102, 6, 101, 'active', '0000-00-00', NULL, 104036, NULL, NULL, NULL, NULL, NULL),
(103, 6, 102, 'active', '0000-00-00', NULL, 104117, NULL, NULL, NULL, NULL, NULL),
(104, 6, 103, 'active', '0000-00-00', NULL, 104153, NULL, NULL, NULL, NULL, NULL),
(105, 6, 104, 'active', '0000-00-00', NULL, 104157, NULL, NULL, NULL, NULL, NULL),
(106, 6, 105, 'active', '0000-00-00', NULL, 104156, NULL, NULL, NULL, NULL, NULL),
(107, 6, 106, 'active', '0000-00-00', NULL, 104160, NULL, NULL, NULL, NULL, NULL),
(108, 2, 107, 'inactive', '0000-00-00', NULL, 8679709, NULL, '2016-12-31 00:00:00', '2017-01-01 00:00:00', '0001-01-01 00:00:00', 'J'),
(109, 6, 108, 'active', '0000-00-00', NULL, 104165, NULL, NULL, NULL, NULL, NULL),
(110, 6, 109, 'deleted', '0000-00-00', NULL, 0, NULL, NULL, NULL, NULL, NULL),
(111, 2, 110, 'inactive', '0000-00-00', NULL, 1007940, NULL, '2016-12-31 00:00:00', '2017-01-01 00:00:00', '0001-01-01 00:00:00', 'R'),
(112, 2, 111, 'inactive', '0000-00-00', NULL, 658302, NULL, '2016-12-31 00:00:00', '2017-01-01 00:00:00', '0001-01-01 00:00:00', 'R'),
(113, 2, 25, 'inactive', '0000-00-00', NULL, 554869, NULL, '2016-12-31 00:00:00', '2017-01-01 00:00:00', '0001-01-01 00:00:00', 'R'),
(114, 6, 112, 'active', '0000-00-00', NULL, 9350237, NULL, NULL, NULL, NULL, NULL),
(115, 2, 112, 'inactive', '0000-00-00', NULL, 9350237, NULL, '2016-12-31 00:00:00', '2017-01-01 00:00:00', '0001-01-01 00:00:00', 'R'),
(116, 2, 56, 'active', '0000-00-00', NULL, 587007, NULL, '2017-01-12 00:00:00', '2017-01-01 00:00:00', '0001-01-01 00:00:00', 'R'),
(117, 2, 29, 'inactive', '0000-00-00', NULL, 373173, NULL, '2016-12-31 00:00:00', '2017-01-01 00:00:00', '0001-01-01 00:00:00', 'R'),
(118, 2, 113, 'active', '0000-00-00', NULL, 513762, NULL, '2016-06-01 00:00:00', '2017-01-01 00:00:00', '0001-01-01 00:00:00', 'R'),
(119, 2, 114, 'inactive', '0000-00-00', NULL, 9759492, NULL, '2016-12-31 00:00:00', '2017-01-01 00:00:00', '0001-01-01 00:00:00', 'R'),
(120, 6, 114, 'active', '0000-00-00', NULL, 9759492, NULL, NULL, NULL, NULL, NULL),
(121, 6, 115, 'active', '0000-00-00', NULL, 1947930, NULL, NULL, NULL, NULL, NULL),
(122, 6, 116, 'active', '0000-00-00', NULL, 8679750, NULL, NULL, NULL, NULL, NULL),
(123, 6, 117, 'active', '0000-00-00', NULL, 1940, NULL, NULL, NULL, NULL, NULL),
(124, 2, 118, 'inactive', '0000-00-00', NULL, 8679724, NULL, '2016-12-31 00:00:00', '2017-01-01 00:00:00', '0001-01-01 00:00:00', 'R'),
(125, 6, 118, 'active', '0000-00-00', NULL, 8679724, NULL, NULL, NULL, NULL, NULL),
(126, 6, 119, 'active', '0000-00-00', NULL, 1023780, NULL, NULL, NULL, NULL, NULL),
(127, 2, 120, 'active', '0000-00-00', NULL, 607686, NULL, '2017-01-12 00:00:00', '2017-01-01 00:00:00', NULL, 'R'),
(128, 2, 121, 'inactive', '0000-00-00', NULL, 551836, NULL, '2016-12-31 00:00:00', '2017-01-01 00:00:00', '0001-01-01 00:00:00', 'R'),
(129, 6, 122, 'active', '0000-00-00', NULL, 1016306, NULL, NULL, NULL, NULL, NULL),
(130, 6, 123, 'active', '0000-00-00', NULL, 727231, NULL, NULL, NULL, NULL, NULL),
(131, 6, 124, 'active', '0000-00-00', NULL, 956543, NULL, NULL, NULL, NULL, NULL),
(132, 6, 125, 'active', '0000-00-00', NULL, 678670, NULL, NULL, NULL, NULL, NULL),
(133, 6, 126, 'active', '0000-00-00', NULL, 1031294, NULL, NULL, NULL, NULL, NULL),
(134, 6, 127, 'active', '0000-00-00', NULL, 1031371, NULL, NULL, NULL, NULL, NULL),
(135, 6, 128, 'active', '0000-00-00', NULL, 1032468, NULL, NULL, NULL, NULL, NULL),
(136, 6, 129, 'active', '0000-00-00', NULL, 1032477, NULL, NULL, NULL, NULL, NULL),
(137, 6, 130, 'active', '0000-00-00', NULL, 1032511, NULL, NULL, NULL, NULL, NULL),
(138, 2, 131, 'inactive', '0000-00-00', NULL, 9328454, NULL, '2016-12-31 00:00:00', '2017-01-01 00:00:00', '0001-01-01 00:00:00', 'R'),
(139, 6, 131, 'active', '0000-00-00', NULL, 9328454, NULL, NULL, NULL, NULL, NULL),
(140, 2, 132, 'inactive', '0000-00-00', NULL, 676597, NULL, '2016-12-31 00:00:00', '2017-01-01 00:00:00', '0001-01-01 00:00:00', 'J'),
(141, 6, 132, 'active', '0000-00-00', NULL, 676597, NULL, NULL, NULL, NULL, NULL),
(142, 6, 133, 'active', '0000-00-00', NULL, 1040381, NULL, NULL, NULL, NULL, NULL),
(143, 6, 134, 'active', '0000-00-00', NULL, 1042498, NULL, NULL, NULL, NULL, NULL),
(144, 6, 135, 'active', '0000-00-00', NULL, 1042639, NULL, NULL, NULL, NULL, NULL),
(145, 6, 136, 'active', '0000-00-00', NULL, 1044772, NULL, NULL, NULL, NULL, NULL),
(146, 6, 137, 'active', '0000-00-00', NULL, 1044782, NULL, NULL, NULL, NULL, NULL),
(147, 6, 138, 'active', '0000-00-00', NULL, 1044793, NULL, NULL, NULL, NULL, NULL),
(148, 6, 139, 'active', '0000-00-00', NULL, 1044798, NULL, NULL, NULL, NULL, NULL),
(149, 6, 140, 'active', '0000-00-00', NULL, 1055028, NULL, NULL, NULL, NULL, NULL),
(150, 6, 141, 'active', '0000-00-00', NULL, 303821, NULL, NULL, NULL, NULL, NULL),
(151, 2, 142, 'active', '0000-00-00', NULL, 765783, NULL, '2017-01-11 00:00:00', '2017-01-01 00:00:00', '0001-01-01 00:00:00', 'J'),
(152, 6, 142, 'active', '0000-00-00', NULL, 765783, NULL, NULL, NULL, NULL, NULL),
(153, 6, 143, 'active', '0000-00-00', NULL, 1060643, NULL, NULL, NULL, NULL, NULL),
(154, 3, 142, 'active', '0000-00-00', NULL, 765783, NULL, NULL, NULL, NULL, NULL),
(155, 6, 144, 'active', '0000-00-00', NULL, 607570, NULL, NULL, NULL, NULL, NULL),
(156, 6, 145, 'active', '0000-00-00', NULL, 607899, NULL, NULL, NULL, NULL, NULL),
(157, 6, 146, 'active', '0000-00-00', NULL, 1064332, NULL, NULL, NULL, NULL, NULL),
(158, 6, 147, 'active', '0000-00-00', NULL, 1110781, NULL, NULL, NULL, NULL, NULL),
(159, 6, 148, 'pending', '0000-00-00', NULL, 0, NULL, NULL, NULL, NULL, NULL),
(160, 6, 149, 'active', '0000-00-00', NULL, 1110784, NULL, NULL, NULL, NULL, NULL),
(161, 6, 150, 'pending', '0000-00-00', NULL, 0, NULL, NULL, NULL, NULL, NULL),
(162, 6, 151, 'active', '0000-00-00', NULL, 1110789, NULL, NULL, NULL, NULL, NULL),
(163, 6, 152, 'active', '0000-00-00', NULL, 1110790, NULL, NULL, NULL, NULL, NULL),
(164, 6, 153, 'pending', '0000-00-00', NULL, 0, NULL, NULL, NULL, NULL, NULL),
(165, 6, 154, 'pending', '0000-00-00', NULL, 0, NULL, NULL, NULL, NULL, NULL),
(166, 6, 155, 'active', '0000-00-00', NULL, 1110796, NULL, NULL, NULL, NULL, NULL),
(167, 6, 156, 'active', '0000-00-00', NULL, 1110861, NULL, NULL, NULL, NULL, NULL),
(168, 6, 157, 'active', '0000-00-00', NULL, 1110888, NULL, NULL, NULL, NULL, NULL),
(169, 6, 158, 'active', '0000-00-00', NULL, 1111388, NULL, NULL, NULL, NULL, NULL),
(170, 6, 159, 'active', '0000-00-00', NULL, 1111418, NULL, NULL, NULL, NULL, NULL),
(171, 6, 160, 'active', '0000-00-00', NULL, 1118370, NULL, NULL, NULL, NULL, NULL),
(172, 6, 161, 'pending', '0000-00-00', NULL, 0, NULL, NULL, NULL, NULL, NULL),
(173, 6, 162, 'active', '0000-00-00', NULL, 1082668, NULL, NULL, NULL, NULL, NULL),
(174, 6, 163, 'active', '0000-00-00', NULL, 1119016, NULL, NULL, NULL, NULL, NULL),
(175, 6, 164, 'active', '0000-00-00', NULL, 1119038, NULL, NULL, NULL, NULL, NULL),
(176, 6, 165, 'active', '0000-00-00', NULL, 1119074, NULL, NULL, NULL, NULL, NULL),
(177, 6, 166, 'active', '0000-00-00', NULL, 1119107, NULL, NULL, NULL, NULL, NULL),
(178, 6, 167, 'active', '0000-00-00', NULL, 1120643, NULL, NULL, NULL, NULL, NULL),
(179, 6, 168, 'active', '0000-00-00', NULL, 1120661, NULL, NULL, NULL, NULL, NULL),
(180, 6, 169, 'pending', '0000-00-00', NULL, 0, NULL, NULL, NULL, NULL, NULL),
(181, 6, 170, 'active', '0000-00-00', NULL, 1120664, NULL, NULL, NULL, NULL, NULL),
(182, 6, 171, 'active', '0000-00-00', NULL, 1120667, NULL, NULL, NULL, NULL, NULL),
(183, 3, 162, 'active', '0000-00-00', NULL, 1082668, NULL, NULL, NULL, NULL, NULL),
(184, 2, 162, 'inactive', '0000-00-00', NULL, 1082668, NULL, '2016-12-31 00:00:00', '2017-01-01 00:00:00', '0001-01-01 00:00:00', 'R'),
(185, 6, 172, 'active', '0000-00-00', NULL, 1123694, NULL, NULL, NULL, NULL, NULL),
(186, 6, 173, 'pending', '0000-00-00', NULL, 0, NULL, NULL, NULL, NULL, NULL),
(187, 6, 174, 'active', '0000-00-00', NULL, 1123701, NULL, NULL, NULL, NULL, NULL),
(188, 6, 175, 'active', '0000-00-00', NULL, 1123705, NULL, NULL, NULL, NULL, NULL),
(189, 6, 176, 'active', '0000-00-00', NULL, 1123711, NULL, NULL, NULL, NULL, NULL),
(190, 6, 177, 'pending', '0000-00-00', NULL, 0, NULL, NULL, NULL, NULL, NULL),
(191, 6, 178, 'active', '0000-00-00', NULL, 1123720, NULL, NULL, NULL, NULL, NULL),
(192, 6, 179, 'active', '0000-00-00', NULL, 1123721, NULL, NULL, NULL, NULL, NULL),
(193, 6, 180, 'active', '0000-00-00', NULL, 1123722, NULL, NULL, NULL, NULL, NULL),
(194, 6, 181, 'active', '0000-00-00', NULL, 1123726, NULL, NULL, NULL, NULL, NULL),
(195, 6, 182, 'active', '0000-00-00', NULL, 1128545, NULL, NULL, NULL, NULL, NULL),
(196, 6, 183, 'active', '0000-00-00', NULL, 1128557, NULL, NULL, NULL, NULL, NULL),
(197, 6, 184, 'active', '0000-00-00', NULL, 1128562, NULL, NULL, NULL, NULL, NULL),
(198, 6, 185, 'active', '0000-00-00', NULL, 1128563, NULL, NULL, NULL, NULL, NULL),
(199, 6, 186, 'active', '0000-00-00', NULL, 1128601, NULL, NULL, NULL, NULL, NULL),
(200, 6, 187, 'active', '0000-00-00', NULL, 1128606, NULL, NULL, NULL, NULL, NULL),
(201, 6, 188, 'active', '0000-00-00', NULL, 1128619, NULL, NULL, NULL, NULL, NULL),
(202, 6, 189, 'active', '0000-00-00', NULL, 1128828, NULL, NULL, NULL, NULL, NULL),
(203, 6, 190, 'active', '0000-00-00', NULL, 1128832, NULL, NULL, NULL, NULL, NULL),
(204, 2, 191, 'inactive', '0000-00-00', NULL, 1136095, NULL, '2016-12-31 00:00:00', '2017-01-01 00:00:00', '0001-01-01 00:00:00', 'R'),
(205, 2, 192, 'inactive', '0000-00-00', NULL, 1136120, NULL, '2016-12-31 00:00:00', '2017-01-01 00:00:00', '0001-01-01 00:00:00', 'R'),
(206, 2, 193, 'inactive', '0000-00-00', NULL, 1136144, NULL, '2016-12-31 00:00:00', '2017-01-01 00:00:00', '0001-01-01 00:00:00', 'R'),
(207, 6, 194, 'active', '0000-00-00', NULL, 1136315, NULL, NULL, NULL, NULL, NULL),
(208, 6, 195, 'active', '0000-00-00', NULL, 1136413, NULL, NULL, NULL, NULL, NULL),
(209, 2, 194, 'inactive', '0000-00-00', NULL, 1136315, NULL, '2016-12-31 00:00:00', '2017-01-01 00:00:00', '0001-01-01 00:00:00', 'R'),
(210, 2, 196, 'inactive', '0000-00-00', NULL, 1139487, NULL, '2016-12-31 00:00:00', '2017-01-01 00:00:00', '0001-01-01 00:00:00', 'R'),
(211, 2, 197, 'inactive', '0000-00-00', NULL, 1139493, NULL, '2016-12-31 00:00:00', '2017-01-01 00:00:00', '0001-01-01 00:00:00', 'R'),
(212, 6, 198, 'active', '0000-00-00', NULL, 1140242, NULL, NULL, NULL, NULL, NULL),
(213, 6, 199, 'active', '0000-00-00', NULL, 1140273, NULL, NULL, NULL, NULL, NULL),
(214, 6, 200, 'active', '0000-00-00', NULL, 1140283, NULL, NULL, NULL, NULL, NULL),
(215, 6, 201, 'active', '0000-00-00', NULL, 1140295, NULL, NULL, NULL, NULL, NULL),
(216, 6, 202, 'pending', '0000-00-00', NULL, 0, NULL, NULL, NULL, NULL, NULL),
(217, 6, 203, 'active', '0000-00-00', NULL, 1146189, NULL, NULL, NULL, NULL, NULL),
(218, 6, 204, 'pending', '0000-00-00', NULL, 0, NULL, NULL, NULL, NULL, NULL),
(219, 6, 205, 'pending', '0000-00-00', NULL, 0, NULL, NULL, NULL, NULL, NULL),
(220, 6, 206, 'active', '0000-00-00', NULL, 1146208, NULL, NULL, NULL, NULL, NULL),
(221, 6, 207, 'pending', '0000-00-00', NULL, 0, NULL, NULL, NULL, NULL, NULL),
(222, 6, 208, 'active', '0000-00-00', NULL, 1146231, NULL, NULL, NULL, NULL, NULL),
(223, 6, 209, 'active', '0000-00-00', NULL, 1146234, NULL, NULL, NULL, NULL, NULL),
(224, 6, 210, 'active', '0000-00-00', NULL, 1146240, NULL, NULL, NULL, NULL, NULL),
(225, 6, 211, 'active', '0000-00-00', NULL, 1146249, NULL, NULL, NULL, NULL, NULL),
(226, 6, 212, 'active', '0000-00-00', NULL, 1146290, NULL, NULL, NULL, NULL, NULL),
(227, 6, 213, 'active', '0000-00-00', NULL, 1146289, NULL, NULL, NULL, NULL, NULL),
(228, 6, 214, 'active', '0000-00-00', NULL, 1151107, NULL, NULL, NULL, NULL, NULL),
(229, 2, 215, 'inactive', '0000-00-00', NULL, 1151117, NULL, '2016-12-31 00:00:00', '2017-01-01 00:00:00', '0001-01-01 00:00:00', 'R'),
(230, 2, 216, 'inactive', '0000-00-00', NULL, 1151118, NULL, '2016-12-31 00:00:00', '2017-01-01 00:00:00', '0001-01-01 00:00:00', 'R'),
(231, 2, 217, 'active', '0000-00-00', NULL, 1151217, NULL, '2016-07-22 00:00:00', '2017-01-01 00:00:00', '0001-01-01 00:00:00', 'R'),
(232, 6, 218, 'active', '0000-00-00', NULL, 1151724, NULL, NULL, NULL, NULL, NULL),
(233, 6, 219, 'active', '0000-00-00', NULL, 1157105, NULL, NULL, NULL, NULL, NULL),
(234, 6, 220, 'active', '0000-00-00', NULL, 1157125, NULL, NULL, NULL, NULL, NULL),
(235, 6, 221, 'active', '0000-00-00', NULL, 1157137, NULL, NULL, NULL, NULL, NULL),
(236, 6, 222, 'active', '0000-00-00', NULL, 1157138, NULL, NULL, NULL, NULL, NULL),
(237, 6, 223, 'active', '0000-00-00', NULL, 1157142, NULL, NULL, NULL, NULL, NULL),
(238, 6, 224, 'active', '0000-00-00', NULL, 1157144, NULL, NULL, NULL, NULL, NULL),
(239, 6, 225, 'active', '0000-00-00', NULL, 1157183, NULL, NULL, NULL, NULL, NULL),
(240, 6, 226, 'active', '0000-00-00', NULL, 1157204, NULL, NULL, NULL, NULL, NULL),
(241, 6, 227, 'active', '0000-00-00', NULL, 1157207, NULL, NULL, NULL, NULL, NULL),
(242, 6, 228, 'active', '0000-00-00', NULL, 1159464, NULL, NULL, NULL, NULL, NULL),
(243, 6, 229, 'active', '0000-00-00', NULL, 1159471, NULL, NULL, NULL, NULL, NULL),
(244, 6, 230, 'active', '0000-00-00', NULL, 1159473, NULL, NULL, NULL, NULL, NULL),
(245, 2, 231, 'active', '0000-00-00', NULL, 1201916, NULL, NULL, NULL, NULL, NULL),
(246, 8, 146, 'inactive', '0000-00-00', NULL, 1064332, NULL, '2016-12-31 00:00:00', '2017-01-01 00:00:00', '0001-01-01 00:00:00', 'R'),
(247, 9, 232, 'inactive', '0000-00-00', NULL, 1210363, NULL, '2016-12-31 00:00:00', '2017-01-01 00:00:00', '0001-01-01 00:00:00', 'R'),
(248, 8, 233, 'inactive', '0000-00-00', NULL, 1210368, NULL, '2016-12-31 00:00:00', '2017-01-01 00:00:00', '0001-01-01 00:00:00', 'R'),
(249, 2, 146, 'active', '0000-00-00', NULL, 1064332, NULL, '2017-01-11 00:00:00', '2017-01-01 00:00:00', '0001-01-01 00:00:00', 'R'),
(250, 10, 234, 'active', '0000-00-00', NULL, 1211239, NULL, NULL, NULL, NULL, NULL),
(251, 10, 146, 'active', '0000-00-00', NULL, 1064332, NULL, NULL, NULL, NULL, NULL),
(252, 3, 146, 'active', '0000-00-00', NULL, 1064332, NULL, NULL, NULL, NULL, NULL),
(253, 6, 232, 'active', '0000-00-00', NULL, 1210363, NULL, NULL, NULL, NULL, NULL),
(254, 2, 235, 'inactive', '0000-00-00', NULL, 1212199, NULL, '2016-12-31 00:00:00', '2017-01-01 00:00:00', '0001-01-01 00:00:00', 'R'),
(255, 1, 235, 'inactive', '0000-00-00', NULL, 1212199, NULL, '2016-12-31 00:00:00', '2017-01-01 00:00:00', '0001-01-01 00:00:00', 'R'),
(256, 8, 142, 'inactive', '0000-00-00', NULL, 765783, NULL, '2016-12-31 00:00:00', '2017-01-01 00:00:00', '0001-01-01 00:00:00', 'R'),
(257, 8, 236, 'inactive', '0000-00-00', NULL, 388216, NULL, '2016-12-31 00:00:00', '2017-01-01 00:00:00', '0001-01-01 00:00:00', 'R'),
(258, 7, 237, 'active', '0000-00-00', NULL, 1140137, NULL, NULL, NULL, NULL, NULL),
(259, 3, 238, 'active', '0000-00-00', NULL, 1223131, NULL, NULL, NULL, NULL, NULL),
(260, 7, 239, 'active', '0000-00-00', NULL, 1223135, NULL, NULL, NULL, NULL, NULL),
(261, 8, 239, 'inactive', '0000-00-00', NULL, 1223135, NULL, '2016-12-31 00:00:00', '2017-01-01 00:00:00', '0001-01-01 00:00:00', 'R'),
(262, 2, 239, 'inactive', '0000-00-00', NULL, 1223135, NULL, '2016-12-31 00:00:00', '2017-01-01 00:00:00', '0001-01-01 00:00:00', 'R'),
(263, 6, 239, 'active', '0000-00-00', NULL, 1223135, NULL, NULL, NULL, NULL, NULL),
(264, 6, 240, 'active', '0000-00-00', NULL, 1223230, NULL, NULL, NULL, NULL, NULL),
(265, 2, 259, 'active', '2017-01-11', NULL, 1781523, NULL, '2017-01-11 00:00:00', '2017-01-01 00:00:00', '0001-01-01 00:00:00', 'R'),
(266, 2, 260, 'active', '2016-11-12', NULL, 1783157, NULL, '2017-01-11 00:00:00', '2017-01-01 00:00:00', '0001-01-01 00:00:00', 'R'),
(267, 2, 261, 'active', '2016-11-12', NULL, 1783239, NULL, '2017-01-11 00:00:00', '2017-01-01 00:00:00', '0001-01-01 00:00:00', 'R'),
(268, 2, 262, 'active', '2016-12-12', NULL, 1783248, NULL, '2017-01-11 00:00:00', '2017-01-01 00:00:00', '0001-01-01 00:00:00', 'R'),
(269, 2, 263, 'inactive', '2016-12-12', NULL, 1783257, NULL, '2017-01-12 00:00:00', '2017-01-01 00:00:00', '0001-01-01 00:00:00', 'R'),
(270, 2, 264, 'active', '2017-01-12', NULL, 1775828, NULL, '2017-01-10 00:00:00', '2017-01-01 00:00:00', '0001-01-01 00:00:00', 'R'),
(271, 2, 265, 'inactive', '2017-01-12', NULL, 7466278, NULL, '2016-12-31 00:00:00', '2017-01-01 00:00:00', '0001-01-01 00:00:00', 'J'),
(272, 2, 266, 'inactive', '2017-01-12', NULL, 370343, NULL, '2016-12-31 00:00:00', '2017-01-01 00:00:00', '0001-01-01 00:00:00', 'R'),
(273, 2, 267, 'inactive', '2017-01-12', NULL, 1077875, NULL, '2016-12-31 00:00:00', '2017-01-01 00:00:00', '0001-01-01 00:00:00', 'R'),
(274, 2, 268, 'inactive', '2017-01-12', NULL, 9331628, NULL, '2016-12-31 00:00:00', '2017-01-01 00:00:00', '0001-01-01 00:00:00', 'R'),
(275, 2, 269, 'active', '2017-01-12', NULL, 1616157, NULL, '2016-12-07 00:00:00', '2017-01-01 00:00:00', '0001-01-01 00:00:00', 'R'),
(276, 2, 270, 'inactive', '2017-01-12', NULL, 116116, NULL, '2016-12-31 00:00:00', '2017-01-01 00:00:00', '0001-01-01 00:00:00', 'R'),
(277, 2, 271, 'inactive', '2017-01-12', NULL, 590700, NULL, '2016-12-31 00:00:00', '2017-01-01 00:00:00', '0001-01-01 00:00:00', 'R'),
(278, 2, 272, 'inactive', '2017-01-12', NULL, 590293, NULL, '2016-12-31 00:00:00', '2017-01-01 00:00:00', '0001-01-01 00:00:00', 'R'),
(279, 2, 273, 'inactive', '2017-01-12', NULL, 9337871, NULL, '2016-12-31 00:00:00', '2017-01-01 00:00:00', '0001-01-01 00:00:00', 'R'),
(280, 2, 269, 'active', '2017-01-12', NULL, 1616456, NULL, '2016-12-07 00:00:00', '2017-01-01 00:00:00', '0001-01-01 00:00:00', 'R'),
(281, 2, 274, 'inactive', '2017-01-12', NULL, 298780, NULL, '2016-12-31 00:00:00', '2017-01-01 00:00:00', '0001-01-01 00:00:00', 'R'),
(282, 2, 275, 'active', '2017-01-12', NULL, 1211909, NULL, '2016-08-18 00:00:00', '2017-01-01 00:00:00', '0001-01-01 00:00:00', 'R'),
(283, 2, 276, 'inactive', '2017-01-12', NULL, 8691302, NULL, '2015-01-05 00:00:00', '2017-01-01 00:00:00', '0001-01-01 00:00:00', 'R'),
(284, 2, 277, 'inactive', '2017-01-12', NULL, 590526, NULL, '2016-12-31 00:00:00', '2017-01-01 00:00:00', '0001-01-01 00:00:00', 'R'),
(285, 2, 278, 'inactive', '2017-01-12', NULL, 608424, NULL, '2016-12-31 00:00:00', '2017-01-01 00:00:00', '0001-01-01 00:00:00', 'R'),
(286, 2, 275, 'active', '2017-01-12', NULL, 1223131, NULL, '2017-01-09 00:00:00', '2017-01-01 00:00:00', '0001-01-01 00:00:00', 'R'),
(287, 2, 279, 'inactive', '2017-01-12', NULL, 606420, NULL, '2015-12-01 00:00:00', '2017-01-01 00:00:00', '0001-01-01 00:00:00', 'R'),
(288, 2, 280, 'active', '2017-01-12', NULL, 1705393, NULL, '2017-01-06 00:00:00', '2017-01-01 00:00:00', '0001-01-01 00:00:00', 'R'),
(289, 2, 281, 'inactive', '2017-01-12', NULL, 9337722, NULL, '2016-12-31 00:00:00', '2017-01-01 00:00:00', '0001-01-01 00:00:00', 'R'),
(290, 2, 282, 'inactive', '2017-01-12', NULL, 770081, NULL, '2016-12-31 00:00:00', '2017-01-01 00:00:00', '0001-01-01 00:00:00', 'J'),
(291, 2, 283, 'inactive', '2017-01-12', NULL, 1041288, NULL, '2016-12-31 00:00:00', '2017-01-01 00:00:00', '0001-01-01 00:00:00', 'R'),
(292, 2, 284, 'inactive', '2017-01-12', NULL, 1082620, NULL, '2016-12-31 00:00:00', '2017-01-01 00:00:00', '0001-01-01 00:00:00', 'R'),
(293, 2, 285, 'active', '2017-01-12', NULL, 297753, NULL, '2015-11-20 00:00:00', '2017-01-01 00:00:00', '0001-01-01 00:00:00', 'R'),
(294, 2, 286, 'active', '2017-01-12', NULL, 1076611, NULL, '2016-06-24 00:00:00', '2017-01-01 00:00:00', '0001-01-01 00:00:00', 'R'),
(295, 2, 287, 'inactive', '2017-01-12', NULL, 198841, NULL, '2016-12-31 00:00:00', '2017-01-01 00:00:00', '0001-01-01 00:00:00', 'R'),
(296, 2, 288, 'active', '2017-01-12', NULL, 1555792, NULL, '2016-11-22 00:00:00', '2017-01-01 00:00:00', '0001-01-01 00:00:00', 'R'),
(297, 2, 289, 'inactive', '2017-01-12', NULL, 590468, NULL, '2016-12-31 00:00:00', '2017-01-01 00:00:00', '0001-01-01 00:00:00', 'R'),
(298, 2, 290, 'inactive', '2017-01-12', NULL, 301493, NULL, '2015-12-08 00:00:00', '2017-01-01 00:00:00', '0001-01-01 00:00:00', 'J'),
(299, 2, 291, 'inactive', '2017-01-12', NULL, 602402, NULL, '2016-12-31 00:00:00', '2017-01-01 00:00:00', '0001-01-01 00:00:00', 'R'),
(300, 2, 292, 'inactive', '2017-01-12', NULL, 602401, NULL, '2016-12-31 00:00:00', '2017-01-01 00:00:00', '0001-01-01 00:00:00', 'R'),
(301, 2, 293, 'active', '2017-01-12', NULL, 1725885, NULL, '2017-01-02 00:00:00', '2017-01-01 00:00:00', '0001-01-01 00:00:00', 'J'),
(302, 2, 294, 'inactive', '2017-01-12', NULL, 424789, NULL, '2016-05-02 00:00:00', '2017-01-01 00:00:00', '0001-01-01 00:00:00', 'R'),
(303, 2, 269, 'active', '2017-01-12', NULL, 1616094, NULL, '2016-12-07 00:00:00', '2017-01-01 00:00:00', '0001-01-01 00:00:00', 'R'),
(304, 2, 295, 'inactive', '2017-01-12', NULL, 603650, NULL, '2016-12-31 00:00:00', '2017-01-01 00:00:00', '0001-01-01 00:00:00', 'R'),
(305, 2, 296, 'inactive', '2017-01-12', NULL, 1082502, NULL, '2016-12-31 00:00:00', '2017-01-01 00:00:00', '0001-01-01 00:00:00', 'R'),
(306, 2, 297, 'active', '2017-01-12', NULL, 1648964, NULL, '2016-12-14 00:00:00', '2017-01-01 00:00:00', '0001-01-01 00:00:00', 'R'),
(307, 2, 298, 'inactive', '2017-01-12', NULL, 606427, NULL, '2015-12-31 00:00:00', '2017-01-01 00:00:00', '0001-01-01 00:00:00', 'R'),
(308, 2, 299, 'inactive', '2017-01-12', NULL, 1986853, NULL, '2016-12-31 00:00:00', '2017-01-01 00:00:00', '0001-01-01 00:00:00', 'R'),
(309, 2, 300, 'active', '2017-01-12', NULL, 890377, NULL, '2017-01-09 00:00:00', '2017-01-01 00:00:00', '0001-01-01 00:00:00', 'R'),
(310, 2, 301, 'inactive', '2017-01-12', NULL, 545057, NULL, '2015-11-20 00:00:00', '2017-01-01 00:00:00', '0001-01-01 00:00:00', 'R'),
(311, 2, 302, 'inactive', '2017-01-12', NULL, 770144, NULL, '2016-12-31 00:00:00', '2017-01-01 00:00:00', '0001-01-01 00:00:00', 'R'),
(312, 2, 303, 'inactive', '2017-01-12', NULL, 369725, NULL, '2016-12-31 00:00:00', '2017-01-01 00:00:00', '0001-01-01 00:00:00', 'R'),
(313, 2, 304, 'active', '2017-01-12', NULL, 1211239, NULL, '2017-01-08 00:00:00', '2017-01-01 00:00:00', '0001-01-01 00:00:00', 'R'),
(314, 2, 305, 'inactive', '2017-01-12', NULL, 990791, NULL, '2016-12-31 00:00:00', '2017-01-01 00:00:00', '0001-01-01 00:00:00', 'R'),
(315, 2, 306, 'inactive', '2017-01-12', NULL, 1082496, NULL, '2016-12-31 00:00:00', '2017-01-01 00:00:00', '0001-01-01 00:00:00', 'J'),
(316, 2, 307, 'inactive', '2017-01-12', NULL, 1087166, NULL, '2016-06-29 00:00:00', '2017-01-01 00:00:00', '0001-01-01 00:00:00', 'R'),
(317, 2, 308, 'inactive', '2017-01-12', NULL, 37870, NULL, '2015-08-31 00:00:00', '2017-01-01 00:00:00', '1970-01-01 00:00:00', 'R'),
(318, 2, 309, 'inactive', '2017-01-12', NULL, 689652, NULL, '2016-12-31 00:00:00', '2017-01-01 00:00:00', '0001-01-01 00:00:00', 'R'),
(319, 2, 310, 'active', '2017-01-12', NULL, 1174720, NULL, '2016-08-02 00:00:00', '2017-01-01 00:00:00', '0001-01-01 00:00:00', 'R'),
(320, 2, 311, 'inactive', '2017-01-12', NULL, 1082582, NULL, '2016-12-31 00:00:00', '2017-01-01 00:00:00', '0001-01-01 00:00:00', 'R'),
(321, 2, 312, 'inactive', '2017-01-12', NULL, 649446, NULL, '2016-12-31 00:00:00', '2017-01-01 00:00:00', '0001-01-01 00:00:00', 'R'),
(322, 2, 313, 'active', '2017-01-12', NULL, 1780474, NULL, '2017-01-11 00:00:00', '2017-01-01 00:00:00', '0001-01-01 00:00:00', 'R'),
(323, 2, 314, 'active', '2017-01-12', NULL, 606442, NULL, '2017-01-09 00:00:00', '2017-01-01 00:00:00', '0001-01-01 00:00:00', 'R'),
(324, 2, 315, 'active', '2017-01-12', NULL, 1742630, NULL, '2017-01-04 00:00:00', '2017-01-01 00:00:00', '0001-01-01 00:00:00', 'R'),
(325, 2, 316, 'active', '2017-01-12', NULL, 119226, NULL, '2015-12-02 00:00:00', '2017-01-01 00:00:00', '0001-01-01 00:00:00', 'R'),
(326, 2, 317, 'inactive', '2017-01-12', NULL, 367295, NULL, '2015-08-31 00:00:00', '2017-01-01 00:00:00', '0001-01-01 00:00:00', 'R'),
(327, 2, 318, 'inactive', '2017-01-12', NULL, 800078, NULL, '2016-06-02 00:00:00', '2017-01-01 00:00:00', '0001-01-01 00:00:00', 'R'),
(328, 2, 319, 'active', '2017-01-12', NULL, 1190459, NULL, '2016-08-10 00:00:00', '2017-01-01 00:00:00', '0001-01-01 00:00:00', 'R'),
(329, 2, 320, 'inactive', '2017-01-12', NULL, 608249, NULL, '2016-12-31 00:00:00', '2017-01-01 00:00:00', '0001-01-01 00:00:00', 'R'),
(330, 2, 321, 'inactive', '2017-01-12', NULL, 602404, NULL, '2016-11-30 00:00:00', '2017-01-01 00:00:00', '0001-01-01 00:00:00', 'R'),
(331, 2, 322, 'inactive', '2017-01-12', NULL, 551828, NULL, '2016-12-31 00:00:00', '2017-01-01 00:00:00', '0001-01-01 00:00:00', 'R'),
(332, 2, 323, 'active', '2017-01-12', NULL, 1940, NULL, '2016-06-06 00:00:00', '2017-01-01 00:00:00', '0001-01-01 00:00:00', 'R'),
(333, 2, 324, 'inactive', '2017-01-12', NULL, 1247029, NULL, '2016-08-31 00:00:00', '2017-01-01 00:00:00', '0001-01-01 00:00:00', 'R'),
(334, 2, 325, 'inactive', '2017-01-12', NULL, 1082619, NULL, '2016-06-27 00:00:00', '2017-01-01 00:00:00', '0001-01-01 00:00:00', 'R'),
(335, 2, 326, 'active', '2017-01-12', NULL, 1765395, NULL, '2017-01-09 00:00:00', '2017-01-01 00:00:00', '0001-01-01 00:00:00', 'R'),
(336, 2, 269, 'active', '2017-01-12', NULL, 1616393, NULL, '2016-12-07 00:00:00', '2017-01-01 00:00:00', '0001-01-01 00:00:00', 'R'),
(337, 2, 269, 'active', '2017-01-12', NULL, 1616369, NULL, '2016-12-07 00:00:00', '2017-01-01 00:00:00', '0001-01-01 00:00:00', 'R'),
(338, 2, 327, 'inactive', '2017-01-12', NULL, 588518, NULL, '2016-12-31 00:00:00', '2017-01-01 00:00:00', '0001-01-01 00:00:00', 'R'),
(339, 2, 328, 'active', '2017-01-12', NULL, 300622, NULL, '2017-01-10 00:00:00', '2017-01-01 00:00:00', '0001-01-01 00:00:00', 'R'),
(340, 2, 329, 'inactive', '2017-01-12', NULL, 767927, NULL, '2016-12-31 00:00:00', '2017-01-01 00:00:00', '0001-01-01 00:00:00', 'R'),
(341, 2, 275, 'active', '2017-01-12', NULL, 1211958, NULL, '2016-08-18 00:00:00', '2017-01-01 00:00:00', '0001-01-01 00:00:00', 'R'),
(342, 2, 330, 'inactive', '2017-01-12', NULL, 8701734, NULL, '2017-01-10 00:00:00', '2017-01-01 00:00:00', '0001-01-01 00:00:00', 'R'),
(343, 2, 269, 'active', '2017-01-12', NULL, 1616123, NULL, '2016-12-07 00:00:00', '2017-01-01 00:00:00', '0001-01-01 00:00:00', 'R'),
(344, 2, 331, 'active', '2017-01-12', NULL, 1583872, NULL, '2016-11-30 00:00:00', '2017-01-01 00:00:00', '0001-01-01 00:00:00', 'R'),
(345, 2, 332, 'inactive', '2017-01-12', NULL, 1260290, NULL, '2016-08-31 00:00:00', '2017-01-01 00:00:00', '0001-01-01 00:00:00', 'R'),
(346, 2, 333, 'active', '2017-01-12', NULL, 1260376, NULL, '2016-08-29 00:00:00', '2017-01-01 00:00:00', '0001-01-01 00:00:00', 'R'),
(347, 2, 264, 'active', '2017-01-12', NULL, 1775737, NULL, '2017-01-10 00:00:00', '2017-01-01 00:00:00', '0001-01-01 00:00:00', 'R'),
(348, 2, 334, 'inactive', '2017-01-12', NULL, 1263334, NULL, '2016-08-31 00:00:00', '2017-01-01 00:00:00', '0001-01-01 00:00:00', 'R'),
(349, 2, 335, 'active', '2017-01-12', NULL, 1077857, NULL, '2016-06-24 00:00:00', '2017-01-01 00:00:00', '0001-01-01 00:00:00', 'R'),
(350, 2, 264, 'active', '2017-01-12', NULL, 1775725, NULL, '2017-01-10 00:00:00', '2017-01-01 00:00:00', '0001-01-01 00:00:00', 'R'),
(351, 2, 336, 'active', '2017-01-12', NULL, 1555612, NULL, '2016-11-21 00:00:00', '2017-01-01 00:00:00', '0001-01-01 00:00:00', 'R'),
(352, 2, 337, 'inactive', '2017-01-12', NULL, 590473, NULL, '2016-12-31 00:00:00', '2017-01-01 00:00:00', '0001-01-01 00:00:00', 'R'),
(353, 2, 338, 'inactive', '2017-01-12', NULL, 301194, NULL, '2016-12-31 00:00:00', '2017-01-01 00:00:00', '0001-01-01 00:00:00', 'R'),
(354, 2, 339, 'inactive', '2017-01-12', NULL, 651780, NULL, '2016-12-31 00:00:00', '2017-01-01 00:00:00', '0001-01-01 00:00:00', 'R'),
(355, 2, 340, 'inactive', '2017-01-12', NULL, 608393, NULL, '2016-12-31 00:00:00', '2017-01-01 00:00:00', '0001-01-01 00:00:00', 'R'),
(356, 2, 341, 'inactive', '2017-01-12', NULL, 648259, NULL, '2016-12-31 00:00:00', '2017-01-01 00:00:00', '0001-01-01 00:00:00', 'R'),
(357, 2, 342, 'active', '2017-01-12', NULL, 1174254, NULL, '2016-08-02 00:00:00', '2017-01-01 00:00:00', '0001-01-01 00:00:00', 'R'),
(358, 2, 343, 'inactive', '2017-01-12', NULL, 1084482, NULL, '2016-12-31 00:00:00', '2017-01-01 00:00:00', '0001-01-01 00:00:00', 'R'),
(359, 2, 344, 'inactive', '2017-01-12', NULL, 9714730, NULL, '2016-12-31 00:00:00', '2017-01-01 00:00:00', '0001-01-01 00:00:00', 'R'),
(360, 2, 345, 'active', '2017-01-12', NULL, 1210365, NULL, '2016-08-17 00:00:00', '2017-01-01 00:00:00', '0001-01-01 00:00:00', 'R'),
(361, 2, 313, 'active', '2017-01-12', NULL, 1780424, NULL, '2017-01-11 00:00:00', '2017-01-01 00:00:00', '0001-01-01 00:00:00', 'R'),
(362, 2, 346, 'inactive', '2017-01-12', NULL, 1082618, NULL, '2016-12-31 00:00:00', '2017-01-01 00:00:00', '0001-01-01 00:00:00', 'R'),
(363, 2, 264, 'active', '2017-01-12', NULL, 1775659, NULL, '2017-01-10 00:00:00', '2017-01-01 00:00:00', '0001-01-01 00:00:00', 'R'),
(364, 2, 347, 'inactive', '2017-01-12', NULL, 606374, NULL, '2016-12-31 00:00:00', '2017-01-01 00:00:00', '0001-01-01 00:00:00', 'R'),
(365, 2, 275, 'active', '2017-01-12', NULL, 1211960, NULL, '2016-08-18 00:00:00', '2017-01-01 00:00:00', '0001-01-01 00:00:00', 'R'),
(366, 2, 348, 'inactive', '2017-01-12', NULL, 9888888, NULL, '2016-12-31 00:00:00', '2017-01-01 00:00:00', '1970-01-01 00:00:00', 'R'),
(367, 2, 349, 'active', '2017-01-12', NULL, 1076197, NULL, '2016-06-24 00:00:00', '2017-01-01 00:00:00', '0001-01-01 00:00:00', 'R'),
(368, 2, 350, 'inactive', '2017-01-12', NULL, 590268, NULL, '2016-12-31 00:00:00', '2017-01-01 00:00:00', '0001-01-01 00:00:00', 'R'),
(369, 2, 351, 'active', '2017-01-12', NULL, 1088772, NULL, '2016-06-29 00:00:00', '2017-01-01 00:00:00', '0001-01-01 00:00:00', 'R'),
(370, 2, 269, 'active', '2017-01-12', NULL, 1616390, NULL, '2016-12-07 00:00:00', '2017-01-01 00:00:00', '0001-01-01 00:00:00', 'R'),
(371, 2, 352, 'inactive', '2017-01-12', NULL, 297802, NULL, '2016-12-31 00:00:00', '2017-01-01 00:00:00', '0001-01-01 00:00:00', 'R'),
(372, 2, 353, 'inactive', '2017-01-12', NULL, 603023, NULL, '2016-12-31 00:00:00', '2017-01-01 00:00:00', '0001-01-01 00:00:00', 'R'),
(373, 2, 354, 'active', '2017-01-12', NULL, 1555789, NULL, '2016-11-22 00:00:00', '2017-01-01 00:00:00', '0001-01-01 00:00:00', 'R'),
(374, 2, 355, 'inactive', '2017-01-12', NULL, 1861404, NULL, '2016-12-31 00:00:00', '2017-01-01 00:00:00', '0001-01-01 00:00:00', 'R'),
(375, 2, 356, 'inactive', '2017-01-12', NULL, 1077596, NULL, '2016-12-31 00:00:00', '2017-01-01 00:00:00', '0001-01-01 00:00:00', 'J'),
(376, 2, 357, 'inactive', '2017-01-12', NULL, 606433, NULL, '2016-12-31 00:00:00', '2017-01-01 00:00:00', '0001-01-01 00:00:00', 'R'),
(377, 2, 358, 'inactive', '2017-01-12', NULL, 7466267, NULL, '2016-12-31 00:00:00', '2017-01-01 00:00:00', '0001-01-01 00:00:00', 'R'),
(378, 2, 359, 'inactive', '2017-01-12', NULL, 1176696, NULL, '2016-12-31 00:00:00', '2017-01-01 00:00:00', '0001-01-01 00:00:00', 'R'),
(379, 2, 360, 'active', '2017-01-12', NULL, 298387, NULL, '2015-11-20 00:00:00', '2017-01-01 00:00:00', '0001-01-01 00:00:00', 'R'),
(380, 2, 361, 'inactive', '2017-01-12', NULL, 1859933, NULL, '2016-12-31 00:00:00', '2017-01-01 00:00:00', '0001-01-01 00:00:00', 'R'),
(381, 2, 362, 'inactive', '2017-01-12', NULL, 603253, NULL, '2015-11-30 00:00:00', '2017-01-01 00:00:00', '0001-01-01 00:00:00', 'R'),
(382, 2, 363, 'active', '2017-01-12', NULL, 1174413, NULL, '2016-08-02 00:00:00', '2017-01-01 00:00:00', '0001-01-01 00:00:00', 'R'),
(383, 2, 364, 'inactive', '2017-01-12', NULL, 1343894, NULL, '2016-12-31 00:00:00', '2017-01-01 00:00:00', '0001-01-01 00:00:00', 'R'),
(384, 2, 365, 'inactive', '2017-01-12', NULL, 874999, NULL, '2016-04-26 00:00:00', '2017-01-01 00:00:00', '0001-01-01 00:00:00', 'J'),
(385, 2, 366, 'inactive', '2017-01-12', NULL, 607378, NULL, '2016-12-31 00:00:00', '2017-01-01 00:00:00', '0001-01-01 00:00:00', 'R'),
(386, 2, 367, 'inactive', '2017-01-12', NULL, 1859931, NULL, '2016-12-31 00:00:00', '2017-01-01 00:00:00', '1970-01-01 00:00:00', 'R'),
(387, 2, 368, 'inactive', '2017-01-12', NULL, 608433, NULL, '2016-12-31 00:00:00', '2017-01-01 00:00:00', '0001-01-01 00:00:00', 'R'),
(388, 2, 369, 'inactive', '2017-01-12', NULL, 9337062, NULL, '2016-12-31 00:00:00', '2017-01-01 00:00:00', '0001-01-01 00:00:00', 'R'),
(389, 2, 370, 'inactive', '2017-01-12', NULL, 593735, NULL, '2016-12-31 00:00:00', '2017-01-01 00:00:00', '0001-01-01 00:00:00', 'R'),
(390, 2, 371, 'active', '2017-01-12', NULL, 1076204, NULL, '2016-06-24 00:00:00', '2017-01-01 00:00:00', '0001-01-01 00:00:00', 'R'),
(391, 2, 372, 'active', '2017-01-12', NULL, 783699, NULL, '2016-01-11 00:00:00', '2017-01-01 00:00:00', '0001-01-01 00:00:00', 'R'),
(392, 2, 373, 'inactive', '2017-01-12', NULL, 1177793, NULL, '2016-09-01 00:00:00', '2017-01-01 00:00:00', '0001-01-01 00:00:00', 'R'),
(393, 2, 374, 'inactive', '2017-01-12', NULL, 300479, NULL, '2016-12-31 00:00:00', '2017-01-01 00:00:00', '0001-01-01 00:00:00', 'R'),
(394, 2, 269, 'active', '2017-01-12', NULL, 1616233, NULL, '2016-12-07 00:00:00', '2017-01-01 00:00:00', '0001-01-01 00:00:00', 'R'),
(395, 2, 375, 'inactive', '2017-01-12', NULL, 602389, NULL, '2015-12-03 00:00:00', '2017-01-01 00:00:00', '0001-01-01 00:00:00', 'R'),
(396, 2, 275, 'active', '2017-01-12', NULL, 1211319, NULL, '2016-08-18 00:00:00', '2017-01-01 00:00:00', '0001-01-01 00:00:00', 'R'),
(397, 2, 264, 'active', '2017-01-12', NULL, 1775557, NULL, '2017-01-10 00:00:00', '2017-01-01 00:00:00', '0001-01-01 00:00:00', 'R'),
(398, 2, 376, 'active', '2017-01-12', NULL, 1174164, NULL, '2016-08-02 00:00:00', '2017-01-01 00:00:00', '0001-01-01 00:00:00', 'R'),
(399, 2, 377, 'inactive', '2017-01-12', NULL, 606403, NULL, '2015-12-01 00:00:00', '2017-01-01 00:00:00', '0001-01-01 00:00:00', 'R'),
(400, 2, 378, 'inactive', '2017-01-12', NULL, 1077647, NULL, '2016-12-31 00:00:00', '2017-01-01 00:00:00', '0001-01-01 00:00:00', 'J'),
(401, 4, 379, 'active', '2017-01-12', NULL, 1555590, NULL, '2016-11-21 00:00:00', '2017-01-01 00:00:00', '0001-01-01 00:00:00', 'R'),
(402, 1, 380, 'active', '2016-11-14', NULL, 1830983, NULL, '2017-01-13 00:00:00', '2017-01-01 00:00:00', '0001-01-01 00:00:00', 'R'),
(403, 1, 381, 'active', '2016-11-14', NULL, 1830894, NULL, '2017-01-13 00:00:00', '2017-01-01 00:00:00', '0001-01-01 00:00:00', 'J'),
(404, 1, 382, 'inactive', '2016-11-14', NULL, 1445280, NULL, '2016-10-18 00:00:00', '2017-01-01 00:00:00', '0001-01-01 00:00:00', 'R'),
(405, 1, 383, 'inactive', '2016-11-14', NULL, 1449708, NULL, '2016-10-18 00:00:00', '2017-01-01 00:00:00', '0001-01-01 00:00:00', 'R'),
(406, 1, 384, 'active', '2016-11-14', NULL, 1658948, NULL, '2016-12-15 00:00:00', '2017-01-01 00:00:00', '0001-01-01 00:00:00', 'R'),
(407, 1, 384, 'active', '2016-11-14', NULL, 1658950, NULL, '2016-12-15 00:00:00', '2017-01-01 00:00:00', '0001-01-01 00:00:00', 'R'),
(408, 1, 385, 'inactive', '2016-11-14', NULL, 1353239, NULL, '2016-10-18 00:00:00', '2017-01-01 00:00:00', '0001-01-01 00:00:00', 'R'),
(409, 1, 386, 'inactive', '2016-11-14', NULL, 1445721, NULL, '2016-10-18 00:00:00', '2017-01-01 00:00:00', '0001-01-01 00:00:00', 'R'),
(410, 1, 387, 'inactive', '2016-11-14', NULL, 1441150, NULL, '2016-10-18 00:00:00', '2017-01-01 00:00:00', '0001-01-01 00:00:00', 'R'),
(411, 1, 146, 'active', '2016-11-14', NULL, 1064332, NULL, '2017-01-13 00:00:00', '2017-01-01 00:00:00', NULL, 'R'),
(412, 1, 388, 'inactive', '2016-11-14', NULL, 1445681, NULL, '2016-10-18 00:00:00', '2017-01-01 00:00:00', '0001-01-01 00:00:00', 'R'),
(413, 1, 389, 'inactive', '2016-11-14', NULL, 1448959, NULL, '2016-10-18 00:00:00', '2017-01-01 00:00:00', '0001-01-01 00:00:00', 'R'),
(414, 1, 390, 'inactive', '2016-11-14', NULL, 1441434, NULL, '2016-10-18 00:00:00', '2017-01-01 00:00:00', '0001-01-01 00:00:00', 'R'),
(415, 1, 300, 'inactive', '2016-11-14', NULL, 890377, NULL, '2016-12-31 00:00:00', '2017-01-01 00:00:00', '0001-01-01 00:00:00', 'R'),
(416, 1, 391, 'active', '2016-11-14', NULL, 1076230, NULL, '2016-06-24 00:00:00', '2017-01-01 00:00:00', '0001-01-01 00:00:00', 'R'),
(417, 1, 162, 'inactive', '2016-11-14', NULL, 1082668, NULL, '2016-12-31 00:00:00', '2017-01-01 00:00:00', '0001-01-01 00:00:00', 'R'),
(418, 1, 391, 'active', '2016-11-14', NULL, 1076219, NULL, '2016-06-24 00:00:00', '2017-01-01 00:00:00', '0001-01-01 00:00:00', 'R'),
(419, 1, 284, 'inactive', '2016-11-14', NULL, 1076345, NULL, '2016-12-31 00:00:00', '2017-01-01 00:00:00', '0001-01-01 00:00:00', 'R'),
(420, 1, 392, 'inactive', '2016-11-14', NULL, 701658, NULL, '2016-12-31 00:00:00', '2017-01-01 00:00:00', '0001-01-01 00:00:00', 'R'),
(421, 8, 345, 'active', '2016-11-14', NULL, 1211074, NULL, '2016-08-18 00:00:00', '2017-01-01 00:00:00', '0001-01-01 00:00:00', 'R'),
(422, 8, 345, 'active', '2016-11-14', NULL, 1210364, NULL, '2016-08-17 00:00:00', '2017-01-01 00:00:00', '0001-01-01 00:00:00', 'R'),
(423, 9, 146, 'inactive', '2016-11-14', NULL, 1064332, NULL, '2016-12-31 00:00:00', '2017-01-01 00:00:00', '0001-01-01 00:00:00', 'R'),
(424, 1, 393, 'active', '2016-11-14', NULL, 1831300, NULL, '2017-01-13 00:00:00', '2017-01-01 00:00:00', NULL, 'R'),
(425, 1, 394, 'active', '2016-11-14', NULL, 1831368, NULL, '2017-01-13 00:00:00', '2017-01-01 00:00:00', NULL, 'J'),
(426, 1, 395, 'active', '2016-11-14', NULL, 1831367, NULL, '2017-01-13 00:00:00', '2017-01-01 00:00:00', NULL, 'R'),
(427, 1, 396, 'active', '2016-11-14', NULL, 1831361, NULL, '2017-01-13 00:00:00', '2017-01-01 00:00:00', NULL, 'R'),
(428, 1, 397, 'active', '2016-11-14', NULL, 1831357, NULL, '2017-01-13 00:00:00', '2017-01-01 00:00:00', NULL, 'R'),
(429, 1, 398, 'active', '2016-11-14', NULL, 1831370, NULL, '2017-01-13 00:00:00', '2017-01-01 00:00:00', NULL, 'R'),
(430, 1, 275, 'active', '2016-11-14', NULL, 1211958, NULL, '2017-01-13 00:00:00', '2017-01-01 00:00:00', NULL, 'R'),
(431, 1, 275, 'active', '2016-11-14', NULL, 1223000, NULL, '2017-01-13 00:00:00', '2017-01-01 00:00:00', NULL, 'R'),
(432, 1, 399, 'active', '2016-11-14', NULL, 1831471, NULL, '2017-01-13 00:00:00', '2017-01-01 00:00:00', NULL, 'R'),
(433, 1, 400, 'active', '2016-11-14', NULL, 1831548, NULL, '2017-01-13 00:00:00', '2017-01-01 00:00:00', NULL, 'J'),
(434, 1, 401, 'active', '2016-11-14', NULL, 1831744, NULL, '2017-01-13 00:00:00', '2017-01-01 00:00:00', NULL, 'R'),
(435, 1, 402, 'active', '2016-11-14', NULL, 1831742, NULL, '2017-01-13 00:00:00', '2017-01-01 00:00:00', NULL, 'R'),
(436, 1, 403, 'active', '2016-11-14', NULL, 1831746, NULL, '2017-01-13 00:00:00', '2017-01-01 00:00:00', NULL, 'R'),
(437, 1, 404, 'active', '2016-11-14', NULL, 1831744, NULL, '2017-01-13 00:00:00', '2017-01-01 00:00:00', NULL, 'R'),
(438, 1, 405, 'active', '2016-11-14', NULL, 1831742, NULL, '2017-01-13 00:00:00', '2017-01-01 00:00:00', NULL, 'R'),
(439, 1, 406, 'active', '2016-11-14', NULL, 1831746, NULL, '2017-01-13 00:00:00', '2017-01-01 00:00:00', NULL, 'R'),
(440, 6, 407, 'active', '2016-12-14', NULL, 7, NULL, '2015-10-13 00:00:00', '2017-01-01 00:00:00', NULL, 'R');

--
-- Truncate table before insert `gn_club_service_settings`
--

TRUNCATE TABLE `gn_club_service_settings`;
--
-- Dumping data for table `gn_club_service_settings`
--

INSERT INTO `gn_club_service_settings` (`club_service_id`, `nmi_token`, `bank_name`, `ach_routing_number`, `ach_bank_number`, `auto_renew`, `transaction_fee`, `billing_active`, `calendar_year_type_cd`, `apply_rollover`, `subscription_term_cd`, `accounting_macro_id`, `hp_optional_fields`, `use_snail_mail`) VALUES
(1, NULL, NULL, NULL, NULL, 1, NULL, 1, 'assn', NULL, NULL, NULL, NULL, 0),
(2, NULL, NULL, NULL, NULL, 0, NULL, 1, 'assn', NULL, NULL, NULL, NULL, 0),
(3, NULL, NULL, NULL, NULL, 0, NULL, 1, 'assn', NULL, NULL, NULL, NULL, 0),
(4, NULL, NULL, NULL, NULL, 0, NULL, 1, 'assn', NULL, NULL, NULL, NULL, 0),
(5, NULL, NULL, NULL, NULL, 0, NULL, 1, 'assn', NULL, NULL, NULL, NULL, 0),
(6, NULL, NULL, NULL, NULL, 0, NULL, 1, 'assn', NULL, NULL, NULL, NULL, 0),
(7, NULL, NULL, NULL, NULL, 1, NULL, 0, 'assn', NULL, NULL, NULL, NULL, 0),
(8, NULL, NULL, NULL, NULL, 1, NULL, 1, 'assn', NULL, NULL, NULL, NULL, 0),
(9, NULL, NULL, NULL, NULL, 1, NULL, 1, 'assn', NULL, NULL, NULL, NULL, 0),
(10, NULL, NULL, NULL, NULL, 0, NULL, 1, 'assn', NULL, NULL, NULL, NULL, 0),
(11, NULL, NULL, NULL, NULL, 0, NULL, 0, 'assn', NULL, NULL, NULL, NULL, 0),
(12, NULL, NULL, NULL, NULL, 0, NULL, 0, 'assn', NULL, NULL, NULL, NULL, 0),
(13, NULL, NULL, NULL, NULL, 0, NULL, 0, 'assn', NULL, NULL, NULL, NULL, 0),
(14, NULL, NULL, NULL, NULL, 0, NULL, 0, 'assn', NULL, NULL, NULL, NULL, 0),
(15, NULL, NULL, NULL, NULL, 0, NULL, 0, 'assn', NULL, NULL, NULL, NULL, 0),
(16, NULL, NULL, NULL, NULL, 0, NULL, 0, 'assn', NULL, NULL, NULL, NULL, 0),
(17, NULL, NULL, NULL, NULL, 0, '2.50', 0, 'assn', NULL, NULL, NULL, NULL, 0),
(18, NULL, NULL, NULL, NULL, 0, NULL, 0, 'assn', 0, NULL, NULL, NULL, 0),
(19, NULL, NULL, NULL, NULL, 0, NULL, 0, 'assn', 0, NULL, NULL, NULL, 0),
(20, NULL, NULL, NULL, NULL, 0, NULL, 0, 'assn', 0, NULL, NULL, NULL, 0),
(21, NULL, NULL, NULL, NULL, 0, NULL, 0, 'assn', 0, NULL, NULL, NULL, 0),
(22, NULL, NULL, NULL, NULL, 0, NULL, 0, 'assn', 0, NULL, NULL, NULL, 0),
(23, NULL, NULL, NULL, NULL, 0, NULL, 0, 'assn', 0, NULL, NULL, NULL, 0),
(24, NULL, NULL, NULL, NULL, 0, NULL, 0, 'assn', 0, NULL, NULL, NULL, 0),
(25, NULL, NULL, NULL, NULL, 0, NULL, 0, 'assn', 0, NULL, NULL, NULL, 0),
(26, NULL, NULL, NULL, NULL, 0, NULL, 0, 'assn', 0, NULL, NULL, NULL, 0),
(27, NULL, NULL, NULL, NULL, 0, NULL, 0, 'assn', 0, NULL, NULL, NULL, 0),
(28, NULL, NULL, NULL, NULL, 0, NULL, 0, 'assn', 0, NULL, NULL, NULL, 0),
(29, NULL, NULL, NULL, NULL, 0, NULL, 0, 'assn', 0, NULL, NULL, NULL, 0),
(30, NULL, NULL, NULL, NULL, 0, NULL, 0, 'assn', 0, NULL, NULL, NULL, 0),
(31, NULL, NULL, NULL, NULL, 0, NULL, 0, 'assn', 0, NULL, NULL, NULL, 0),
(32, NULL, NULL, NULL, NULL, 0, NULL, 0, 'assn', 0, NULL, NULL, NULL, 0),
(33, NULL, NULL, NULL, NULL, 0, NULL, 0, 'assn', 0, NULL, NULL, NULL, 0),
(34, NULL, NULL, NULL, NULL, 0, NULL, 0, 'assn', 0, NULL, NULL, NULL, 0),
(35, NULL, NULL, NULL, NULL, 0, NULL, 0, 'assn', 0, NULL, NULL, NULL, 0),
(36, NULL, NULL, NULL, NULL, 0, NULL, 0, 'assn', 0, NULL, NULL, NULL, 0),
(37, NULL, NULL, NULL, NULL, 0, NULL, 0, 'assn', 0, NULL, NULL, NULL, 0),
(38, NULL, NULL, NULL, NULL, 0, NULL, 0, 'assn', 0, NULL, NULL, NULL, 0),
(39, NULL, NULL, NULL, NULL, 0, NULL, 0, 'assn', 0, NULL, NULL, NULL, 0),
(40, NULL, NULL, NULL, NULL, 0, NULL, 0, 'assn', 0, NULL, NULL, NULL, 0),
(41, NULL, NULL, NULL, NULL, 0, NULL, 0, 'assn', 0, NULL, NULL, NULL, 0),
(42, NULL, NULL, NULL, NULL, 0, NULL, 0, 'assn', 0, NULL, NULL, NULL, 0),
(43, NULL, NULL, NULL, NULL, 0, NULL, 0, 'assn', 0, NULL, NULL, NULL, 0),
(44, NULL, NULL, NULL, NULL, 0, NULL, 0, 'assn', 0, NULL, NULL, NULL, 0),
(45, NULL, NULL, NULL, NULL, 0, NULL, 0, 'assn', 0, NULL, NULL, NULL, 0),
(46, NULL, NULL, NULL, NULL, 0, NULL, 0, 'assn', 0, NULL, NULL, NULL, 0),
(47, NULL, NULL, NULL, NULL, 0, NULL, 0, 'assn', 0, NULL, NULL, NULL, 0),
(48, NULL, NULL, NULL, NULL, 0, NULL, 0, 'assn', 0, NULL, NULL, NULL, 0),
(49, NULL, NULL, NULL, NULL, 0, NULL, 0, 'assn', 0, NULL, NULL, NULL, 0),
(50, NULL, NULL, NULL, NULL, 0, NULL, 0, 'assn', 0, NULL, NULL, NULL, 0),
(51, NULL, NULL, NULL, NULL, 0, NULL, 0, 'assn', 0, NULL, NULL, NULL, 0),
(52, NULL, NULL, NULL, NULL, 0, NULL, 0, 'assn', 0, NULL, NULL, NULL, 0),
(53, NULL, NULL, NULL, NULL, 0, NULL, 0, 'assn', 0, NULL, NULL, NULL, 0),
(54, NULL, NULL, NULL, NULL, 0, NULL, 0, 'assn', 0, NULL, NULL, NULL, 0),
(55, NULL, NULL, NULL, NULL, 0, NULL, 0, 'assn', 0, NULL, NULL, NULL, 0),
(56, NULL, NULL, NULL, NULL, 0, NULL, 0, 'assn', 0, NULL, NULL, NULL, 0),
(57, NULL, NULL, NULL, NULL, 0, NULL, 0, 'assn', 0, NULL, NULL, NULL, 0),
(58, NULL, NULL, NULL, NULL, 0, NULL, 0, 'assn', 0, NULL, NULL, NULL, 0),
(59, NULL, NULL, NULL, NULL, 0, NULL, 0, 'assn', 0, NULL, NULL, NULL, 0),
(60, NULL, NULL, NULL, NULL, 0, NULL, 0, 'assn', 0, NULL, NULL, NULL, 0),
(61, NULL, NULL, NULL, NULL, 0, NULL, 0, 'assn', 0, NULL, NULL, NULL, 0),
(62, NULL, NULL, NULL, NULL, 0, NULL, 0, 'assn', 0, NULL, NULL, NULL, 0),
(63, NULL, NULL, NULL, NULL, 0, NULL, 0, 'assn', 0, NULL, NULL, NULL, 0),
(64, NULL, NULL, NULL, NULL, 0, NULL, 0, 'assn', 0, NULL, NULL, NULL, 0),
(65, NULL, NULL, NULL, NULL, 0, NULL, 0, 'assn', 0, NULL, NULL, NULL, 0),
(66, NULL, NULL, NULL, NULL, 0, NULL, 0, 'assn', 0, NULL, NULL, NULL, 0),
(67, NULL, NULL, NULL, NULL, 0, NULL, 0, 'assn', 0, NULL, NULL, NULL, 0),
(68, NULL, NULL, NULL, NULL, 0, NULL, 0, 'assn', 0, NULL, NULL, NULL, 0),
(69, NULL, NULL, NULL, NULL, 0, NULL, 0, 'assn', 0, NULL, NULL, NULL, 0),
(70, NULL, NULL, NULL, NULL, 0, NULL, 0, 'assn', 0, NULL, NULL, NULL, 0),
(71, NULL, NULL, NULL, NULL, 0, NULL, 0, 'assn', 0, NULL, NULL, NULL, 0),
(72, NULL, NULL, NULL, NULL, 0, NULL, 0, 'assn', 0, NULL, NULL, NULL, 0),
(73, NULL, NULL, NULL, NULL, 0, NULL, 0, 'assn', 0, NULL, NULL, NULL, 0),
(74, NULL, NULL, NULL, NULL, 0, NULL, 0, 'assn', 0, NULL, NULL, NULL, 0),
(75, NULL, NULL, NULL, NULL, 0, NULL, 0, 'assn', 0, NULL, NULL, NULL, 0),
(76, NULL, NULL, NULL, NULL, 0, NULL, 0, 'assn', 0, NULL, NULL, NULL, 0),
(77, NULL, NULL, NULL, NULL, 0, NULL, 0, 'assn', 0, NULL, NULL, NULL, 0),
(78, NULL, NULL, NULL, NULL, 0, NULL, 0, 'assn', 0, NULL, NULL, NULL, 0),
(79, NULL, NULL, NULL, NULL, 0, NULL, 0, 'assn', 0, NULL, NULL, NULL, 0),
(80, NULL, NULL, NULL, NULL, 0, NULL, 0, 'assn', 0, NULL, NULL, NULL, 0),
(81, NULL, NULL, NULL, NULL, 0, NULL, 0, 'assn', 0, NULL, NULL, NULL, 0),
(82, NULL, NULL, NULL, NULL, 0, NULL, 0, 'assn', 0, NULL, NULL, NULL, 0),
(83, NULL, NULL, NULL, NULL, 0, NULL, 0, 'assn', 0, NULL, NULL, NULL, 0),
(84, NULL, NULL, NULL, NULL, 0, NULL, 0, 'assn', 0, NULL, NULL, NULL, 0),
(85, NULL, NULL, NULL, NULL, 0, NULL, 0, 'assn', 0, NULL, NULL, NULL, 0),
(86, NULL, NULL, NULL, NULL, 0, NULL, 0, 'assn', 0, NULL, NULL, NULL, 0),
(87, NULL, NULL, NULL, NULL, 0, NULL, 0, 'assn', 0, NULL, NULL, NULL, 0),
(88, NULL, NULL, NULL, NULL, 0, NULL, 0, 'assn', 0, NULL, NULL, NULL, 0),
(89, NULL, NULL, NULL, NULL, 0, NULL, 0, 'assn', 0, NULL, NULL, NULL, 0),
(90, NULL, NULL, NULL, NULL, 0, NULL, 0, 'assn', 0, NULL, NULL, NULL, 0),
(91, NULL, NULL, NULL, NULL, 0, NULL, 0, 'assn', 0, NULL, NULL, NULL, 0),
(92, NULL, NULL, NULL, NULL, 0, NULL, 0, 'assn', 0, NULL, NULL, NULL, 0),
(93, NULL, NULL, NULL, NULL, 0, NULL, 0, 'assn', 0, NULL, NULL, NULL, 0),
(94, NULL, NULL, NULL, NULL, 0, NULL, 0, 'assn', 0, NULL, NULL, NULL, 0),
(95, NULL, NULL, NULL, NULL, 0, NULL, 0, 'assn', 0, NULL, NULL, NULL, 0),
(96, NULL, NULL, NULL, NULL, 0, NULL, 0, 'assn', 0, NULL, NULL, NULL, 0),
(97, NULL, NULL, NULL, NULL, 0, NULL, 0, 'assn', 0, NULL, NULL, NULL, 0),
(98, NULL, NULL, NULL, NULL, 0, NULL, 0, 'assn', 0, NULL, NULL, NULL, 0),
(99, NULL, NULL, NULL, NULL, 0, NULL, 0, 'assn', 0, NULL, NULL, NULL, 0),
(100, NULL, NULL, NULL, NULL, 0, NULL, 0, 'assn', 0, NULL, NULL, NULL, 0),
(101, NULL, NULL, NULL, NULL, 0, NULL, 0, 'assn', 0, NULL, NULL, NULL, 0),
(102, NULL, NULL, NULL, NULL, 0, NULL, 0, 'assn', 0, NULL, NULL, NULL, 0),
(103, NULL, NULL, NULL, NULL, 0, NULL, 0, 'assn', 0, NULL, NULL, NULL, 0),
(104, NULL, NULL, NULL, NULL, 0, NULL, 0, 'assn', 0, NULL, NULL, NULL, 0),
(105, NULL, NULL, NULL, NULL, 0, NULL, 0, 'assn', 0, NULL, NULL, NULL, 0),
(106, NULL, NULL, NULL, NULL, 0, NULL, 0, 'assn', 0, NULL, NULL, NULL, 0),
(107, NULL, NULL, NULL, NULL, 0, NULL, 0, 'assn', 0, NULL, NULL, NULL, 0),
(108, NULL, NULL, NULL, NULL, 0, NULL, 0, 'assn', 0, NULL, NULL, NULL, 0),
(109, NULL, NULL, NULL, NULL, 0, NULL, 0, 'assn', 0, NULL, NULL, NULL, 0),
(110, NULL, NULL, NULL, NULL, 0, NULL, 0, 'assn', 0, NULL, NULL, NULL, 0),
(111, NULL, NULL, NULL, NULL, 0, NULL, 0, 'assn', 0, NULL, NULL, NULL, 0),
(112, NULL, NULL, NULL, NULL, 0, NULL, 0, 'assn', 0, NULL, NULL, NULL, 0),
(113, NULL, NULL, NULL, NULL, 0, NULL, 0, 'assn', 0, NULL, NULL, NULL, 0),
(114, NULL, NULL, NULL, NULL, 0, NULL, 0, 'assn', 0, NULL, NULL, NULL, 0),
(115, NULL, NULL, NULL, NULL, 0, NULL, 0, 'assn', 0, NULL, NULL, NULL, 0),
(116, NULL, NULL, NULL, NULL, 0, NULL, 0, 'assn', 0, NULL, NULL, NULL, 0),
(117, NULL, NULL, NULL, NULL, 0, NULL, 0, 'assn', 0, NULL, NULL, NULL, 0),
(118, NULL, NULL, NULL, NULL, 0, NULL, 0, 'assn', 0, NULL, NULL, NULL, 0),
(119, NULL, NULL, NULL, NULL, 0, NULL, 0, 'assn', 0, NULL, NULL, NULL, 0),
(120, NULL, NULL, NULL, NULL, 0, NULL, 0, 'assn', 0, NULL, NULL, NULL, 0),
(121, NULL, NULL, NULL, NULL, 0, NULL, 0, 'assn', 0, NULL, NULL, NULL, 0),
(122, NULL, NULL, NULL, NULL, 0, NULL, 0, 'assn', 0, NULL, NULL, NULL, 0),
(123, NULL, NULL, NULL, NULL, 0, NULL, 0, 'assn', 0, NULL, NULL, NULL, 0),
(124, NULL, NULL, NULL, NULL, 0, NULL, 0, 'assn', 0, NULL, NULL, NULL, 0),
(125, NULL, NULL, NULL, NULL, 0, NULL, 0, 'assn', 0, NULL, NULL, NULL, 0),
(126, NULL, NULL, NULL, NULL, 0, NULL, 0, 'assn', 0, NULL, NULL, NULL, 0),
(127, NULL, NULL, NULL, NULL, 0, NULL, 0, 'assn', 0, NULL, NULL, NULL, 0),
(128, NULL, NULL, NULL, NULL, 0, NULL, 0, 'assn', 0, NULL, NULL, NULL, 0),
(129, NULL, NULL, NULL, NULL, 0, NULL, 0, 'assn', 0, NULL, NULL, NULL, 0),
(130, NULL, NULL, NULL, NULL, 0, NULL, 0, 'assn', 0, NULL, NULL, NULL, 0),
(131, NULL, NULL, NULL, NULL, 0, NULL, 0, 'assn', 0, NULL, NULL, NULL, 0),
(132, NULL, NULL, NULL, NULL, 0, NULL, 0, 'assn', 0, NULL, NULL, NULL, 0),
(133, NULL, NULL, NULL, NULL, 0, NULL, 0, 'assn', 0, NULL, NULL, NULL, 0),
(134, NULL, NULL, NULL, NULL, 0, NULL, 0, 'assn', 0, NULL, NULL, NULL, 0),
(135, NULL, NULL, NULL, NULL, 0, NULL, 0, 'assn', 0, NULL, NULL, NULL, 0),
(136, NULL, NULL, NULL, NULL, 0, NULL, 0, 'assn', 0, NULL, NULL, NULL, 0),
(137, NULL, NULL, NULL, NULL, 0, NULL, 0, 'assn', 0, NULL, NULL, NULL, 0),
(138, NULL, NULL, NULL, NULL, 0, NULL, 0, 'assn', 0, NULL, NULL, NULL, 0),
(139, NULL, NULL, NULL, NULL, 0, NULL, 0, 'assn', 0, NULL, NULL, NULL, 0),
(140, NULL, NULL, NULL, NULL, 0, NULL, 0, 'assn', 0, NULL, NULL, NULL, 0),
(141, NULL, NULL, NULL, NULL, 0, NULL, 0, 'assn', 0, NULL, NULL, NULL, 0),
(142, NULL, NULL, NULL, NULL, 0, NULL, 0, 'assn', 0, NULL, NULL, NULL, 0),
(143, NULL, NULL, NULL, NULL, 0, NULL, 0, 'assn', 0, NULL, NULL, NULL, 0),
(144, NULL, NULL, NULL, NULL, 0, NULL, 0, 'assn', 0, NULL, NULL, NULL, 0),
(145, NULL, NULL, NULL, NULL, 0, NULL, 0, 'assn', 0, NULL, NULL, NULL, 0),
(146, NULL, NULL, NULL, NULL, 0, NULL, 0, 'assn', 0, NULL, NULL, NULL, 0),
(147, NULL, NULL, NULL, NULL, 0, NULL, 0, 'assn', 0, NULL, NULL, NULL, 0),
(148, NULL, NULL, NULL, NULL, 0, NULL, 0, 'assn', 0, NULL, NULL, NULL, 0),
(149, NULL, NULL, NULL, NULL, 0, NULL, 0, 'assn', 0, NULL, NULL, NULL, 0),
(150, NULL, NULL, NULL, NULL, 0, NULL, 0, 'assn', 0, NULL, NULL, NULL, 0),
(151, NULL, NULL, NULL, NULL, 0, NULL, 0, 'assn', 0, NULL, NULL, NULL, 0),
(152, NULL, NULL, NULL, NULL, 0, NULL, 0, 'assn', 0, NULL, NULL, NULL, 0),
(153, NULL, NULL, NULL, NULL, 0, NULL, 0, 'assn', 0, NULL, NULL, NULL, 0),
(154, NULL, NULL, NULL, NULL, 0, NULL, 0, 'assn', 0, NULL, NULL, NULL, 0),
(155, NULL, NULL, NULL, NULL, 0, NULL, 0, 'assn', 0, NULL, NULL, NULL, 0),
(156, NULL, NULL, NULL, NULL, 0, NULL, 0, 'assn', 0, NULL, NULL, NULL, 0),
(157, NULL, NULL, NULL, NULL, 0, NULL, 0, 'assn', 0, NULL, NULL, NULL, 0),
(158, NULL, NULL, NULL, NULL, 0, NULL, 0, 'assn', 0, NULL, NULL, NULL, 0),
(159, NULL, NULL, NULL, NULL, 0, NULL, 0, 'assn', 0, NULL, NULL, NULL, 0),
(160, NULL, NULL, NULL, NULL, 0, NULL, 0, 'assn', 0, NULL, NULL, NULL, 0),
(161, NULL, NULL, NULL, NULL, 0, NULL, 0, 'assn', 0, NULL, NULL, NULL, 0),
(162, NULL, NULL, NULL, NULL, 0, NULL, 0, 'assn', 0, NULL, NULL, NULL, 0),
(163, NULL, NULL, NULL, NULL, 0, NULL, 0, 'assn', 0, NULL, NULL, NULL, 0),
(164, NULL, NULL, NULL, NULL, 0, NULL, 0, 'assn', 0, NULL, NULL, NULL, 0),
(165, NULL, NULL, NULL, NULL, 0, NULL, 0, 'assn', 0, NULL, NULL, NULL, 0),
(166, NULL, NULL, NULL, NULL, 0, NULL, 0, 'assn', 0, NULL, NULL, NULL, 0),
(167, NULL, NULL, NULL, NULL, 0, NULL, 0, 'assn', 0, NULL, NULL, NULL, 0),
(168, NULL, NULL, NULL, NULL, 0, NULL, 0, 'assn', 0, NULL, NULL, NULL, 0),
(169, NULL, NULL, NULL, NULL, 0, NULL, 0, 'assn', 0, NULL, NULL, NULL, 0),
(170, NULL, NULL, NULL, NULL, 0, NULL, 0, 'assn', 0, NULL, NULL, NULL, 0),
(171, NULL, NULL, NULL, NULL, 0, NULL, 0, 'assn', 0, NULL, NULL, NULL, 0),
(172, NULL, NULL, NULL, NULL, 0, NULL, 0, 'assn', 0, NULL, NULL, NULL, 0),
(173, NULL, NULL, NULL, NULL, 0, NULL, 0, 'assn', 0, NULL, NULL, NULL, 0),
(174, NULL, NULL, NULL, NULL, 0, NULL, 0, 'assn', 0, NULL, NULL, NULL, 0),
(175, NULL, NULL, NULL, NULL, 0, NULL, 0, 'assn', 0, NULL, NULL, NULL, 0),
(176, NULL, NULL, NULL, NULL, 0, NULL, 0, 'assn', 0, NULL, NULL, NULL, 0),
(177, NULL, NULL, NULL, NULL, 0, NULL, 0, 'assn', 0, NULL, NULL, NULL, 0),
(178, NULL, NULL, NULL, NULL, 0, NULL, 0, 'assn', 0, NULL, NULL, NULL, 0),
(179, NULL, NULL, NULL, NULL, 0, NULL, 0, 'assn', 0, NULL, NULL, NULL, 0),
(180, NULL, NULL, NULL, NULL, 0, NULL, 0, 'assn', 0, NULL, NULL, NULL, 0),
(181, NULL, NULL, NULL, NULL, 0, NULL, 0, 'assn', 0, NULL, NULL, NULL, 0),
(182, NULL, NULL, NULL, NULL, 0, NULL, 0, 'assn', 0, NULL, NULL, NULL, 0),
(183, NULL, NULL, NULL, NULL, 0, NULL, 0, 'assn', 0, NULL, NULL, NULL, 0),
(184, NULL, NULL, NULL, NULL, 0, NULL, 0, 'assn', 0, NULL, NULL, NULL, 0),
(185, NULL, NULL, NULL, NULL, 0, NULL, 0, 'assn', 0, NULL, NULL, NULL, 0),
(186, NULL, NULL, NULL, NULL, 0, NULL, 0, 'assn', 0, NULL, NULL, NULL, 0),
(187, NULL, NULL, NULL, NULL, 0, NULL, 0, 'assn', 0, NULL, NULL, NULL, 0),
(188, NULL, NULL, NULL, NULL, 0, NULL, 0, 'assn', 0, NULL, NULL, NULL, 0),
(189, NULL, NULL, NULL, NULL, 0, NULL, 0, 'assn', 0, NULL, NULL, NULL, 0),
(190, NULL, NULL, NULL, NULL, 0, NULL, 0, 'assn', 0, NULL, NULL, NULL, 0),
(191, NULL, NULL, NULL, NULL, 0, NULL, 0, 'assn', 0, NULL, NULL, NULL, 0),
(192, NULL, NULL, NULL, NULL, 0, NULL, 0, 'assn', 0, NULL, NULL, NULL, 0),
(193, NULL, NULL, NULL, NULL, 0, NULL, 0, 'assn', 0, NULL, NULL, NULL, 0),
(194, NULL, NULL, NULL, NULL, 0, NULL, 0, 'assn', 0, NULL, NULL, NULL, 0),
(195, NULL, NULL, NULL, NULL, 0, NULL, 0, 'assn', 0, NULL, NULL, NULL, 0),
(196, NULL, NULL, NULL, NULL, 0, NULL, 0, 'assn', 0, NULL, NULL, NULL, 0),
(197, NULL, NULL, NULL, NULL, 0, NULL, 0, 'assn', 0, NULL, NULL, NULL, 0),
(198, NULL, NULL, NULL, NULL, 0, NULL, 0, 'assn', 0, NULL, NULL, NULL, 0),
(199, NULL, NULL, NULL, NULL, 0, NULL, 0, 'assn', 0, NULL, NULL, NULL, 0),
(200, NULL, NULL, NULL, NULL, 0, NULL, 0, 'assn', 0, NULL, NULL, NULL, 0),
(201, NULL, NULL, NULL, NULL, 0, NULL, 0, 'assn', 0, NULL, NULL, NULL, 0),
(202, NULL, NULL, NULL, NULL, 0, NULL, 0, 'assn', 0, NULL, NULL, NULL, 0),
(203, NULL, NULL, NULL, NULL, 0, NULL, 0, 'assn', 0, NULL, NULL, NULL, 0),
(204, NULL, NULL, NULL, NULL, 0, NULL, 0, 'assn', 0, NULL, NULL, NULL, 0),
(205, NULL, NULL, NULL, NULL, 0, NULL, 0, 'assn', 0, NULL, NULL, NULL, 0),
(206, NULL, NULL, NULL, NULL, 0, NULL, 0, 'assn', 0, NULL, NULL, NULL, 0),
(207, NULL, NULL, NULL, NULL, 0, NULL, 0, 'assn', 0, NULL, NULL, NULL, 0),
(208, NULL, NULL, NULL, NULL, 0, NULL, 0, 'assn', 0, NULL, NULL, NULL, 0),
(209, NULL, NULL, NULL, NULL, 0, NULL, 0, 'assn', 0, NULL, NULL, NULL, 0),
(210, NULL, NULL, NULL, NULL, 0, NULL, 0, 'assn', 0, NULL, NULL, NULL, 0),
(211, NULL, NULL, NULL, NULL, 0, NULL, 0, 'assn', 0, NULL, NULL, NULL, 0),
(212, NULL, NULL, NULL, NULL, 0, NULL, 0, 'assn', 0, NULL, NULL, NULL, 0),
(213, NULL, NULL, NULL, NULL, 0, NULL, 0, 'assn', 0, NULL, NULL, NULL, 0),
(214, NULL, NULL, NULL, NULL, 0, NULL, 0, 'assn', 0, NULL, NULL, NULL, 0),
(215, NULL, NULL, NULL, NULL, 0, NULL, 0, 'assn', 0, NULL, NULL, NULL, 0),
(216, NULL, NULL, NULL, NULL, 0, NULL, 0, 'assn', 0, NULL, NULL, NULL, 0),
(217, NULL, NULL, NULL, NULL, 0, NULL, 0, 'assn', 0, NULL, NULL, NULL, 0),
(218, NULL, NULL, NULL, NULL, 0, NULL, 0, 'assn', 0, NULL, NULL, NULL, 0),
(219, NULL, NULL, NULL, NULL, 0, NULL, 0, 'assn', 0, NULL, NULL, NULL, 0),
(220, NULL, NULL, NULL, NULL, 0, NULL, 0, 'assn', 0, NULL, NULL, NULL, 0),
(221, NULL, NULL, NULL, NULL, 0, NULL, 0, 'assn', 0, NULL, NULL, NULL, 0),
(222, NULL, NULL, NULL, NULL, 0, NULL, 0, 'assn', 0, NULL, NULL, NULL, 0),
(223, NULL, NULL, NULL, NULL, 0, NULL, 0, 'assn', 0, NULL, NULL, NULL, 0),
(224, NULL, NULL, NULL, NULL, 0, NULL, 0, 'assn', 0, NULL, NULL, NULL, 0),
(225, NULL, NULL, NULL, NULL, 0, NULL, 0, 'assn', 0, NULL, NULL, NULL, 0),
(226, NULL, NULL, NULL, NULL, 0, NULL, 0, 'assn', 0, NULL, NULL, NULL, 0),
(227, NULL, NULL, NULL, NULL, 0, NULL, 0, 'assn', 0, NULL, NULL, NULL, 0),
(228, NULL, NULL, NULL, NULL, 0, NULL, 0, 'assn', 0, NULL, NULL, NULL, 0),
(229, NULL, NULL, NULL, NULL, 0, NULL, 0, 'assn', 0, NULL, NULL, NULL, 0),
(230, NULL, NULL, NULL, NULL, 0, NULL, 0, 'assn', 0, NULL, NULL, NULL, 0),
(231, NULL, NULL, NULL, NULL, 0, NULL, 0, 'assn', 0, NULL, NULL, NULL, 0),
(232, NULL, NULL, NULL, NULL, 0, NULL, 0, 'assn', 0, NULL, NULL, NULL, 0),
(233, NULL, NULL, NULL, NULL, 0, NULL, 0, 'assn', 0, NULL, NULL, NULL, 0),
(234, NULL, NULL, NULL, NULL, 0, NULL, 0, 'assn', 0, NULL, NULL, NULL, 0),
(235, NULL, NULL, NULL, NULL, 0, NULL, 0, 'assn', 0, NULL, NULL, NULL, 0),
(236, NULL, NULL, NULL, NULL, 0, NULL, 0, 'assn', 0, NULL, NULL, NULL, 0),
(237, NULL, NULL, NULL, NULL, 0, NULL, 0, 'assn', 0, NULL, NULL, NULL, 0),
(238, NULL, NULL, NULL, NULL, 0, NULL, 0, 'assn', 0, NULL, NULL, NULL, 0),
(239, NULL, NULL, NULL, NULL, 0, NULL, 0, 'assn', 0, NULL, NULL, NULL, 0),
(240, NULL, NULL, NULL, NULL, 0, NULL, 0, 'assn', 0, NULL, NULL, NULL, 0),
(241, NULL, NULL, NULL, NULL, 0, NULL, 0, 'assn', 0, NULL, NULL, NULL, 0),
(242, NULL, NULL, NULL, NULL, 0, NULL, 0, 'assn', 0, NULL, NULL, NULL, 0),
(243, NULL, NULL, NULL, NULL, 0, NULL, 0, 'assn', 0, NULL, NULL, NULL, 0),
(244, NULL, NULL, NULL, NULL, 0, NULL, 0, 'assn', 0, NULL, NULL, NULL, 0),
(245, NULL, NULL, NULL, NULL, 0, NULL, 0, 'assn', 0, NULL, NULL, NULL, 0),
(246, NULL, NULL, NULL, NULL, 0, NULL, 0, 'assn', 0, NULL, NULL, NULL, 0),
(247, NULL, NULL, NULL, NULL, 0, NULL, 0, 'assn', 0, NULL, NULL, NULL, 0),
(248, NULL, NULL, NULL, NULL, 0, NULL, 0, 'assn', 0, NULL, NULL, NULL, 0),
(249, NULL, NULL, NULL, NULL, 0, NULL, 0, 'assn', 0, NULL, NULL, NULL, 0),
(250, NULL, NULL, NULL, NULL, 0, NULL, 0, 'assn', 0, NULL, NULL, NULL, 0),
(251, NULL, NULL, NULL, NULL, 0, NULL, 0, 'assn', 0, NULL, NULL, NULL, 0),
(252, NULL, NULL, NULL, NULL, 0, NULL, 0, 'assn', 0, NULL, NULL, NULL, 0),
(253, NULL, NULL, NULL, NULL, 0, NULL, 0, 'assn', 0, NULL, NULL, NULL, 0),
(254, NULL, NULL, NULL, NULL, 0, NULL, 0, 'assn', 0, NULL, NULL, NULL, 0),
(255, NULL, NULL, NULL, NULL, 0, NULL, 0, 'assn', 0, NULL, NULL, NULL, 0),
(256, NULL, NULL, NULL, NULL, 0, NULL, 0, 'assn', 0, NULL, NULL, NULL, 0),
(257, NULL, NULL, NULL, NULL, 0, NULL, 0, 'assn', 0, NULL, NULL, NULL, 0),
(258, NULL, NULL, NULL, NULL, 0, NULL, 0, 'assn', 0, NULL, NULL, NULL, 0),
(259, NULL, NULL, NULL, NULL, 0, NULL, 0, 'assn', 0, NULL, NULL, NULL, 0),
(260, NULL, NULL, NULL, NULL, 0, NULL, 0, 'assn', 0, NULL, NULL, NULL, 0),
(261, NULL, NULL, NULL, NULL, 0, NULL, 0, 'assn', 0, NULL, NULL, NULL, 0),
(262, NULL, NULL, NULL, NULL, 0, NULL, 0, 'assn', 0, NULL, NULL, NULL, 0),
(263, NULL, NULL, NULL, NULL, 0, NULL, 0, 'assn', 0, NULL, NULL, NULL, 0),
(264, NULL, NULL, NULL, NULL, 0, NULL, 0, 'assn', 0, NULL, NULL, NULL, 0),
(265, NULL, NULL, NULL, NULL, 0, NULL, 0, 'assn', 0, NULL, NULL, NULL, 0),
(266, NULL, NULL, NULL, NULL, 0, NULL, 0, 'assn', 0, NULL, NULL, NULL, 0),
(267, NULL, NULL, NULL, NULL, 0, NULL, 0, 'assn', 0, NULL, NULL, NULL, 0),
(268, NULL, NULL, NULL, NULL, 0, NULL, 0, 'assn', 0, NULL, NULL, NULL, 0),
(269, NULL, NULL, NULL, NULL, 0, NULL, 0, 'assn', 0, NULL, NULL, NULL, 0),
(270, NULL, NULL, NULL, NULL, 0, NULL, 0, 'assn', 0, NULL, NULL, NULL, 0),
(271, NULL, NULL, NULL, NULL, 0, NULL, 0, 'assn', 0, NULL, NULL, NULL, 0),
(272, NULL, NULL, NULL, NULL, 0, NULL, 0, 'assn', 0, NULL, NULL, NULL, 0),
(273, NULL, NULL, NULL, NULL, 0, NULL, 0, 'assn', 0, NULL, NULL, NULL, 0),
(274, NULL, NULL, NULL, NULL, 0, NULL, 0, 'assn', 0, NULL, NULL, NULL, 0),
(275, NULL, NULL, NULL, NULL, 0, NULL, 0, 'assn', 0, NULL, NULL, NULL, 0),
(276, NULL, NULL, NULL, NULL, 0, NULL, 0, 'assn', 0, NULL, NULL, NULL, 0),
(277, NULL, NULL, NULL, NULL, 0, NULL, 0, 'assn', 0, NULL, NULL, NULL, 0),
(278, NULL, NULL, NULL, NULL, 0, NULL, 0, 'assn', 0, NULL, NULL, NULL, 0),
(279, NULL, NULL, NULL, NULL, 0, NULL, 0, 'assn', 0, NULL, NULL, NULL, 0),
(280, NULL, NULL, NULL, NULL, 0, NULL, 0, 'assn', 0, NULL, NULL, NULL, 0),
(281, NULL, NULL, NULL, NULL, 0, NULL, 0, 'assn', 0, NULL, NULL, NULL, 0),
(282, NULL, NULL, NULL, NULL, 0, NULL, 0, 'assn', 0, NULL, NULL, NULL, 0),
(283, NULL, NULL, NULL, NULL, 0, NULL, 0, 'assn', 0, NULL, NULL, NULL, 0),
(284, NULL, NULL, NULL, NULL, 0, NULL, 0, 'assn', 0, NULL, NULL, NULL, 0),
(285, NULL, NULL, NULL, NULL, 0, NULL, 0, 'assn', 0, NULL, NULL, NULL, 0),
(286, NULL, NULL, NULL, NULL, 0, NULL, 0, 'assn', 0, NULL, NULL, NULL, 0),
(287, NULL, NULL, NULL, NULL, 0, NULL, 0, 'assn', 0, NULL, NULL, NULL, 0),
(288, NULL, NULL, NULL, NULL, 0, NULL, 0, 'assn', 0, NULL, NULL, NULL, 0),
(289, NULL, NULL, NULL, NULL, 0, NULL, 0, 'assn', 0, NULL, NULL, NULL, 0),
(290, NULL, NULL, NULL, NULL, 0, NULL, 0, 'assn', 0, NULL, NULL, NULL, 0),
(291, NULL, NULL, NULL, NULL, 0, NULL, 0, 'assn', 0, NULL, NULL, NULL, 0),
(292, NULL, NULL, NULL, NULL, 0, NULL, 0, 'assn', 0, NULL, NULL, NULL, 0),
(293, NULL, NULL, NULL, NULL, 0, NULL, 0, 'assn', 0, NULL, NULL, NULL, 0),
(294, NULL, NULL, NULL, NULL, 0, NULL, 0, 'assn', 0, NULL, NULL, NULL, 0),
(295, NULL, NULL, NULL, NULL, 0, NULL, 0, 'assn', 0, NULL, NULL, NULL, 0),
(296, NULL, NULL, NULL, NULL, 0, NULL, 0, 'assn', 0, NULL, NULL, NULL, 0),
(297, NULL, NULL, NULL, NULL, 0, NULL, 0, 'assn', 0, NULL, NULL, NULL, 0),
(298, NULL, NULL, NULL, NULL, 0, NULL, 0, 'assn', 0, NULL, NULL, NULL, 0),
(299, NULL, NULL, NULL, NULL, 0, NULL, 0, 'assn', 0, NULL, NULL, NULL, 0),
(300, NULL, NULL, NULL, NULL, 0, NULL, 0, 'assn', 0, NULL, NULL, NULL, 0),
(301, NULL, NULL, NULL, NULL, 0, NULL, 0, 'assn', 0, NULL, NULL, NULL, 0),
(302, NULL, NULL, NULL, NULL, 0, NULL, 0, 'assn', 0, NULL, NULL, NULL, 0),
(303, NULL, NULL, NULL, NULL, 0, NULL, 0, 'assn', 0, NULL, NULL, NULL, 0),
(304, NULL, NULL, NULL, NULL, 0, NULL, 0, 'assn', 0, NULL, NULL, NULL, 0),
(305, NULL, NULL, NULL, NULL, 0, NULL, 0, 'assn', 0, NULL, NULL, NULL, 0),
(306, NULL, NULL, NULL, NULL, 0, NULL, 0, 'assn', 0, NULL, NULL, NULL, 0),
(307, NULL, NULL, NULL, NULL, 0, NULL, 0, 'assn', 0, NULL, NULL, NULL, 0),
(308, NULL, NULL, NULL, NULL, 0, NULL, 0, 'assn', 0, NULL, NULL, NULL, 0),
(309, NULL, NULL, NULL, NULL, 0, NULL, 0, 'assn', 0, NULL, NULL, NULL, 0),
(310, NULL, NULL, NULL, NULL, 0, NULL, 0, 'assn', 0, NULL, NULL, NULL, 0),
(311, NULL, NULL, NULL, NULL, 0, NULL, 0, 'assn', 0, NULL, NULL, NULL, 0),
(312, NULL, NULL, NULL, NULL, 0, NULL, 0, 'assn', 0, NULL, NULL, NULL, 0),
(313, NULL, NULL, NULL, NULL, 0, NULL, 0, 'assn', 0, NULL, NULL, NULL, 0),
(314, NULL, NULL, NULL, NULL, 0, NULL, 0, 'assn', 0, NULL, NULL, NULL, 0),
(315, NULL, NULL, NULL, NULL, 0, NULL, 0, 'assn', 0, NULL, NULL, NULL, 0),
(316, NULL, NULL, NULL, NULL, 0, NULL, 0, 'assn', 0, NULL, NULL, NULL, 0),
(317, NULL, NULL, NULL, NULL, 0, NULL, 0, 'assn', 0, NULL, NULL, NULL, 0),
(318, NULL, NULL, NULL, NULL, 0, NULL, 0, 'assn', 0, NULL, NULL, NULL, 0),
(319, NULL, NULL, NULL, NULL, 0, NULL, 0, 'assn', 0, NULL, NULL, NULL, 0),
(320, NULL, NULL, NULL, NULL, 0, NULL, 0, 'assn', 0, NULL, NULL, NULL, 0),
(321, NULL, NULL, NULL, NULL, 0, NULL, 0, 'assn', 0, NULL, NULL, NULL, 0),
(322, NULL, NULL, NULL, NULL, 0, NULL, 0, 'assn', 0, NULL, NULL, NULL, 0),
(323, NULL, NULL, NULL, NULL, 0, NULL, 0, 'assn', 0, NULL, NULL, NULL, 0),
(324, NULL, NULL, NULL, NULL, 0, NULL, 0, 'assn', 0, NULL, NULL, NULL, 0),
(325, NULL, NULL, NULL, NULL, 0, NULL, 0, 'assn', 0, NULL, NULL, NULL, 0),
(326, NULL, NULL, NULL, NULL, 0, NULL, 0, 'assn', 0, NULL, NULL, NULL, 0),
(327, NULL, NULL, NULL, NULL, 0, NULL, 0, 'assn', 0, NULL, NULL, NULL, 0),
(328, NULL, NULL, NULL, NULL, 0, NULL, 0, 'assn', 0, NULL, NULL, NULL, 0),
(329, NULL, NULL, NULL, NULL, 0, NULL, 0, 'assn', 0, NULL, NULL, NULL, 0),
(330, NULL, NULL, NULL, NULL, 0, NULL, 0, 'assn', 0, NULL, NULL, NULL, 0),
(331, NULL, NULL, NULL, NULL, 0, NULL, 0, 'assn', 0, NULL, NULL, NULL, 0),
(332, NULL, NULL, NULL, NULL, 0, NULL, 0, 'assn', 0, NULL, NULL, NULL, 0),
(333, NULL, NULL, NULL, NULL, 0, NULL, 0, 'assn', 0, NULL, NULL, NULL, 0),
(334, NULL, NULL, NULL, NULL, 0, NULL, 0, 'assn', 0, NULL, NULL, NULL, 0),
(335, NULL, NULL, NULL, NULL, 0, NULL, 0, 'assn', 0, NULL, NULL, NULL, 0),
(336, NULL, NULL, NULL, NULL, 0, NULL, 0, 'assn', 0, NULL, NULL, NULL, 0),
(337, NULL, NULL, NULL, NULL, 0, NULL, 0, 'assn', 0, NULL, NULL, NULL, 0),
(338, NULL, NULL, NULL, NULL, 0, NULL, 0, 'assn', 0, NULL, NULL, NULL, 0),
(339, NULL, NULL, NULL, NULL, 0, NULL, 0, 'assn', 0, NULL, NULL, NULL, 0),
(340, NULL, NULL, NULL, NULL, 0, NULL, 0, 'assn', 0, NULL, NULL, NULL, 0),
(341, NULL, NULL, NULL, NULL, 0, NULL, 0, 'assn', 0, NULL, NULL, NULL, 0),
(342, NULL, NULL, NULL, NULL, 0, NULL, 0, 'assn', 0, NULL, NULL, NULL, 0),
(343, NULL, NULL, NULL, NULL, 0, NULL, 0, 'assn', 0, NULL, NULL, NULL, 0),
(344, NULL, NULL, NULL, NULL, 0, NULL, 0, 'assn', 0, NULL, NULL, NULL, 0),
(345, NULL, NULL, NULL, NULL, 0, NULL, 0, 'assn', 0, NULL, NULL, NULL, 0),
(346, NULL, NULL, NULL, NULL, 0, NULL, 0, 'assn', 0, NULL, NULL, NULL, 0),
(347, NULL, NULL, NULL, NULL, 0, NULL, 0, 'assn', 0, NULL, NULL, NULL, 0),
(348, NULL, NULL, NULL, NULL, 0, NULL, 0, 'assn', 0, NULL, NULL, NULL, 0),
(349, NULL, NULL, NULL, NULL, 0, NULL, 0, 'assn', 0, NULL, NULL, NULL, 0),
(350, NULL, NULL, NULL, NULL, 0, NULL, 0, 'assn', 0, NULL, NULL, NULL, 0),
(351, NULL, NULL, NULL, NULL, 0, NULL, 0, 'assn', 0, NULL, NULL, NULL, 0),
(352, NULL, NULL, NULL, NULL, 0, NULL, 0, 'assn', 0, NULL, NULL, NULL, 0),
(353, NULL, NULL, NULL, NULL, 0, NULL, 0, 'assn', 0, NULL, NULL, NULL, 0),
(354, NULL, NULL, NULL, NULL, 0, NULL, 0, 'assn', 0, NULL, NULL, NULL, 0),
(355, NULL, NULL, NULL, NULL, 0, NULL, 0, 'assn', 0, NULL, NULL, NULL, 0),
(356, NULL, NULL, NULL, NULL, 0, NULL, 0, 'assn', 0, NULL, NULL, NULL, 0),
(357, NULL, NULL, NULL, NULL, 0, NULL, 0, 'assn', 0, NULL, NULL, NULL, 0),
(358, NULL, NULL, NULL, NULL, 0, NULL, 0, 'assn', 0, NULL, NULL, NULL, 0),
(359, NULL, NULL, NULL, NULL, 0, NULL, 0, 'assn', 0, NULL, NULL, NULL, 0),
(360, NULL, NULL, NULL, NULL, 0, NULL, 0, 'assn', 0, NULL, NULL, NULL, 0),
(361, NULL, NULL, NULL, NULL, 0, NULL, 0, 'assn', 0, NULL, NULL, NULL, 0),
(362, NULL, NULL, NULL, NULL, 0, NULL, 0, 'assn', 0, NULL, NULL, NULL, 0),
(363, NULL, NULL, NULL, NULL, 0, NULL, 0, 'assn', 0, NULL, NULL, NULL, 0),
(364, NULL, NULL, NULL, NULL, 0, NULL, 0, 'assn', 0, NULL, NULL, NULL, 0),
(365, NULL, NULL, NULL, NULL, 0, NULL, 0, 'assn', 0, NULL, NULL, NULL, 0),
(366, NULL, NULL, NULL, NULL, 0, NULL, 0, 'assn', 0, NULL, NULL, NULL, 0),
(367, NULL, NULL, NULL, NULL, 0, NULL, 0, 'assn', 0, NULL, NULL, NULL, 0),
(368, NULL, NULL, NULL, NULL, 0, NULL, 0, 'assn', 0, NULL, NULL, NULL, 0),
(369, NULL, NULL, NULL, NULL, 0, NULL, 0, 'assn', 0, NULL, NULL, NULL, 0),
(370, NULL, NULL, NULL, NULL, 0, NULL, 0, 'assn', 0, NULL, NULL, NULL, 0),
(371, NULL, NULL, NULL, NULL, 0, NULL, 0, 'assn', 0, NULL, NULL, NULL, 0),
(372, NULL, NULL, NULL, NULL, 0, NULL, 0, 'assn', 0, NULL, NULL, NULL, 0),
(373, NULL, NULL, NULL, NULL, 0, NULL, 0, 'assn', 0, NULL, NULL, NULL, 0),
(374, NULL, NULL, NULL, NULL, 0, NULL, 0, 'assn', 0, NULL, NULL, NULL, 0),
(375, NULL, NULL, NULL, NULL, 0, NULL, 0, 'assn', 0, NULL, NULL, NULL, 0),
(376, NULL, NULL, NULL, NULL, 0, NULL, 0, 'assn', 0, NULL, NULL, NULL, 0),
(377, NULL, NULL, NULL, NULL, 0, NULL, 0, 'assn', 0, NULL, NULL, NULL, 0),
(378, NULL, NULL, NULL, NULL, 0, NULL, 0, 'assn', 0, NULL, NULL, NULL, 0),
(379, NULL, NULL, NULL, NULL, 0, NULL, 0, 'assn', 0, NULL, NULL, NULL, 0),
(380, NULL, NULL, NULL, NULL, 0, NULL, 0, 'assn', 0, NULL, NULL, NULL, 0),
(381, NULL, NULL, NULL, NULL, 0, NULL, 0, 'assn', 0, NULL, NULL, NULL, 0),
(382, NULL, NULL, NULL, NULL, 0, NULL, 0, 'assn', 0, NULL, NULL, NULL, 0),
(383, NULL, NULL, NULL, NULL, 0, NULL, 0, 'assn', 0, NULL, NULL, NULL, 0),
(384, NULL, NULL, NULL, NULL, 0, NULL, 0, 'assn', 0, NULL, NULL, NULL, 0),
(385, NULL, NULL, NULL, NULL, 0, NULL, 0, 'assn', 0, NULL, NULL, NULL, 0),
(386, NULL, NULL, NULL, NULL, 0, NULL, 0, 'assn', 0, NULL, NULL, NULL, 0),
(387, NULL, NULL, NULL, NULL, 0, NULL, 0, 'assn', 0, NULL, NULL, NULL, 0),
(388, NULL, NULL, NULL, NULL, 0, NULL, 0, 'assn', 0, NULL, NULL, NULL, 0),
(389, NULL, NULL, NULL, NULL, 0, NULL, 0, 'assn', 0, NULL, NULL, NULL, 0),
(390, NULL, NULL, NULL, NULL, 0, NULL, 0, 'assn', 0, NULL, NULL, NULL, 0),
(391, NULL, NULL, NULL, NULL, 0, NULL, 0, 'assn', 0, NULL, NULL, NULL, 0),
(392, NULL, NULL, NULL, NULL, 0, NULL, 0, 'assn', 0, NULL, NULL, NULL, 0),
(393, NULL, NULL, NULL, NULL, 0, NULL, 0, 'assn', 0, NULL, NULL, NULL, 0),
(394, NULL, NULL, NULL, NULL, 0, NULL, 0, 'assn', 0, NULL, NULL, NULL, 0),
(395, NULL, NULL, NULL, NULL, 0, NULL, 0, 'assn', 0, NULL, NULL, NULL, 0),
(396, NULL, NULL, NULL, NULL, 0, NULL, 0, 'assn', 0, NULL, NULL, NULL, 0),
(397, NULL, NULL, NULL, NULL, 0, NULL, 0, 'assn', 0, NULL, NULL, NULL, 0),
(398, NULL, NULL, NULL, NULL, 0, NULL, 0, 'assn', 0, NULL, NULL, NULL, 0),
(399, NULL, NULL, NULL, NULL, 0, NULL, 0, 'assn', 0, NULL, NULL, NULL, 0),
(400, NULL, NULL, NULL, NULL, 0, NULL, 0, 'assn', 0, NULL, NULL, NULL, 0),
(401, NULL, NULL, NULL, NULL, 0, NULL, 0, 'assn', 0, NULL, NULL, NULL, 0),
(402, NULL, NULL, NULL, NULL, 0, NULL, 0, 'assn', 0, NULL, NULL, NULL, 0),
(403, NULL, NULL, NULL, NULL, 0, NULL, 0, 'assn', 0, NULL, NULL, NULL, 0),
(404, NULL, NULL, NULL, NULL, 0, NULL, 0, 'assn', 0, NULL, NULL, NULL, 0),
(405, NULL, NULL, NULL, NULL, 0, NULL, 0, 'assn', 0, NULL, NULL, NULL, 0),
(406, NULL, NULL, NULL, NULL, 0, NULL, 0, 'assn', 0, NULL, NULL, NULL, 0),
(407, NULL, NULL, NULL, NULL, 0, NULL, 0, 'assn', 0, NULL, NULL, NULL, 0),
(408, NULL, NULL, NULL, NULL, 0, NULL, 0, 'assn', 0, NULL, NULL, NULL, 0),
(409, NULL, NULL, NULL, NULL, 0, NULL, 0, 'assn', 0, NULL, NULL, NULL, 0),
(410, NULL, NULL, NULL, NULL, 0, NULL, 0, 'assn', 0, NULL, NULL, NULL, 0),
(411, NULL, NULL, NULL, NULL, 0, NULL, 0, 'assn', 0, NULL, NULL, NULL, 0),
(412, NULL, NULL, NULL, NULL, 0, NULL, 0, 'assn', 0, NULL, NULL, NULL, 0),
(413, NULL, NULL, NULL, NULL, 0, NULL, 0, 'assn', 0, NULL, NULL, NULL, 0),
(414, NULL, NULL, NULL, NULL, 0, NULL, 0, 'assn', 0, NULL, NULL, NULL, 0),
(415, NULL, NULL, NULL, NULL, 0, NULL, 0, 'assn', 0, NULL, NULL, NULL, 0),
(416, NULL, NULL, NULL, NULL, 0, NULL, 0, 'assn', 0, NULL, NULL, NULL, 0),
(417, NULL, NULL, NULL, NULL, 0, NULL, 0, 'assn', 0, NULL, NULL, NULL, 0),
(418, NULL, NULL, NULL, NULL, 0, NULL, 0, 'assn', 0, NULL, NULL, NULL, 0),
(419, NULL, NULL, NULL, NULL, 0, NULL, 0, 'assn', 0, NULL, NULL, NULL, 0),
(420, NULL, NULL, NULL, NULL, 0, NULL, 0, 'assn', 0, NULL, NULL, NULL, 0),
(421, NULL, NULL, NULL, NULL, 0, NULL, 0, 'assn', 0, NULL, NULL, NULL, 0),
(422, NULL, NULL, NULL, NULL, 0, NULL, 0, 'assn', 0, NULL, NULL, NULL, 0),
(423, NULL, NULL, NULL, NULL, 0, NULL, 0, 'assn', 0, NULL, NULL, NULL, 0),
(424, NULL, NULL, NULL, NULL, 0, NULL, 0, 'assn', 0, NULL, NULL, NULL, 0),
(425, NULL, NULL, NULL, NULL, 0, NULL, 0, 'assn', 0, NULL, NULL, NULL, 0),
(426, NULL, NULL, NULL, NULL, 0, NULL, 0, 'assn', 0, NULL, NULL, NULL, 0),
(427, NULL, NULL, NULL, NULL, 0, NULL, 0, 'assn', 0, NULL, NULL, NULL, 0),
(428, NULL, NULL, NULL, NULL, 0, NULL, 0, 'assn', 0, NULL, NULL, NULL, 0),
(429, NULL, NULL, NULL, NULL, 0, NULL, 0, 'assn', 0, NULL, NULL, NULL, 0),
(430, NULL, NULL, NULL, NULL, 0, NULL, 0, 'assn', 0, NULL, NULL, NULL, 0),
(431, NULL, NULL, NULL, NULL, 0, NULL, 0, 'assn', 0, NULL, NULL, NULL, 0),
(432, NULL, NULL, NULL, NULL, 0, NULL, 0, 'assn', 0, NULL, NULL, NULL, 0),
(433, NULL, NULL, NULL, NULL, 0, NULL, 0, 'assn', 0, NULL, NULL, NULL, 0),
(434, NULL, NULL, NULL, NULL, 0, NULL, 0, 'assn', 0, NULL, NULL, NULL, 0),
(435, NULL, NULL, NULL, NULL, 0, NULL, 0, 'assn', 0, NULL, NULL, NULL, 0),
(436, NULL, NULL, NULL, NULL, 0, NULL, 0, 'assn', 0, NULL, NULL, NULL, 0),
(437, NULL, NULL, NULL, NULL, 0, NULL, 0, 'assn', 0, NULL, NULL, NULL, 0),
(438, NULL, NULL, NULL, NULL, 0, NULL, 0, 'assn', 0, NULL, NULL, NULL, 0),
(439, NULL, NULL, NULL, NULL, 0, NULL, 0, 'assn', 0, NULL, NULL, NULL, 0),
(440, NULL, NULL, NULL, NULL, 0, NULL, 0, 'assn', 0, NULL, NULL, NULL, 0),
(441, NULL, NULL, NULL, NULL, 0, NULL, 0, 'assn', 0, NULL, NULL, NULL, 0),
(442, NULL, NULL, NULL, NULL, 0, NULL, 0, 'assn', 0, NULL, NULL, NULL, 0),
(443, NULL, NULL, NULL, NULL, 0, NULL, 0, 'assn', 0, NULL, NULL, NULL, 0),
(444, NULL, NULL, NULL, NULL, 0, NULL, 0, 'assn', 0, NULL, NULL, NULL, 0),
(445, NULL, NULL, NULL, NULL, 0, NULL, 0, 'assn', 0, NULL, NULL, NULL, 0),
(446, NULL, NULL, NULL, NULL, 0, NULL, 0, 'assn', 0, NULL, NULL, NULL, 0),
(447, NULL, NULL, NULL, NULL, 0, NULL, 0, 'assn', 0, NULL, NULL, NULL, 0),
(448, NULL, NULL, NULL, NULL, 0, NULL, 0, 'assn', 0, NULL, NULL, NULL, 0),
(449, NULL, NULL, NULL, NULL, 0, NULL, 0, 'assn', 0, NULL, NULL, NULL, 0),
(450, NULL, NULL, NULL, NULL, 0, NULL, 0, 'assn', 0, NULL, NULL, NULL, 0),
(451, NULL, NULL, NULL, NULL, 0, NULL, 0, 'assn', 0, NULL, NULL, NULL, 0),
(452, NULL, NULL, NULL, NULL, 0, NULL, 0, 'assn', 0, NULL, NULL, NULL, 0),
(453, NULL, NULL, NULL, NULL, 0, NULL, 0, 'assn', 0, NULL, NULL, NULL, 0),
(454, NULL, NULL, NULL, NULL, 0, NULL, 0, 'assn', 0, NULL, NULL, NULL, 0),
(455, NULL, NULL, NULL, NULL, 0, NULL, 0, 'assn', 0, NULL, NULL, NULL, 0),
(456, NULL, NULL, NULL, NULL, 0, NULL, 0, 'assn', 0, NULL, NULL, NULL, 0),
(457, NULL, NULL, NULL, NULL, 0, NULL, 0, 'assn', 0, NULL, NULL, NULL, 0),
(458, NULL, NULL, NULL, NULL, 0, NULL, 0, 'assn', 0, NULL, NULL, NULL, 0),
(459, NULL, NULL, NULL, NULL, 0, NULL, 0, 'assn', 0, NULL, NULL, NULL, 0),
(460, NULL, NULL, NULL, NULL, 0, NULL, 0, 'assn', 0, NULL, NULL, NULL, 0),
(461, NULL, NULL, NULL, NULL, 0, NULL, 0, 'assn', 0, NULL, NULL, NULL, 0),
(462, NULL, NULL, NULL, NULL, 0, NULL, 0, 'assn', 0, NULL, NULL, NULL, 0),
(463, NULL, NULL, NULL, NULL, 0, NULL, 0, 'assn', 0, NULL, NULL, NULL, 0),
(464, NULL, NULL, NULL, NULL, 0, NULL, 0, 'assn', 0, NULL, NULL, NULL, 0),
(465, NULL, NULL, NULL, NULL, 0, NULL, 0, 'assn', 0, NULL, NULL, NULL, 0),
(466, NULL, NULL, NULL, NULL, 0, NULL, 0, 'assn', 0, NULL, NULL, NULL, 0),
(467, NULL, NULL, NULL, NULL, 0, NULL, 0, 'assn', 0, NULL, NULL, NULL, 0),
(468, NULL, NULL, NULL, NULL, 0, NULL, 0, 'assn', 0, NULL, NULL, NULL, 0),
(469, NULL, NULL, NULL, NULL, 0, NULL, 0, 'assn', 0, NULL, NULL, NULL, 0),
(470, NULL, NULL, NULL, NULL, 0, NULL, 0, 'assn', 0, NULL, NULL, NULL, 0),
(471, NULL, NULL, NULL, NULL, 0, NULL, 0, 'assn', 0, NULL, NULL, NULL, 0),
(472, NULL, NULL, NULL, NULL, 0, NULL, 0, 'assn', 0, NULL, NULL, NULL, 0),
(473, NULL, NULL, NULL, NULL, 0, NULL, 0, 'assn', 0, NULL, NULL, NULL, 0),
(474, NULL, NULL, NULL, NULL, 0, NULL, 0, 'assn', 0, NULL, NULL, NULL, 0),
(475, NULL, NULL, NULL, NULL, 0, NULL, 0, 'assn', 0, NULL, NULL, NULL, 0),
(476, NULL, NULL, NULL, NULL, 0, NULL, 0, 'assn', 0, NULL, NULL, NULL, 0),
(477, NULL, NULL, NULL, NULL, 0, NULL, 0, 'assn', 0, NULL, NULL, NULL, 0),
(478, NULL, NULL, NULL, NULL, 0, NULL, 0, 'assn', 0, NULL, NULL, NULL, 0),
(479, NULL, NULL, NULL, NULL, 0, NULL, 0, 'assn', 0, NULL, NULL, NULL, 0),
(480, NULL, NULL, NULL, NULL, 0, NULL, 0, 'assn', 0, NULL, NULL, NULL, 0),
(481, NULL, NULL, NULL, NULL, 0, NULL, 0, 'assn', 0, NULL, NULL, NULL, 0),
(482, NULL, NULL, NULL, NULL, 0, NULL, 0, 'assn', 0, NULL, NULL, NULL, 0),
(483, NULL, NULL, NULL, NULL, 0, NULL, 0, 'assn', 0, NULL, NULL, NULL, 0),
(484, NULL, NULL, NULL, NULL, 0, NULL, 0, 'assn', 0, NULL, NULL, NULL, 0),
(485, NULL, NULL, NULL, NULL, 0, NULL, 0, 'assn', 0, NULL, NULL, NULL, 0),
(486, NULL, NULL, NULL, NULL, 0, NULL, 0, 'assn', 0, NULL, NULL, NULL, 0),
(487, NULL, NULL, NULL, NULL, 0, NULL, 0, 'assn', 0, NULL, NULL, NULL, 0),
(488, NULL, NULL, NULL, NULL, 0, NULL, 0, 'assn', 0, NULL, NULL, NULL, 0),
(489, NULL, NULL, NULL, NULL, 0, NULL, 0, 'assn', 0, NULL, NULL, NULL, 0),
(490, NULL, NULL, NULL, NULL, 0, NULL, 0, 'assn', 0, NULL, NULL, NULL, 0),
(491, NULL, NULL, NULL, NULL, 0, NULL, 0, 'assn', 0, NULL, NULL, NULL, 0),
(492, NULL, NULL, NULL, NULL, 0, NULL, 0, 'assn', 0, NULL, NULL, NULL, 0),
(493, NULL, NULL, NULL, NULL, 0, NULL, 0, 'assn', 0, NULL, NULL, NULL, 0),
(494, NULL, NULL, NULL, NULL, 0, NULL, 0, 'assn', 0, NULL, NULL, NULL, 0),
(495, NULL, NULL, NULL, NULL, 0, NULL, 0, 'assn', 0, NULL, NULL, NULL, 0),
(496, NULL, NULL, NULL, NULL, 0, NULL, 0, 'assn', 0, NULL, NULL, NULL, 0),
(497, NULL, NULL, NULL, NULL, 0, NULL, 0, 'assn', 0, NULL, NULL, NULL, 0),
(498, NULL, NULL, NULL, NULL, 0, NULL, 0, 'assn', 0, NULL, NULL, NULL, 0),
(499, NULL, NULL, NULL, NULL, 0, NULL, 0, 'assn', 0, NULL, NULL, NULL, 0),
(500, NULL, NULL, NULL, NULL, 0, NULL, 0, 'assn', 0, NULL, NULL, NULL, 0),
(501, NULL, NULL, NULL, NULL, 0, NULL, 0, 'assn', 0, NULL, NULL, NULL, 0),
(502, NULL, NULL, NULL, NULL, 0, NULL, 0, 'assn', 0, NULL, NULL, NULL, 0),
(503, NULL, NULL, NULL, NULL, 0, NULL, 0, 'assn', 0, NULL, NULL, NULL, 0),
(504, NULL, NULL, NULL, NULL, 0, NULL, 0, 'assn', 0, NULL, NULL, NULL, 0),
(505, NULL, NULL, NULL, NULL, 0, NULL, 0, 'assn', 0, NULL, NULL, NULL, 0),
(506, NULL, NULL, NULL, NULL, 0, NULL, 0, 'assn', 0, NULL, NULL, NULL, 0),
(507, NULL, NULL, NULL, NULL, 0, NULL, 0, 'assn', 0, NULL, NULL, NULL, 0),
(508, NULL, NULL, NULL, NULL, 0, NULL, 0, 'assn', 0, NULL, NULL, NULL, 0),
(509, NULL, NULL, NULL, NULL, 0, NULL, 0, 'assn', 0, NULL, NULL, NULL, 0),
(510, NULL, NULL, NULL, NULL, 0, NULL, 0, 'assn', 0, NULL, NULL, NULL, 0),
(511, NULL, NULL, NULL, NULL, 0, NULL, 0, 'assn', 0, NULL, NULL, NULL, 0),
(512, NULL, NULL, NULL, NULL, 0, NULL, 0, 'assn', 0, NULL, NULL, NULL, 0),
(513, NULL, NULL, NULL, NULL, 0, NULL, 0, 'assn', 0, NULL, NULL, NULL, 0),
(514, NULL, NULL, NULL, NULL, 0, NULL, 0, 'assn', 0, NULL, NULL, NULL, 0),
(515, NULL, NULL, NULL, NULL, 0, NULL, 0, 'assn', 0, NULL, NULL, NULL, 0),
(516, NULL, NULL, NULL, NULL, 0, NULL, 0, 'assn', 0, NULL, NULL, NULL, 0),
(517, NULL, NULL, NULL, NULL, 0, NULL, 0, 'assn', 0, NULL, NULL, NULL, 0),
(518, NULL, NULL, NULL, NULL, 0, NULL, 0, 'assn', 0, NULL, NULL, NULL, 0),
(519, NULL, NULL, NULL, NULL, 0, NULL, 0, 'assn', 0, NULL, NULL, NULL, 0),
(520, NULL, NULL, NULL, NULL, 0, NULL, 0, 'assn', 0, NULL, NULL, NULL, 0),
(521, NULL, NULL, NULL, NULL, 0, NULL, 0, 'assn', 0, NULL, NULL, NULL, 0),
(522, NULL, NULL, NULL, NULL, 0, NULL, 0, 'assn', 0, NULL, NULL, NULL, 0),
(523, NULL, NULL, NULL, NULL, 0, NULL, 0, 'assn', 0, NULL, NULL, NULL, 0),
(524, NULL, NULL, NULL, NULL, 0, NULL, 0, 'assn', 0, NULL, NULL, NULL, 0),
(525, NULL, NULL, NULL, NULL, 0, NULL, 0, 'assn', 0, NULL, NULL, NULL, 0),
(526, NULL, NULL, NULL, NULL, 0, NULL, 0, 'assn', 0, NULL, NULL, NULL, 0),
(527, NULL, NULL, NULL, NULL, 0, NULL, 0, 'assn', 0, NULL, NULL, NULL, 0),
(528, NULL, NULL, NULL, NULL, 0, NULL, 0, 'assn', 0, NULL, NULL, NULL, 0),
(529, NULL, NULL, NULL, NULL, 0, NULL, 0, 'assn', 0, NULL, NULL, NULL, 0),
(530, NULL, NULL, NULL, NULL, 0, NULL, 0, 'assn', 0, NULL, NULL, NULL, 0),
(531, NULL, NULL, NULL, NULL, 0, NULL, 0, 'assn', 0, NULL, NULL, NULL, 0),
(532, NULL, NULL, NULL, NULL, 0, NULL, 0, 'assn', 0, NULL, NULL, NULL, 0),
(533, NULL, NULL, NULL, NULL, 0, NULL, 0, 'assn', 0, NULL, NULL, NULL, 0),
(534, NULL, NULL, NULL, NULL, 0, NULL, 0, 'assn', 0, NULL, NULL, NULL, 0),
(535, NULL, NULL, NULL, NULL, 0, NULL, 0, 'assn', 0, NULL, NULL, NULL, 0),
(536, NULL, NULL, NULL, NULL, 0, NULL, 0, 'assn', 0, NULL, NULL, NULL, 0),
(537, NULL, NULL, NULL, NULL, 0, NULL, 0, 'assn', 0, NULL, NULL, NULL, 0),
(538, NULL, NULL, NULL, NULL, 0, NULL, 0, 'assn', 0, NULL, NULL, NULL, 0),
(539, NULL, NULL, NULL, NULL, 0, NULL, 0, 'assn', 0, NULL, NULL, NULL, 0),
(540, NULL, NULL, NULL, NULL, 0, NULL, 0, 'assn', 0, NULL, NULL, NULL, 0),
(541, NULL, NULL, NULL, NULL, 0, NULL, 0, 'assn', 0, NULL, NULL, NULL, 0),
(542, NULL, NULL, NULL, NULL, 0, NULL, 0, 'assn', 0, NULL, NULL, NULL, 0),
(543, NULL, NULL, NULL, NULL, 0, NULL, 0, 'assn', 0, NULL, NULL, NULL, 0),
(544, NULL, NULL, NULL, NULL, 0, NULL, 0, 'assn', 0, NULL, NULL, NULL, 0),
(545, NULL, NULL, NULL, NULL, 0, NULL, 0, 'assn', 0, NULL, NULL, NULL, 0),
(546, NULL, NULL, NULL, NULL, 0, NULL, 0, 'assn', 0, NULL, NULL, NULL, 0),
(547, NULL, NULL, NULL, NULL, 0, NULL, 0, 'assn', 0, NULL, NULL, NULL, 0),
(548, NULL, NULL, NULL, NULL, 0, NULL, 0, 'assn', 0, NULL, NULL, NULL, 0),
(549, NULL, NULL, NULL, NULL, 0, NULL, 0, 'assn', 0, NULL, NULL, NULL, 0),
(550, NULL, NULL, NULL, NULL, 0, NULL, 0, 'assn', 0, NULL, NULL, NULL, 0),
(551, NULL, NULL, NULL, NULL, 0, NULL, 0, 'assn', 0, NULL, NULL, NULL, 0),
(552, NULL, NULL, NULL, NULL, 0, NULL, 0, 'assn', 0, NULL, NULL, NULL, 0),
(553, NULL, NULL, NULL, NULL, 0, NULL, 0, 'assn', 0, NULL, NULL, NULL, 0),
(554, NULL, NULL, NULL, NULL, 0, NULL, 0, 'assn', 0, NULL, NULL, NULL, 0),
(555, NULL, NULL, NULL, NULL, 0, NULL, 0, 'assn', 0, NULL, NULL, NULL, 0),
(556, NULL, NULL, NULL, NULL, 0, NULL, 0, 'assn', 0, NULL, NULL, NULL, 0),
(557, NULL, NULL, NULL, NULL, 0, NULL, 0, 'assn', 0, NULL, NULL, NULL, 0),
(558, NULL, NULL, NULL, NULL, 0, NULL, 0, 'assn', 0, NULL, NULL, NULL, 0),
(559, NULL, NULL, NULL, NULL, 0, NULL, 0, 'assn', 0, NULL, NULL, NULL, 0),
(560, NULL, NULL, NULL, NULL, 0, NULL, 0, 'assn', 0, NULL, NULL, NULL, 0),
(561, NULL, NULL, NULL, NULL, 0, NULL, 0, 'assn', 0, NULL, NULL, NULL, 0),
(562, NULL, NULL, NULL, NULL, 0, NULL, 0, 'assn', 0, NULL, NULL, NULL, 0),
(563, NULL, NULL, NULL, NULL, 0, NULL, 0, 'assn', 0, NULL, NULL, NULL, 0),
(564, NULL, NULL, NULL, NULL, 0, NULL, 0, 'assn', 0, NULL, NULL, NULL, 0),
(565, NULL, NULL, NULL, NULL, 0, NULL, 0, 'assn', 0, NULL, NULL, NULL, 0),
(566, NULL, NULL, NULL, NULL, 0, NULL, 0, 'assn', 0, NULL, NULL, NULL, 0),
(567, NULL, NULL, NULL, NULL, 0, NULL, 0, 'assn', 0, NULL, NULL, NULL, 0),
(568, NULL, NULL, NULL, NULL, 0, NULL, 0, 'assn', 0, NULL, NULL, NULL, 0),
(569, NULL, NULL, NULL, NULL, 0, NULL, 0, 'assn', 0, NULL, NULL, NULL, 0),
(570, NULL, NULL, NULL, NULL, 0, NULL, 0, 'assn', 0, NULL, NULL, NULL, 0),
(571, NULL, NULL, NULL, NULL, 0, NULL, 0, 'assn', 0, NULL, NULL, NULL, 0),
(572, NULL, NULL, NULL, NULL, 0, NULL, 0, 'assn', 0, NULL, NULL, NULL, 0),
(573, NULL, NULL, NULL, NULL, 0, NULL, 0, 'assn', 0, NULL, NULL, NULL, 0),
(574, NULL, NULL, NULL, NULL, 0, NULL, 0, 'assn', 0, NULL, NULL, NULL, 0),
(575, NULL, NULL, NULL, NULL, 0, NULL, 0, 'assn', 0, NULL, NULL, NULL, 0),
(576, NULL, NULL, NULL, NULL, 0, NULL, 0, 'assn', 0, NULL, NULL, NULL, 0),
(577, NULL, NULL, NULL, NULL, 0, NULL, 0, 'assn', 0, NULL, NULL, NULL, 0),
(578, NULL, NULL, NULL, NULL, 0, NULL, 0, 'assn', 0, NULL, NULL, NULL, 0),
(579, NULL, NULL, NULL, NULL, 0, NULL, 0, 'assn', 0, NULL, NULL, NULL, 0),
(580, NULL, NULL, NULL, NULL, 0, NULL, 0, 'assn', 0, NULL, NULL, NULL, 0),
(581, NULL, NULL, NULL, NULL, 0, NULL, 0, 'assn', 0, NULL, NULL, NULL, 0),
(582, NULL, NULL, NULL, NULL, 0, NULL, 0, 'assn', 0, NULL, NULL, NULL, 0),
(583, NULL, NULL, NULL, NULL, 0, NULL, 0, 'assn', 0, NULL, NULL, NULL, 0),
(584, NULL, NULL, NULL, NULL, 0, NULL, 0, 'assn', 0, NULL, NULL, NULL, 0),
(585, NULL, NULL, NULL, NULL, 0, NULL, 0, 'assn', 0, NULL, NULL, NULL, 0),
(586, NULL, NULL, NULL, NULL, 0, NULL, 0, 'assn', 0, NULL, NULL, NULL, 0),
(587, NULL, NULL, NULL, NULL, 0, NULL, 0, 'assn', 0, NULL, NULL, NULL, 0),
(588, NULL, NULL, NULL, NULL, 0, NULL, 0, 'assn', 0, NULL, NULL, NULL, 0),
(589, NULL, NULL, NULL, NULL, 0, NULL, 0, 'assn', 0, NULL, NULL, NULL, 0),
(590, NULL, NULL, NULL, NULL, 0, NULL, 0, 'assn', 0, NULL, NULL, NULL, 0),
(591, NULL, NULL, NULL, NULL, 0, NULL, 0, 'assn', 0, NULL, NULL, NULL, 0),
(592, NULL, NULL, NULL, NULL, 0, NULL, 0, 'assn', 0, NULL, NULL, NULL, 0),
(593, NULL, NULL, NULL, NULL, 0, NULL, 0, 'assn', 0, NULL, NULL, NULL, 0),
(594, NULL, NULL, NULL, NULL, 0, NULL, 0, 'assn', 0, NULL, NULL, NULL, 0),
(595, NULL, NULL, NULL, NULL, 0, NULL, 0, 'assn', 0, NULL, NULL, NULL, 0),
(596, NULL, NULL, NULL, NULL, 0, NULL, 0, 'assn', 0, NULL, NULL, NULL, 0),
(597, NULL, NULL, NULL, NULL, 0, NULL, 0, 'assn', 0, NULL, NULL, NULL, 0),
(598, NULL, NULL, NULL, NULL, 0, NULL, 0, 'assn', 0, NULL, NULL, NULL, 0),
(599, NULL, NULL, NULL, NULL, 0, NULL, 0, 'assn', 0, NULL, NULL, NULL, 0),
(600, NULL, NULL, NULL, NULL, 0, NULL, 0, 'assn', 0, NULL, NULL, NULL, 0),
(601, NULL, NULL, NULL, NULL, 0, NULL, 0, 'assn', 0, NULL, NULL, NULL, 0),
(602, NULL, NULL, NULL, NULL, 0, NULL, 0, 'assn', 0, NULL, NULL, NULL, 0),
(603, NULL, NULL, NULL, NULL, 0, NULL, 0, 'assn', 0, NULL, NULL, NULL, 0),
(604, NULL, NULL, NULL, NULL, 0, NULL, 0, 'assn', 0, NULL, NULL, NULL, 0),
(605, NULL, NULL, NULL, NULL, 0, NULL, 0, 'assn', 0, NULL, NULL, NULL, 0),
(606, NULL, NULL, NULL, NULL, 0, NULL, 0, 'assn', 0, NULL, NULL, NULL, 0),
(607, NULL, NULL, NULL, NULL, 0, NULL, 0, 'assn', 0, NULL, NULL, NULL, 0),
(608, NULL, NULL, NULL, NULL, 0, NULL, 0, 'assn', 0, NULL, NULL, NULL, 0),
(609, NULL, NULL, NULL, NULL, 0, NULL, 0, 'assn', 0, NULL, NULL, NULL, 0),
(610, NULL, NULL, NULL, NULL, 0, NULL, 0, 'assn', 0, NULL, NULL, NULL, 0),
(611, NULL, NULL, NULL, NULL, 0, NULL, 0, 'assn', 0, NULL, NULL, NULL, 0),
(612, NULL, NULL, NULL, NULL, 0, NULL, 0, 'assn', 0, NULL, NULL, NULL, 0),
(613, NULL, NULL, NULL, NULL, 0, NULL, 0, 'assn', 0, NULL, NULL, NULL, 0),
(614, NULL, NULL, NULL, NULL, 0, NULL, 0, 'assn', 0, NULL, NULL, NULL, 0),
(615, NULL, NULL, NULL, NULL, 0, NULL, 0, 'assn', 0, NULL, NULL, NULL, 0),
(616, NULL, NULL, NULL, NULL, 0, NULL, 0, 'assn', 0, NULL, NULL, NULL, 0),
(617, NULL, NULL, NULL, NULL, 0, NULL, 0, 'assn', 0, NULL, NULL, NULL, 0),
(618, NULL, NULL, NULL, NULL, 0, NULL, 0, 'assn', 0, NULL, NULL, NULL, 0),
(619, NULL, NULL, NULL, NULL, 0, NULL, 0, 'assn', 0, NULL, NULL, NULL, 0),
(620, NULL, NULL, NULL, NULL, 0, NULL, 0, 'assn', 0, NULL, NULL, NULL, 0),
(621, NULL, NULL, NULL, NULL, 0, NULL, 0, 'assn', 0, NULL, NULL, NULL, 0),
(622, NULL, NULL, NULL, NULL, 0, NULL, 0, 'assn', 0, NULL, NULL, NULL, 0),
(623, NULL, NULL, NULL, NULL, 0, NULL, 0, 'assn', 0, NULL, NULL, NULL, 0),
(624, NULL, NULL, NULL, NULL, 0, NULL, 0, 'assn', 0, NULL, NULL, NULL, 0),
(625, NULL, NULL, NULL, NULL, 0, NULL, 0, 'assn', 0, NULL, NULL, NULL, 0),
(626, NULL, NULL, NULL, NULL, 0, NULL, 0, 'assn', 0, NULL, NULL, NULL, 0),
(627, NULL, NULL, NULL, NULL, 0, NULL, 0, 'assn', 0, NULL, NULL, NULL, 0),
(628, NULL, NULL, NULL, NULL, 0, NULL, 0, 'assn', 0, NULL, NULL, NULL, 0),
(629, NULL, NULL, NULL, NULL, 0, NULL, 0, 'assn', 0, NULL, NULL, NULL, 0),
(630, NULL, NULL, NULL, NULL, 0, NULL, 0, 'assn', 0, NULL, NULL, NULL, 0),
(631, NULL, NULL, NULL, NULL, 0, NULL, 0, 'assn', 0, NULL, NULL, NULL, 0),
(632, NULL, NULL, NULL, NULL, 0, NULL, 0, 'assn', 0, NULL, NULL, NULL, 0),
(633, NULL, NULL, NULL, NULL, 0, NULL, 0, 'assn', 0, NULL, NULL, NULL, 0),
(634, NULL, NULL, NULL, NULL, 0, NULL, 0, 'assn', 0, NULL, NULL, NULL, 0),
(635, NULL, NULL, NULL, NULL, 0, NULL, 0, 'assn', 0, NULL, NULL, NULL, 0),
(636, NULL, NULL, NULL, NULL, 0, NULL, 0, 'assn', 0, NULL, NULL, NULL, 0),
(637, NULL, NULL, NULL, NULL, 0, NULL, 0, 'assn', 0, NULL, NULL, NULL, 0),
(638, NULL, NULL, NULL, NULL, 0, NULL, 0, 'assn', 0, NULL, NULL, NULL, 0),
(639, NULL, NULL, NULL, NULL, 0, NULL, 0, 'assn', 0, NULL, NULL, NULL, 0),
(640, NULL, NULL, NULL, NULL, 0, NULL, 0, 'assn', 0, NULL, NULL, NULL, 0),
(641, NULL, NULL, NULL, NULL, 0, NULL, 0, 'assn', 0, NULL, NULL, NULL, 0),
(642, NULL, NULL, NULL, NULL, 0, NULL, 0, 'assn', 0, NULL, NULL, NULL, 0),
(643, NULL, NULL, NULL, NULL, 0, NULL, 0, 'assn', 0, NULL, NULL, NULL, 0),
(644, NULL, NULL, NULL, NULL, 0, NULL, 0, 'assn', 0, NULL, NULL, NULL, 0),
(645, NULL, NULL, NULL, NULL, 0, NULL, 0, 'assn', 0, NULL, NULL, NULL, 0),
(646, NULL, NULL, NULL, NULL, 0, NULL, 0, 'assn', 0, NULL, NULL, NULL, 0),
(647, NULL, NULL, NULL, NULL, 0, NULL, 0, 'assn', 0, NULL, NULL, NULL, 0),
(648, NULL, NULL, NULL, NULL, 0, NULL, 0, 'assn', 0, NULL, NULL, NULL, 0),
(649, NULL, NULL, NULL, NULL, 0, NULL, 0, 'assn', 0, NULL, NULL, NULL, 0),
(650, NULL, NULL, NULL, NULL, 0, NULL, 0, 'assn', 0, NULL, NULL, NULL, 0),
(651, NULL, NULL, NULL, NULL, 0, NULL, 0, 'assn', 0, NULL, NULL, NULL, 0),
(652, NULL, NULL, NULL, NULL, 0, NULL, 0, 'assn', 0, NULL, NULL, NULL, 0),
(653, NULL, NULL, NULL, NULL, 0, NULL, 0, 'assn', 0, NULL, NULL, NULL, 0),
(654, NULL, NULL, NULL, NULL, 0, NULL, 0, 'assn', 0, NULL, NULL, NULL, 0),
(655, NULL, NULL, NULL, NULL, 0, NULL, 0, 'assn', 0, NULL, NULL, NULL, 0),
(656, NULL, NULL, NULL, NULL, 0, NULL, 0, 'assn', 0, NULL, NULL, NULL, 0),
(657, NULL, NULL, NULL, NULL, 0, NULL, 0, 'assn', 0, NULL, NULL, NULL, 0),
(658, NULL, NULL, NULL, NULL, 0, NULL, 0, 'assn', 0, NULL, NULL, NULL, 0),
(659, NULL, NULL, NULL, NULL, 0, NULL, 0, 'assn', 0, NULL, NULL, NULL, 0),
(660, NULL, NULL, NULL, NULL, 0, NULL, 0, 'assn', 0, NULL, NULL, NULL, 0),
(661, NULL, NULL, NULL, NULL, 0, NULL, 0, 'assn', 0, NULL, NULL, NULL, 0),
(662, NULL, NULL, NULL, NULL, 0, NULL, 0, 'assn', 0, NULL, NULL, NULL, 0),
(663, NULL, NULL, NULL, NULL, 0, NULL, 0, 'assn', 0, NULL, NULL, NULL, 0),
(664, NULL, NULL, NULL, NULL, 0, NULL, 0, 'assn', 0, NULL, NULL, NULL, 0),
(665, NULL, NULL, NULL, NULL, 0, NULL, 0, 'assn', 0, NULL, NULL, NULL, 0),
(666, NULL, NULL, NULL, NULL, 0, NULL, 0, 'assn', 0, NULL, NULL, NULL, 0),
(667, NULL, NULL, NULL, NULL, 0, NULL, 0, 'assn', 0, NULL, NULL, NULL, 0),
(668, NULL, NULL, NULL, NULL, 0, NULL, 0, 'assn', 0, NULL, NULL, NULL, 0),
(669, NULL, NULL, NULL, NULL, 0, NULL, 0, 'assn', 0, NULL, NULL, NULL, 0),
(670, NULL, NULL, NULL, NULL, 0, NULL, 0, 'assn', 0, NULL, NULL, NULL, 0),
(671, NULL, NULL, NULL, NULL, 0, NULL, 0, 'assn', 0, NULL, NULL, NULL, 0),
(672, NULL, NULL, NULL, NULL, 0, NULL, 0, 'assn', 0, NULL, NULL, NULL, 0),
(673, NULL, NULL, NULL, NULL, 0, NULL, 0, 'assn', 0, NULL, NULL, NULL, 0),
(674, NULL, NULL, NULL, NULL, 0, NULL, 0, 'assn', 0, NULL, NULL, NULL, 0),
(675, NULL, NULL, NULL, NULL, 0, NULL, 0, 'assn', 0, NULL, NULL, NULL, 0),
(676, NULL, NULL, NULL, NULL, 0, NULL, 0, 'assn', 0, NULL, NULL, NULL, 0),
(677, NULL, NULL, NULL, NULL, 0, NULL, 0, 'assn', 0, NULL, NULL, NULL, 0),
(678, NULL, NULL, NULL, NULL, 0, NULL, 0, 'assn', 0, NULL, NULL, NULL, 0),
(679, NULL, NULL, NULL, NULL, 0, NULL, 0, 'assn', 0, NULL, NULL, NULL, 0),
(680, NULL, NULL, NULL, NULL, 0, NULL, 0, 'assn', 0, NULL, NULL, NULL, 0),
(681, NULL, NULL, NULL, NULL, 0, NULL, 0, 'assn', 0, NULL, NULL, NULL, 0);
INSERT INTO `gn_club_service_settings` (`club_service_id`, `nmi_token`, `bank_name`, `ach_routing_number`, `ach_bank_number`, `auto_renew`, `transaction_fee`, `billing_active`, `calendar_year_type_cd`, `apply_rollover`, `subscription_term_cd`, `accounting_macro_id`, `hp_optional_fields`, `use_snail_mail`) VALUES
(682, NULL, NULL, NULL, NULL, 0, NULL, 0, 'assn', 0, NULL, NULL, NULL, 0),
(683, NULL, NULL, NULL, NULL, 0, NULL, 0, 'assn', 0, NULL, NULL, NULL, 0),
(684, NULL, NULL, NULL, NULL, 0, NULL, 0, 'assn', 0, NULL, NULL, NULL, 0),
(685, NULL, NULL, NULL, NULL, 0, NULL, 0, 'assn', 0, NULL, NULL, NULL, 0),
(686, NULL, NULL, NULL, NULL, 0, NULL, 0, 'assn', 0, NULL, NULL, NULL, 0),
(687, NULL, NULL, NULL, NULL, 0, NULL, 0, 'assn', 0, NULL, NULL, NULL, 0),
(688, NULL, NULL, NULL, NULL, 0, NULL, 0, 'assn', 0, NULL, NULL, NULL, 0),
(689, NULL, NULL, NULL, NULL, 0, NULL, 0, 'assn', 0, NULL, NULL, NULL, 0),
(690, NULL, NULL, NULL, NULL, 0, NULL, 0, 'assn', 0, NULL, NULL, NULL, 0),
(691, NULL, NULL, NULL, NULL, 0, NULL, 0, 'assn', 0, NULL, NULL, NULL, 0),
(692, NULL, NULL, NULL, NULL, 0, NULL, 0, 'assn', 0, NULL, NULL, NULL, 0),
(693, NULL, NULL, NULL, NULL, 0, NULL, 0, 'assn', 0, NULL, NULL, NULL, 0),
(694, NULL, NULL, NULL, NULL, 0, NULL, 0, 'assn', 0, NULL, NULL, NULL, 0),
(695, NULL, NULL, NULL, NULL, 0, NULL, 0, 'assn', 0, NULL, NULL, NULL, 0),
(696, NULL, NULL, NULL, NULL, 0, NULL, 0, 'assn', 0, NULL, NULL, NULL, 0),
(697, NULL, NULL, NULL, NULL, 0, NULL, 0, 'assn', 0, NULL, NULL, NULL, 0),
(698, NULL, NULL, NULL, NULL, 0, NULL, 0, 'assn', 0, NULL, NULL, NULL, 0),
(699, NULL, NULL, NULL, NULL, 0, NULL, 0, 'assn', 0, NULL, NULL, NULL, 0),
(700, NULL, NULL, NULL, NULL, 0, NULL, 0, 'assn', 0, NULL, NULL, NULL, 0),
(701, NULL, NULL, NULL, NULL, 0, NULL, 0, 'assn', 0, NULL, NULL, NULL, 0),
(702, NULL, NULL, NULL, NULL, 0, NULL, 0, 'assn', 0, NULL, NULL, NULL, 0),
(703, NULL, NULL, NULL, NULL, 0, NULL, 0, 'assn', 0, NULL, NULL, NULL, 0),
(704, NULL, NULL, NULL, NULL, 0, NULL, 0, 'assn', 0, NULL, NULL, NULL, 0),
(705, NULL, NULL, NULL, NULL, 0, NULL, 0, 'assn', 0, NULL, NULL, NULL, 0),
(706, NULL, NULL, NULL, NULL, 0, NULL, 0, 'assn', 0, NULL, NULL, NULL, 0),
(707, NULL, NULL, NULL, NULL, 0, NULL, 0, 'assn', 0, NULL, NULL, NULL, 0),
(708, NULL, NULL, NULL, NULL, 0, NULL, 0, 'assn', 0, NULL, NULL, NULL, 0),
(709, NULL, NULL, NULL, NULL, 0, NULL, 0, 'assn', 0, NULL, NULL, NULL, 0),
(710, NULL, NULL, NULL, NULL, 0, NULL, 0, 'assn', 0, NULL, NULL, NULL, 0),
(711, NULL, NULL, NULL, NULL, 0, NULL, 0, 'assn', 0, NULL, NULL, NULL, 0),
(712, NULL, NULL, NULL, NULL, 0, NULL, 0, 'assn', 0, NULL, NULL, NULL, 0),
(713, NULL, NULL, NULL, NULL, 0, NULL, 0, 'assn', 0, NULL, NULL, NULL, 0),
(714, NULL, NULL, NULL, NULL, 0, NULL, 0, 'assn', 0, NULL, NULL, NULL, 0),
(715, NULL, NULL, NULL, NULL, 0, NULL, 0, 'assn', 0, NULL, NULL, NULL, 0),
(716, NULL, NULL, NULL, NULL, 0, NULL, 0, 'assn', 0, NULL, NULL, NULL, 0),
(717, NULL, NULL, NULL, NULL, 0, NULL, 0, 'assn', 0, NULL, NULL, NULL, 0),
(718, NULL, NULL, NULL, NULL, 0, NULL, 0, 'assn', 0, NULL, NULL, NULL, 0),
(719, NULL, NULL, NULL, NULL, 0, NULL, 0, 'assn', 0, NULL, NULL, NULL, 0),
(720, NULL, NULL, NULL, NULL, 0, NULL, 0, 'assn', 0, NULL, NULL, NULL, 0),
(721, NULL, NULL, NULL, NULL, 0, NULL, 0, 'assn', 0, NULL, NULL, NULL, 0),
(722, NULL, NULL, NULL, NULL, 0, NULL, 0, 'assn', 0, NULL, NULL, NULL, 0),
(723, NULL, NULL, NULL, NULL, 0, NULL, 0, 'assn', 0, NULL, NULL, NULL, 0),
(724, NULL, NULL, NULL, NULL, 0, NULL, 0, 'assn', 0, NULL, NULL, NULL, 0),
(725, NULL, NULL, NULL, NULL, 0, NULL, 0, 'assn', 0, NULL, NULL, NULL, 0),
(726, NULL, NULL, NULL, NULL, 0, NULL, 0, 'assn', 0, NULL, NULL, NULL, 0),
(727, NULL, NULL, NULL, NULL, 0, NULL, 0, 'assn', 0, NULL, NULL, NULL, 0),
(728, NULL, NULL, NULL, NULL, 0, NULL, 0, 'assn', 0, NULL, NULL, NULL, 0),
(729, NULL, NULL, NULL, NULL, 0, NULL, 0, 'assn', 0, NULL, NULL, NULL, 0),
(730, NULL, NULL, NULL, NULL, 0, NULL, 0, 'assn', 0, NULL, NULL, NULL, 0),
(731, NULL, NULL, NULL, NULL, 0, NULL, 0, 'assn', 0, NULL, NULL, NULL, 0),
(732, NULL, NULL, NULL, NULL, 0, NULL, 0, 'assn', 0, NULL, NULL, NULL, 0),
(733, NULL, NULL, NULL, NULL, 0, NULL, 0, 'assn', 0, NULL, NULL, NULL, 0),
(734, NULL, NULL, NULL, NULL, 0, NULL, 0, 'assn', 0, NULL, NULL, NULL, 0),
(735, NULL, NULL, NULL, NULL, 0, NULL, 0, 'assn', 0, NULL, NULL, NULL, 0),
(736, NULL, NULL, NULL, NULL, 0, NULL, 0, 'assn', 0, NULL, NULL, NULL, 0),
(737, NULL, NULL, NULL, NULL, 0, NULL, 0, 'assn', 0, NULL, NULL, NULL, 0),
(738, NULL, NULL, NULL, NULL, 0, NULL, 0, 'assn', 0, NULL, NULL, NULL, 0),
(739, NULL, NULL, NULL, NULL, 0, NULL, 0, 'assn', 0, NULL, NULL, NULL, 0),
(740, NULL, NULL, NULL, NULL, 0, NULL, 0, 'assn', 0, NULL, NULL, NULL, 0),
(741, NULL, NULL, NULL, NULL, 0, NULL, 0, 'assn', 0, NULL, NULL, NULL, 0),
(742, NULL, NULL, NULL, NULL, 0, NULL, 0, 'assn', 0, NULL, NULL, NULL, 0),
(743, NULL, NULL, NULL, NULL, 0, NULL, 0, 'assn', 0, NULL, NULL, NULL, 0),
(744, NULL, NULL, NULL, NULL, 0, NULL, 0, 'assn', 0, NULL, NULL, NULL, 0),
(745, NULL, NULL, NULL, NULL, 0, NULL, 0, 'assn', 0, NULL, NULL, NULL, 0),
(746, NULL, NULL, NULL, NULL, 0, NULL, 0, 'assn', 0, NULL, NULL, NULL, 0),
(747, NULL, NULL, NULL, NULL, 0, NULL, 0, 'assn', 0, NULL, NULL, NULL, 0),
(748, NULL, NULL, NULL, NULL, 0, NULL, 0, 'assn', 0, NULL, NULL, NULL, 0),
(749, NULL, NULL, NULL, NULL, 0, NULL, 0, 'assn', 0, NULL, NULL, NULL, 0),
(750, NULL, NULL, NULL, NULL, 0, NULL, 0, 'assn', 0, NULL, NULL, NULL, 0),
(751, NULL, NULL, NULL, NULL, 0, NULL, 0, 'assn', 0, NULL, NULL, NULL, 0),
(752, NULL, NULL, NULL, NULL, 0, NULL, 0, 'assn', 0, NULL, NULL, NULL, 0),
(753, NULL, NULL, NULL, NULL, 0, NULL, 0, 'assn', 0, NULL, NULL, NULL, 0),
(754, NULL, NULL, NULL, NULL, 0, NULL, 0, 'assn', 0, NULL, NULL, NULL, 0),
(755, NULL, NULL, NULL, NULL, 0, NULL, 0, 'assn', 0, NULL, NULL, NULL, 0),
(756, NULL, NULL, NULL, NULL, 0, NULL, 0, 'assn', 0, NULL, NULL, NULL, 0),
(757, NULL, NULL, NULL, NULL, 0, NULL, 0, 'assn', 0, NULL, NULL, NULL, 0),
(758, NULL, NULL, NULL, NULL, 0, NULL, 0, 'assn', 0, NULL, NULL, NULL, 0),
(759, NULL, NULL, NULL, NULL, 0, NULL, 0, 'assn', 0, NULL, NULL, NULL, 0),
(760, NULL, NULL, NULL, NULL, 0, NULL, 0, 'assn', 0, NULL, NULL, NULL, 0),
(761, NULL, NULL, NULL, NULL, 0, NULL, 0, 'assn', 0, NULL, NULL, NULL, 0),
(762, NULL, NULL, NULL, NULL, 0, NULL, 0, 'assn', 0, NULL, NULL, NULL, 0),
(763, NULL, NULL, NULL, NULL, 0, NULL, 0, 'assn', 0, NULL, NULL, NULL, 0),
(764, NULL, NULL, NULL, NULL, 0, NULL, 0, 'assn', 0, NULL, NULL, NULL, 0),
(765, NULL, NULL, NULL, NULL, 0, NULL, 0, 'assn', 0, NULL, NULL, NULL, 0),
(766, NULL, NULL, NULL, NULL, 0, NULL, 0, 'assn', 0, NULL, NULL, NULL, 0),
(767, NULL, NULL, NULL, NULL, 0, NULL, 0, 'assn', 0, NULL, NULL, NULL, 0),
(768, NULL, NULL, NULL, NULL, 0, NULL, 0, 'assn', 0, NULL, NULL, NULL, 0),
(769, NULL, NULL, NULL, NULL, 0, NULL, 0, 'assn', 0, NULL, NULL, NULL, 0),
(770, NULL, NULL, NULL, NULL, 0, NULL, 0, 'assn', 0, NULL, NULL, NULL, 0),
(771, NULL, NULL, NULL, NULL, 0, NULL, 0, 'assn', 0, NULL, NULL, NULL, 0),
(772, NULL, NULL, NULL, NULL, 0, NULL, 0, 'assn', 0, NULL, NULL, NULL, 0),
(773, NULL, NULL, NULL, NULL, 0, NULL, 0, 'assn', 0, NULL, NULL, NULL, 0),
(774, NULL, NULL, NULL, NULL, 0, NULL, 0, 'assn', 0, NULL, NULL, NULL, 0),
(775, NULL, NULL, NULL, NULL, 0, NULL, 0, 'assn', 0, NULL, NULL, NULL, 0),
(776, NULL, NULL, NULL, NULL, 0, NULL, 0, 'assn', 0, NULL, NULL, NULL, 0),
(777, NULL, NULL, NULL, NULL, 0, NULL, 0, 'assn', 0, NULL, NULL, NULL, 0),
(778, NULL, NULL, NULL, NULL, 0, NULL, 0, 'assn', 0, NULL, NULL, NULL, 0),
(779, NULL, NULL, NULL, NULL, 0, NULL, 0, 'assn', 0, NULL, NULL, NULL, 0),
(780, NULL, NULL, NULL, NULL, 0, NULL, 0, 'assn', 0, NULL, NULL, NULL, 0),
(781, NULL, NULL, NULL, NULL, 0, NULL, 0, 'assn', 0, NULL, NULL, NULL, 0),
(782, NULL, NULL, NULL, NULL, 0, NULL, 0, 'assn', 0, NULL, NULL, NULL, 0),
(783, NULL, NULL, NULL, NULL, 0, NULL, 0, 'assn', 0, NULL, NULL, NULL, 0),
(784, NULL, NULL, NULL, NULL, 0, NULL, 0, 'assn', 0, NULL, NULL, NULL, 0),
(785, NULL, NULL, NULL, NULL, 0, NULL, 0, 'assn', 0, NULL, NULL, NULL, 0),
(786, NULL, NULL, NULL, NULL, 0, NULL, 0, 'assn', 0, NULL, NULL, NULL, 0),
(787, NULL, NULL, NULL, NULL, 0, NULL, 0, 'assn', 0, NULL, NULL, NULL, 0),
(788, NULL, NULL, NULL, NULL, 0, NULL, 0, 'assn', 0, NULL, NULL, NULL, 0),
(789, NULL, NULL, NULL, NULL, 0, NULL, 0, 'assn', 0, NULL, NULL, NULL, 0),
(790, NULL, NULL, NULL, NULL, 0, NULL, 0, 'assn', 0, NULL, NULL, NULL, 0),
(791, NULL, NULL, NULL, NULL, 0, NULL, 0, 'assn', 0, NULL, NULL, NULL, 0),
(792, NULL, NULL, NULL, NULL, 0, NULL, 0, 'assn', 0, NULL, NULL, NULL, 0),
(793, NULL, NULL, NULL, NULL, 0, NULL, 0, 'assn', 0, NULL, NULL, NULL, 0),
(794, NULL, NULL, NULL, NULL, 0, NULL, 0, 'assn', 0, NULL, NULL, NULL, 0),
(795, NULL, NULL, NULL, NULL, 0, NULL, 0, 'assn', 0, NULL, NULL, NULL, 0),
(796, NULL, NULL, NULL, NULL, 0, NULL, 0, 'assn', 0, NULL, NULL, NULL, 0),
(797, NULL, NULL, NULL, NULL, 0, NULL, 0, 'assn', 0, NULL, NULL, NULL, 0),
(798, NULL, NULL, NULL, NULL, 0, NULL, 0, 'assn', 0, NULL, NULL, NULL, 0),
(799, NULL, NULL, NULL, NULL, 0, NULL, 0, 'assn', 0, NULL, NULL, NULL, 0),
(800, NULL, NULL, NULL, NULL, 0, NULL, 0, 'assn', 0, NULL, NULL, NULL, 0),
(801, NULL, NULL, NULL, NULL, 0, NULL, 0, 'assn', 0, NULL, NULL, NULL, 0),
(802, NULL, NULL, NULL, NULL, 0, NULL, 0, 'assn', 0, NULL, NULL, NULL, 0),
(803, NULL, NULL, NULL, NULL, 0, NULL, 0, 'assn', 0, NULL, NULL, NULL, 0),
(804, NULL, NULL, NULL, NULL, 0, NULL, 0, 'assn', 0, NULL, NULL, NULL, 0),
(805, NULL, NULL, NULL, NULL, 0, NULL, 0, 'assn', 0, NULL, NULL, NULL, 0),
(806, NULL, NULL, NULL, NULL, 0, NULL, 0, 'assn', 0, NULL, NULL, NULL, 0),
(807, NULL, NULL, NULL, NULL, 0, NULL, 0, 'assn', 0, NULL, NULL, NULL, 0),
(808, NULL, NULL, NULL, NULL, 0, NULL, 0, 'assn', 0, NULL, NULL, NULL, 0),
(809, NULL, NULL, NULL, NULL, 0, NULL, 0, 'assn', 0, NULL, NULL, NULL, 0),
(810, NULL, NULL, NULL, NULL, 0, NULL, 0, 'assn', 0, NULL, NULL, NULL, 0),
(811, NULL, NULL, NULL, NULL, 0, NULL, 0, 'assn', 0, NULL, NULL, NULL, 0),
(812, NULL, NULL, NULL, NULL, 0, NULL, 0, 'assn', 0, NULL, NULL, NULL, 0),
(813, NULL, NULL, NULL, NULL, 0, NULL, 0, 'assn', 0, NULL, NULL, NULL, 0),
(814, NULL, NULL, NULL, NULL, 0, NULL, 0, 'assn', 0, NULL, NULL, NULL, 0),
(815, NULL, NULL, NULL, NULL, 0, NULL, 0, 'assn', 0, NULL, NULL, NULL, 0),
(816, NULL, NULL, NULL, NULL, 0, NULL, 0, 'assn', 0, NULL, NULL, NULL, 0),
(817, NULL, NULL, NULL, NULL, 0, NULL, 0, 'assn', 0, NULL, NULL, NULL, 0),
(818, NULL, NULL, NULL, NULL, 0, NULL, 0, 'assn', 0, NULL, NULL, NULL, 0),
(819, NULL, NULL, NULL, NULL, 0, NULL, 0, 'assn', 0, NULL, NULL, NULL, 0),
(820, NULL, NULL, NULL, NULL, 0, NULL, 0, 'assn', 0, NULL, NULL, NULL, 0),
(821, NULL, NULL, NULL, NULL, 0, NULL, 0, 'assn', 0, NULL, NULL, NULL, 0),
(822, NULL, NULL, NULL, NULL, 0, NULL, 0, 'assn', 0, NULL, NULL, NULL, 0),
(823, NULL, NULL, NULL, NULL, 0, NULL, 0, 'assn', 0, NULL, NULL, NULL, 0),
(824, NULL, NULL, NULL, NULL, 0, NULL, 0, 'assn', 0, NULL, NULL, NULL, 0),
(825, NULL, NULL, NULL, NULL, 0, NULL, 0, 'assn', 0, NULL, NULL, NULL, 0),
(826, NULL, NULL, NULL, NULL, 0, NULL, 0, 'assn', 0, NULL, NULL, NULL, 0),
(827, NULL, NULL, NULL, NULL, 0, NULL, 0, 'assn', 0, NULL, NULL, NULL, 0),
(828, NULL, NULL, NULL, NULL, 0, NULL, 0, 'assn', 0, NULL, NULL, NULL, 0),
(829, NULL, NULL, NULL, NULL, 0, NULL, 0, 'assn', 0, NULL, NULL, NULL, 0),
(830, NULL, NULL, NULL, NULL, 0, NULL, 0, 'assn', 0, NULL, NULL, NULL, 0),
(831, NULL, NULL, NULL, NULL, 0, NULL, 0, 'assn', 0, NULL, NULL, NULL, 0),
(832, NULL, NULL, NULL, NULL, 0, NULL, 0, 'assn', 0, NULL, NULL, NULL, 0),
(833, NULL, NULL, NULL, NULL, 0, NULL, 0, 'assn', 0, NULL, NULL, NULL, 0),
(834, NULL, NULL, NULL, NULL, 0, NULL, 0, 'assn', 0, NULL, NULL, NULL, 0),
(835, NULL, NULL, NULL, NULL, 0, NULL, 0, 'assn', 0, NULL, NULL, NULL, 0),
(836, NULL, NULL, NULL, NULL, 0, NULL, 0, 'assn', 0, NULL, NULL, NULL, 0),
(837, NULL, NULL, NULL, NULL, 0, NULL, 0, 'assn', 0, NULL, NULL, NULL, 0),
(838, NULL, NULL, NULL, NULL, 0, NULL, 0, 'assn', 0, NULL, NULL, NULL, 0),
(839, NULL, NULL, NULL, NULL, 0, NULL, 0, 'assn', 0, NULL, NULL, NULL, 0),
(840, NULL, NULL, NULL, NULL, 0, NULL, 0, 'assn', 0, NULL, NULL, NULL, 0),
(841, NULL, NULL, NULL, NULL, 0, NULL, 0, 'assn', 0, NULL, NULL, NULL, 0),
(842, NULL, NULL, NULL, NULL, 0, NULL, 0, 'assn', 0, NULL, NULL, NULL, 0),
(843, NULL, NULL, NULL, NULL, 0, NULL, 0, 'assn', 0, NULL, NULL, NULL, 0),
(844, NULL, NULL, NULL, NULL, 0, NULL, 0, 'assn', 0, NULL, NULL, NULL, 0),
(845, NULL, NULL, NULL, NULL, 0, NULL, 0, 'assn', 0, NULL, NULL, NULL, 0),
(846, NULL, NULL, NULL, NULL, 0, NULL, 0, 'assn', 0, NULL, NULL, NULL, 0),
(847, NULL, NULL, NULL, NULL, 0, NULL, 0, 'assn', 0, NULL, NULL, NULL, 0),
(848, NULL, NULL, NULL, NULL, 0, NULL, 0, 'assn', 0, NULL, NULL, NULL, 0),
(849, NULL, NULL, NULL, NULL, 0, NULL, 0, 'assn', 0, NULL, NULL, NULL, 0),
(850, NULL, NULL, NULL, NULL, 0, NULL, 0, 'assn', 0, NULL, NULL, NULL, 0),
(851, NULL, NULL, NULL, NULL, 0, NULL, 0, 'assn', 0, NULL, NULL, NULL, 0),
(852, NULL, NULL, NULL, NULL, 0, NULL, 0, 'assn', 0, NULL, NULL, NULL, 0),
(853, NULL, NULL, NULL, NULL, 0, NULL, 0, 'assn', 0, NULL, NULL, NULL, 0),
(854, NULL, NULL, NULL, NULL, 0, NULL, 0, 'assn', 0, NULL, NULL, NULL, 0),
(855, NULL, NULL, NULL, NULL, 0, NULL, 0, 'assn', 0, NULL, NULL, NULL, 0),
(856, NULL, NULL, NULL, NULL, 0, NULL, 0, 'assn', 0, NULL, NULL, NULL, 0),
(857, NULL, NULL, NULL, NULL, 0, NULL, 0, 'assn', 0, NULL, NULL, NULL, 0),
(858, NULL, NULL, NULL, NULL, 0, NULL, 0, 'assn', 0, NULL, NULL, NULL, 0),
(859, NULL, NULL, NULL, NULL, 0, NULL, 0, 'assn', 0, NULL, NULL, NULL, 0),
(860, NULL, NULL, NULL, NULL, 0, NULL, 0, 'assn', 0, NULL, NULL, NULL, 0),
(861, NULL, NULL, NULL, NULL, 0, NULL, 0, 'assn', 0, NULL, NULL, NULL, 0),
(862, NULL, NULL, NULL, NULL, 0, NULL, 0, 'assn', 0, NULL, NULL, NULL, 0),
(863, NULL, NULL, NULL, NULL, 0, NULL, 0, 'assn', 0, NULL, NULL, NULL, 0),
(864, NULL, NULL, NULL, NULL, 0, NULL, 0, 'assn', 0, NULL, NULL, NULL, 0),
(865, NULL, NULL, NULL, NULL, 0, NULL, 0, 'assn', 0, NULL, NULL, NULL, 0),
(866, NULL, NULL, NULL, NULL, 0, NULL, 0, 'assn', 0, NULL, NULL, NULL, 0),
(867, NULL, NULL, NULL, NULL, 0, NULL, 0, 'assn', 0, NULL, NULL, NULL, 0),
(868, NULL, NULL, NULL, NULL, 0, NULL, 0, 'assn', 0, NULL, NULL, NULL, 0),
(869, NULL, NULL, NULL, NULL, 0, NULL, 0, 'assn', 0, NULL, NULL, NULL, 0),
(870, NULL, NULL, NULL, NULL, 0, NULL, 0, 'assn', 0, NULL, NULL, NULL, 0),
(871, NULL, NULL, NULL, NULL, 0, NULL, 0, 'assn', 0, NULL, NULL, NULL, 0),
(872, NULL, NULL, NULL, NULL, 0, NULL, 0, 'assn', 0, NULL, NULL, NULL, 0),
(873, NULL, NULL, NULL, NULL, 0, NULL, 0, 'assn', 0, NULL, NULL, NULL, 0),
(874, NULL, NULL, NULL, NULL, 0, NULL, 0, 'assn', 0, NULL, NULL, NULL, 0),
(875, NULL, NULL, NULL, NULL, 0, NULL, 0, 'assn', 0, NULL, NULL, NULL, 0),
(876, NULL, NULL, NULL, NULL, 0, NULL, 0, 'assn', 0, NULL, NULL, NULL, 0),
(877, NULL, NULL, NULL, NULL, 0, NULL, 0, 'assn', 0, NULL, NULL, NULL, 0),
(878, NULL, NULL, NULL, NULL, 0, NULL, 0, 'assn', 0, NULL, NULL, NULL, 0),
(879, NULL, NULL, NULL, NULL, 0, NULL, 0, 'assn', 0, NULL, NULL, NULL, 0),
(880, NULL, NULL, NULL, NULL, 0, NULL, 0, 'assn', 0, NULL, NULL, NULL, 0),
(881, NULL, NULL, NULL, NULL, 0, NULL, 0, 'assn', 0, NULL, NULL, NULL, 0),
(882, NULL, NULL, NULL, NULL, 0, NULL, 0, 'assn', 0, NULL, NULL, NULL, 0),
(883, NULL, NULL, NULL, NULL, 0, NULL, 0, 'assn', 0, NULL, NULL, NULL, 0),
(884, NULL, NULL, NULL, NULL, 0, NULL, 0, 'assn', 0, NULL, NULL, NULL, 0),
(885, NULL, NULL, NULL, NULL, 0, NULL, 0, 'assn', 0, NULL, NULL, NULL, 0),
(886, NULL, NULL, NULL, NULL, 0, NULL, 0, 'assn', 0, NULL, NULL, NULL, 0),
(887, NULL, NULL, NULL, NULL, 0, NULL, 0, 'assn', 0, NULL, NULL, NULL, 0),
(888, NULL, NULL, NULL, NULL, 0, NULL, 0, 'assn', 0, NULL, NULL, NULL, 0),
(889, NULL, NULL, NULL, NULL, 0, NULL, 0, 'assn', 0, NULL, NULL, NULL, 0),
(890, NULL, NULL, NULL, NULL, 0, NULL, 0, 'assn', 0, NULL, NULL, NULL, 0),
(891, NULL, NULL, NULL, NULL, 0, NULL, 0, 'assn', 0, NULL, NULL, NULL, 0),
(892, NULL, NULL, NULL, NULL, 0, NULL, 0, 'assn', 0, NULL, NULL, NULL, 0),
(893, NULL, NULL, NULL, NULL, 0, NULL, 0, 'assn', 0, NULL, NULL, NULL, 0),
(894, NULL, NULL, NULL, NULL, 0, NULL, 0, 'assn', 0, NULL, NULL, NULL, 0),
(895, NULL, NULL, NULL, NULL, 0, NULL, 0, 'assn', 0, NULL, NULL, NULL, 0),
(896, NULL, NULL, NULL, NULL, 0, NULL, 0, 'assn', 0, NULL, NULL, NULL, 0),
(897, NULL, NULL, NULL, NULL, 0, NULL, 0, 'assn', 0, NULL, NULL, NULL, 0),
(898, NULL, NULL, NULL, NULL, 0, NULL, 0, 'assn', 0, NULL, NULL, NULL, 0),
(899, NULL, NULL, NULL, NULL, 0, NULL, 0, 'assn', 0, NULL, NULL, NULL, 0),
(900, NULL, NULL, NULL, NULL, 0, NULL, 0, 'assn', 0, NULL, NULL, NULL, 0),
(901, NULL, NULL, NULL, NULL, 0, NULL, 0, 'assn', 0, NULL, NULL, NULL, 0),
(902, NULL, NULL, NULL, NULL, 0, NULL, 0, 'assn', 0, NULL, NULL, NULL, 0),
(903, NULL, NULL, NULL, NULL, 0, NULL, 0, 'assn', 0, NULL, NULL, NULL, 0),
(904, NULL, NULL, NULL, NULL, 0, NULL, 0, 'assn', 0, NULL, NULL, NULL, 0),
(905, NULL, NULL, NULL, NULL, 0, NULL, 0, 'assn', 0, NULL, NULL, NULL, 0),
(906, NULL, NULL, NULL, NULL, 0, NULL, 0, 'assn', 0, NULL, NULL, NULL, 0),
(907, NULL, NULL, NULL, NULL, 0, NULL, 0, 'assn', 0, NULL, NULL, NULL, 0),
(908, NULL, NULL, NULL, NULL, 0, NULL, 0, 'assn', 0, NULL, NULL, NULL, 0),
(909, NULL, NULL, NULL, NULL, 0, NULL, 0, 'assn', 0, NULL, NULL, NULL, 0),
(910, NULL, NULL, NULL, NULL, 0, NULL, 0, 'assn', 0, NULL, NULL, NULL, 0),
(911, NULL, NULL, NULL, NULL, 0, NULL, 0, 'assn', 0, NULL, NULL, NULL, 0),
(912, NULL, NULL, NULL, NULL, 0, NULL, 0, 'assn', 0, NULL, NULL, NULL, 0),
(913, NULL, NULL, NULL, NULL, 0, NULL, 0, 'assn', 0, NULL, NULL, NULL, 0),
(914, NULL, NULL, NULL, NULL, 0, NULL, 0, 'assn', 0, NULL, NULL, NULL, 0),
(915, NULL, NULL, NULL, NULL, 0, NULL, 0, 'assn', 0, NULL, NULL, NULL, 0),
(916, NULL, NULL, NULL, NULL, 0, NULL, 0, 'assn', 0, NULL, NULL, NULL, 0),
(917, NULL, NULL, NULL, NULL, 0, NULL, 0, 'assn', 0, NULL, NULL, NULL, 0),
(918, NULL, NULL, NULL, NULL, 0, NULL, 0, 'assn', 0, NULL, NULL, NULL, 0),
(919, NULL, NULL, NULL, NULL, 0, NULL, 0, 'assn', 0, NULL, NULL, NULL, 0),
(920, NULL, NULL, NULL, NULL, 0, NULL, 0, 'assn', 0, NULL, NULL, NULL, 0),
(921, NULL, NULL, NULL, NULL, 0, NULL, 0, 'assn', 0, NULL, NULL, NULL, 0),
(922, NULL, NULL, NULL, NULL, 0, NULL, 0, 'assn', 0, NULL, NULL, NULL, 0),
(923, NULL, NULL, NULL, NULL, 0, NULL, 0, 'assn', 0, NULL, NULL, NULL, 0),
(924, NULL, NULL, NULL, NULL, 0, NULL, 0, 'assn', 0, NULL, NULL, NULL, 0),
(925, NULL, NULL, NULL, NULL, 0, NULL, 0, 'assn', 0, NULL, NULL, NULL, 0),
(926, NULL, NULL, NULL, NULL, 0, NULL, 0, 'assn', 0, NULL, NULL, NULL, 0),
(927, NULL, NULL, NULL, NULL, 0, NULL, 0, 'assn', 0, NULL, NULL, NULL, 0),
(928, NULL, NULL, NULL, NULL, 0, NULL, 0, 'assn', 0, NULL, NULL, NULL, 0),
(929, NULL, NULL, NULL, NULL, 0, NULL, 0, 'assn', 0, NULL, NULL, NULL, 0),
(930, NULL, NULL, NULL, NULL, 0, NULL, 0, 'assn', 0, NULL, NULL, NULL, 0),
(931, NULL, NULL, NULL, NULL, 0, NULL, 0, 'assn', 0, NULL, NULL, NULL, 0),
(932, NULL, NULL, NULL, NULL, 0, NULL, 0, 'assn', 0, NULL, NULL, NULL, 0),
(933, NULL, NULL, NULL, NULL, 0, NULL, 0, 'assn', 0, NULL, NULL, NULL, 0),
(934, NULL, NULL, NULL, NULL, 0, NULL, 0, 'assn', 0, NULL, NULL, NULL, 0),
(935, NULL, NULL, NULL, NULL, 0, NULL, 0, 'assn', 0, NULL, NULL, NULL, 0),
(936, NULL, NULL, NULL, NULL, 0, NULL, 0, 'assn', 0, NULL, NULL, NULL, 0),
(937, NULL, NULL, NULL, NULL, 0, NULL, 0, 'assn', 0, NULL, NULL, NULL, 0),
(938, NULL, NULL, NULL, NULL, 0, NULL, 0, 'assn', 0, NULL, NULL, NULL, 0),
(939, NULL, NULL, NULL, NULL, 0, NULL, 0, 'assn', 0, NULL, NULL, NULL, 0),
(940, NULL, NULL, NULL, NULL, 0, NULL, 0, 'assn', 0, NULL, NULL, NULL, 0),
(941, NULL, NULL, NULL, NULL, 0, NULL, 0, 'assn', 0, NULL, NULL, NULL, 0),
(942, NULL, NULL, NULL, NULL, 0, NULL, 0, 'assn', 0, NULL, NULL, NULL, 0),
(943, NULL, NULL, NULL, NULL, 0, NULL, 0, 'assn', 0, NULL, NULL, NULL, 0),
(944, NULL, NULL, NULL, NULL, 0, NULL, 0, 'assn', 0, NULL, NULL, NULL, 0),
(945, NULL, NULL, NULL, NULL, 0, NULL, 0, 'assn', 0, NULL, NULL, NULL, 0),
(946, NULL, NULL, NULL, NULL, 0, NULL, 0, 'assn', 0, NULL, NULL, NULL, 0),
(947, NULL, NULL, NULL, NULL, 0, NULL, 0, 'assn', 0, NULL, NULL, NULL, 0),
(948, NULL, NULL, NULL, NULL, 0, NULL, 0, 'assn', 0, NULL, NULL, NULL, 0),
(949, NULL, NULL, NULL, NULL, 0, NULL, 0, 'assn', 0, NULL, NULL, NULL, 0),
(950, NULL, NULL, NULL, NULL, 0, NULL, 0, 'assn', 0, NULL, NULL, NULL, 0),
(951, NULL, NULL, NULL, NULL, 0, NULL, 0, 'assn', 0, NULL, NULL, NULL, 0),
(952, NULL, NULL, NULL, NULL, 0, NULL, 0, 'assn', 0, NULL, NULL, NULL, 0),
(953, NULL, NULL, NULL, NULL, 0, NULL, 0, 'assn', 0, NULL, NULL, NULL, 0),
(954, NULL, NULL, NULL, NULL, 0, NULL, 0, 'assn', 0, NULL, NULL, NULL, 0),
(955, NULL, NULL, NULL, NULL, 0, NULL, 0, 'assn', 0, NULL, NULL, NULL, 0),
(956, NULL, NULL, NULL, NULL, 0, NULL, 0, 'assn', 0, NULL, NULL, NULL, 0),
(957, NULL, NULL, NULL, NULL, 0, NULL, 0, 'assn', 0, NULL, NULL, NULL, 0),
(958, NULL, NULL, NULL, NULL, 0, NULL, 0, 'assn', 0, NULL, NULL, NULL, 0),
(959, NULL, NULL, NULL, NULL, 0, NULL, 0, 'assn', 0, NULL, NULL, NULL, 0),
(960, NULL, NULL, NULL, NULL, 0, NULL, 0, 'assn', 0, NULL, NULL, NULL, 0),
(961, NULL, NULL, NULL, NULL, 0, NULL, 0, 'assn', 0, NULL, NULL, NULL, 0),
(962, NULL, NULL, NULL, NULL, 0, NULL, 0, 'assn', 0, NULL, NULL, NULL, 0),
(963, NULL, NULL, NULL, NULL, 0, NULL, 0, 'assn', 0, NULL, NULL, NULL, 0),
(964, NULL, NULL, NULL, NULL, 0, NULL, 0, 'assn', 0, NULL, NULL, NULL, 0),
(965, NULL, NULL, NULL, NULL, 0, NULL, 0, 'assn', 0, NULL, NULL, NULL, 0),
(966, NULL, NULL, NULL, NULL, 0, NULL, 0, 'assn', 0, NULL, NULL, NULL, 0),
(967, NULL, NULL, NULL, NULL, 0, NULL, 0, 'assn', 0, NULL, NULL, NULL, 0),
(968, NULL, NULL, NULL, NULL, 0, NULL, 0, 'assn', 0, NULL, NULL, NULL, 0),
(969, NULL, NULL, NULL, NULL, 0, NULL, 0, 'assn', 0, NULL, NULL, NULL, 0),
(970, NULL, NULL, NULL, NULL, 0, NULL, 0, 'assn', 0, NULL, NULL, NULL, 0),
(971, NULL, NULL, NULL, NULL, 0, NULL, 0, 'assn', 0, NULL, NULL, NULL, 0),
(972, NULL, NULL, NULL, NULL, 0, NULL, 0, 'assn', 0, NULL, NULL, NULL, 0),
(973, NULL, NULL, NULL, NULL, 0, NULL, 0, 'assn', 0, NULL, NULL, NULL, 0),
(974, NULL, NULL, NULL, NULL, 0, NULL, 0, 'assn', 0, NULL, NULL, NULL, 0),
(975, NULL, NULL, NULL, NULL, 0, NULL, 0, 'assn', 0, NULL, NULL, NULL, 0),
(976, NULL, NULL, NULL, NULL, 0, NULL, 0, 'assn', 0, NULL, NULL, NULL, 0),
(977, NULL, NULL, NULL, NULL, 0, NULL, 0, 'assn', 0, NULL, NULL, NULL, 0),
(978, NULL, NULL, NULL, NULL, 0, NULL, 0, 'assn', 0, NULL, NULL, NULL, 0),
(979, NULL, NULL, NULL, NULL, 0, NULL, 0, 'assn', 0, NULL, NULL, NULL, 0),
(980, NULL, NULL, NULL, NULL, 0, NULL, 0, 'assn', 0, NULL, NULL, NULL, 0),
(981, NULL, NULL, NULL, NULL, 0, NULL, 0, 'assn', 0, NULL, NULL, NULL, 0),
(982, NULL, NULL, NULL, NULL, 0, NULL, 0, 'assn', 0, NULL, NULL, NULL, 0),
(983, NULL, NULL, NULL, NULL, 0, NULL, 0, 'assn', 0, NULL, NULL, NULL, 0),
(984, NULL, NULL, NULL, NULL, 0, NULL, 0, 'assn', 0, NULL, NULL, NULL, 0),
(985, NULL, NULL, NULL, NULL, 0, NULL, 0, 'assn', 0, NULL, NULL, NULL, 0),
(986, NULL, NULL, NULL, NULL, 0, NULL, 0, 'assn', 0, NULL, NULL, NULL, 0),
(987, NULL, NULL, NULL, NULL, 0, NULL, 0, 'assn', 0, NULL, NULL, NULL, 0),
(988, NULL, NULL, NULL, NULL, 0, NULL, 0, 'assn', 0, NULL, NULL, NULL, 0),
(989, NULL, NULL, NULL, NULL, 0, NULL, 0, 'assn', 0, NULL, NULL, NULL, 0),
(990, NULL, NULL, NULL, NULL, 0, NULL, 0, 'assn', 0, NULL, NULL, NULL, 0),
(991, NULL, NULL, NULL, NULL, 0, NULL, 0, 'assn', 0, NULL, NULL, NULL, 0),
(992, NULL, NULL, NULL, NULL, 0, NULL, 0, 'assn', 0, NULL, NULL, NULL, 0),
(993, NULL, NULL, NULL, NULL, 0, NULL, 0, 'assn', 0, NULL, NULL, NULL, 0),
(994, NULL, NULL, NULL, NULL, 0, NULL, 0, 'assn', 0, NULL, NULL, NULL, 0),
(995, NULL, NULL, NULL, NULL, 0, NULL, 0, 'assn', 0, NULL, NULL, NULL, 0),
(996, NULL, NULL, NULL, NULL, 0, NULL, 0, 'assn', 0, NULL, NULL, NULL, 0),
(997, NULL, NULL, NULL, NULL, 0, NULL, 0, 'assn', 0, NULL, NULL, NULL, 0),
(998, NULL, NULL, NULL, NULL, 0, NULL, 0, 'assn', 0, NULL, NULL, NULL, 0),
(999, NULL, NULL, NULL, NULL, 0, NULL, 0, 'assn', 0, NULL, NULL, NULL, 0),
(1000, NULL, NULL, NULL, NULL, 0, NULL, 0, 'assn', 0, NULL, NULL, NULL, 0),
(1001, NULL, NULL, NULL, NULL, 0, NULL, 0, 'assn', 0, NULL, NULL, NULL, 0),
(1002, NULL, NULL, NULL, NULL, 0, NULL, 0, 'assn', 0, NULL, NULL, NULL, 0),
(1003, NULL, NULL, NULL, NULL, 0, NULL, 0, 'assn', 0, NULL, NULL, NULL, 0),
(1004, NULL, NULL, NULL, NULL, 0, NULL, 0, 'assn', 0, NULL, NULL, NULL, 0),
(1005, NULL, NULL, NULL, NULL, 0, NULL, 0, 'assn', 0, NULL, NULL, NULL, 0),
(1006, NULL, NULL, NULL, NULL, 0, NULL, 0, 'assn', 0, NULL, NULL, NULL, 0),
(1007, NULL, NULL, NULL, NULL, 0, NULL, 0, 'assn', 0, NULL, NULL, NULL, 0),
(1008, NULL, NULL, NULL, NULL, 0, NULL, 0, 'assn', 0, NULL, NULL, NULL, 0),
(1009, NULL, NULL, NULL, NULL, 0, NULL, 0, 'assn', 0, NULL, NULL, NULL, 0),
(1010, NULL, NULL, NULL, NULL, 0, NULL, 0, 'assn', 0, NULL, NULL, NULL, 0),
(1011, NULL, NULL, NULL, NULL, 0, NULL, 0, 'assn', 0, NULL, NULL, NULL, 0),
(1012, NULL, NULL, NULL, NULL, 0, NULL, 0, 'assn', 0, NULL, NULL, NULL, 0),
(1013, NULL, NULL, NULL, NULL, 0, NULL, 0, 'assn', 0, NULL, NULL, NULL, 0),
(1014, NULL, NULL, NULL, NULL, 0, NULL, 0, 'assn', 0, NULL, NULL, NULL, 0),
(1015, NULL, NULL, NULL, NULL, 0, NULL, 0, 'assn', 0, NULL, NULL, NULL, 0),
(1016, NULL, NULL, NULL, NULL, 0, NULL, 0, 'assn', 0, NULL, NULL, NULL, 0),
(1017, NULL, NULL, NULL, NULL, 0, NULL, 0, 'assn', 0, NULL, NULL, NULL, 0),
(1018, NULL, NULL, NULL, NULL, 0, NULL, 0, 'assn', 0, NULL, NULL, NULL, 0),
(1019, NULL, NULL, NULL, NULL, 0, NULL, 0, 'assn', 0, NULL, NULL, NULL, 0),
(1020, NULL, NULL, NULL, NULL, 0, NULL, 0, 'assn', 0, NULL, NULL, NULL, 0),
(1021, NULL, NULL, NULL, NULL, 0, NULL, 0, 'assn', 0, NULL, NULL, NULL, 0),
(1022, NULL, NULL, NULL, NULL, 0, NULL, 0, 'assn', 0, NULL, NULL, NULL, 0),
(1023, NULL, NULL, NULL, NULL, 0, NULL, 0, 'assn', 0, NULL, NULL, NULL, 0),
(1024, NULL, NULL, NULL, NULL, 0, NULL, 0, 'assn', 0, NULL, NULL, NULL, 0),
(1025, NULL, NULL, NULL, NULL, 0, NULL, 0, 'assn', 0, NULL, NULL, NULL, 0),
(1026, NULL, NULL, NULL, NULL, 0, NULL, 0, 'assn', 0, NULL, NULL, NULL, 0),
(1027, NULL, NULL, NULL, NULL, 0, NULL, 0, 'assn', 0, NULL, NULL, NULL, 0),
(1028, NULL, NULL, NULL, NULL, 0, NULL, 0, 'assn', 0, NULL, NULL, NULL, 0),
(1029, NULL, NULL, NULL, NULL, 0, NULL, 0, 'assn', 0, NULL, NULL, NULL, 0),
(1030, NULL, NULL, NULL, NULL, 0, NULL, 0, 'assn', 0, NULL, NULL, NULL, 0),
(1031, NULL, NULL, NULL, NULL, 0, NULL, 0, 'assn', 0, NULL, NULL, NULL, 0),
(1032, NULL, NULL, NULL, NULL, 0, NULL, 0, 'assn', 0, NULL, NULL, NULL, 0),
(1033, NULL, NULL, NULL, NULL, 0, NULL, 0, 'assn', 0, NULL, NULL, NULL, 0),
(1034, NULL, NULL, NULL, NULL, 0, NULL, 0, 'assn', 0, NULL, NULL, NULL, 0),
(1035, NULL, NULL, NULL, NULL, 0, NULL, 0, 'assn', 0, NULL, NULL, NULL, 0),
(1036, NULL, NULL, NULL, NULL, 0, NULL, 0, 'assn', 0, NULL, NULL, NULL, 0),
(1037, NULL, NULL, NULL, NULL, 0, NULL, 0, 'assn', 0, NULL, NULL, NULL, 0),
(1038, NULL, NULL, NULL, NULL, 0, NULL, 0, 'assn', 0, NULL, NULL, NULL, 0),
(1039, NULL, NULL, NULL, NULL, 0, NULL, 0, 'assn', 0, NULL, NULL, NULL, 0),
(1040, NULL, NULL, NULL, NULL, 0, NULL, 0, 'assn', 0, NULL, NULL, NULL, 0),
(1041, NULL, NULL, NULL, NULL, 0, NULL, 0, 'assn', 0, NULL, NULL, NULL, 0),
(1042, NULL, NULL, NULL, NULL, 0, NULL, 0, 'assn', 0, NULL, NULL, NULL, 0),
(1043, NULL, NULL, NULL, NULL, 0, NULL, 0, 'assn', 0, NULL, NULL, NULL, 0),
(1044, NULL, NULL, NULL, NULL, 0, NULL, 0, 'assn', 0, NULL, NULL, NULL, 0),
(1045, NULL, NULL, NULL, NULL, 0, NULL, 0, 'assn', 0, NULL, NULL, NULL, 0),
(1046, NULL, NULL, NULL, NULL, 0, NULL, 0, 'assn', 0, NULL, NULL, NULL, 0),
(1047, NULL, NULL, NULL, NULL, 0, NULL, 0, 'assn', 0, NULL, NULL, NULL, 0),
(1048, NULL, NULL, NULL, NULL, 0, NULL, 0, 'assn', 0, NULL, NULL, NULL, 0),
(1049, NULL, NULL, NULL, NULL, 0, NULL, 0, 'assn', 0, NULL, NULL, NULL, 0),
(1050, NULL, NULL, NULL, NULL, 0, NULL, 0, 'assn', 0, NULL, NULL, NULL, 0),
(1051, NULL, NULL, NULL, NULL, 0, NULL, 0, 'assn', 0, NULL, NULL, NULL, 0),
(1052, NULL, NULL, NULL, NULL, 0, NULL, 0, 'assn', 0, NULL, NULL, NULL, 0),
(1053, NULL, NULL, NULL, NULL, 0, NULL, 0, 'assn', 0, NULL, NULL, NULL, 0),
(1054, NULL, NULL, NULL, NULL, 0, NULL, 0, 'assn', 0, NULL, NULL, NULL, 0),
(1055, NULL, NULL, NULL, NULL, 0, NULL, 0, 'assn', 0, NULL, NULL, NULL, 0),
(1056, NULL, NULL, NULL, NULL, 0, NULL, 0, 'assn', 0, NULL, NULL, NULL, 0),
(1057, NULL, NULL, NULL, NULL, 0, NULL, 0, 'assn', 0, NULL, NULL, NULL, 0),
(1058, NULL, NULL, NULL, NULL, 0, NULL, 0, 'assn', 0, NULL, NULL, NULL, 0),
(1059, NULL, NULL, NULL, NULL, 0, NULL, 0, 'assn', 0, NULL, NULL, NULL, 0),
(1060, NULL, NULL, NULL, NULL, 0, NULL, 0, 'assn', 0, NULL, NULL, NULL, 0),
(1061, NULL, NULL, NULL, NULL, 0, NULL, 0, 'assn', 0, NULL, NULL, NULL, 0),
(1062, NULL, NULL, NULL, NULL, 0, NULL, 0, 'assn', 0, NULL, NULL, NULL, 0),
(1063, NULL, NULL, NULL, NULL, 0, NULL, 0, 'assn', 0, NULL, NULL, NULL, 0),
(1064, NULL, NULL, NULL, NULL, 0, NULL, 0, 'assn', 0, NULL, NULL, NULL, 0),
(1065, NULL, NULL, NULL, NULL, 0, NULL, 0, 'assn', 0, NULL, NULL, NULL, 0),
(1066, NULL, NULL, NULL, NULL, 0, NULL, 0, 'assn', 0, NULL, NULL, NULL, 0),
(1067, NULL, NULL, NULL, NULL, 0, NULL, 0, 'assn', 0, NULL, NULL, NULL, 0),
(1068, NULL, NULL, NULL, NULL, 0, NULL, 0, 'assn', 0, NULL, NULL, NULL, 0),
(1069, NULL, NULL, NULL, NULL, 0, NULL, 0, 'assn', 0, NULL, NULL, NULL, 0),
(1070, NULL, NULL, NULL, NULL, 0, NULL, 0, 'assn', 0, NULL, NULL, NULL, 0),
(1071, NULL, NULL, NULL, NULL, 0, NULL, 0, 'assn', 0, NULL, NULL, NULL, 0),
(1072, NULL, NULL, NULL, NULL, 0, NULL, 0, 'assn', 0, NULL, NULL, NULL, 0),
(1073, NULL, NULL, NULL, NULL, 0, NULL, 0, 'assn', 0, NULL, NULL, NULL, 0),
(1074, NULL, NULL, NULL, NULL, 0, NULL, 0, 'assn', 0, NULL, NULL, NULL, 0),
(1075, NULL, NULL, NULL, NULL, 0, NULL, 0, 'assn', 0, NULL, NULL, NULL, 0),
(1076, NULL, NULL, NULL, NULL, 0, NULL, 0, 'assn', 0, NULL, NULL, NULL, 0),
(1077, NULL, NULL, NULL, NULL, 0, NULL, 0, 'assn', 0, NULL, NULL, NULL, 0),
(1078, NULL, NULL, NULL, NULL, 0, NULL, 0, 'assn', 0, NULL, NULL, NULL, 0),
(1079, NULL, NULL, NULL, NULL, 0, NULL, 0, 'assn', 0, NULL, NULL, NULL, 0),
(1080, NULL, NULL, NULL, NULL, 0, NULL, 0, 'assn', 0, NULL, NULL, NULL, 0),
(1081, NULL, NULL, NULL, NULL, 0, NULL, 0, 'assn', 0, NULL, NULL, NULL, 0),
(1082, NULL, NULL, NULL, NULL, 0, NULL, 0, 'assn', 0, NULL, NULL, NULL, 0),
(1083, NULL, NULL, NULL, NULL, 0, NULL, 0, 'assn', 0, NULL, NULL, NULL, 0),
(1084, NULL, NULL, NULL, NULL, 0, NULL, 0, 'assn', 0, NULL, NULL, NULL, 0),
(1085, NULL, NULL, NULL, NULL, 0, NULL, 0, 'assn', 0, NULL, NULL, NULL, 0),
(1086, NULL, NULL, NULL, NULL, 0, NULL, 0, 'assn', 0, NULL, NULL, NULL, 0),
(1087, NULL, NULL, NULL, NULL, 0, NULL, 0, 'assn', 0, NULL, NULL, NULL, 0),
(1088, NULL, NULL, NULL, NULL, 0, NULL, 0, 'assn', 0, NULL, NULL, NULL, 0),
(1089, NULL, NULL, NULL, NULL, 0, NULL, 0, 'assn', 0, NULL, NULL, NULL, 0),
(1090, NULL, NULL, NULL, NULL, 0, NULL, 0, 'assn', 0, NULL, NULL, NULL, 0),
(1091, NULL, NULL, NULL, NULL, 0, NULL, 0, 'assn', 0, NULL, NULL, NULL, 0),
(1092, NULL, NULL, NULL, NULL, 0, NULL, 0, 'assn', 0, NULL, NULL, NULL, 0),
(1093, NULL, NULL, NULL, NULL, 0, NULL, 0, 'assn', 0, NULL, NULL, NULL, 0),
(1094, NULL, NULL, NULL, NULL, 0, NULL, 0, 'assn', 0, NULL, NULL, NULL, 0),
(1095, NULL, NULL, NULL, NULL, 0, NULL, 0, 'assn', 0, NULL, NULL, NULL, 0),
(1096, NULL, NULL, NULL, NULL, 0, NULL, 0, 'assn', 0, NULL, NULL, NULL, 0),
(1097, NULL, NULL, NULL, NULL, 0, NULL, 0, 'assn', 0, NULL, NULL, NULL, 0),
(1098, NULL, NULL, NULL, NULL, 0, NULL, 0, 'assn', 0, NULL, NULL, NULL, 0),
(1099, NULL, NULL, NULL, NULL, 0, NULL, 0, 'assn', 0, NULL, NULL, NULL, 0),
(1100, NULL, NULL, NULL, NULL, 0, NULL, 0, 'assn', 0, NULL, NULL, NULL, 0),
(1101, NULL, NULL, NULL, NULL, 0, NULL, 0, 'assn', 0, NULL, NULL, NULL, 0),
(1102, NULL, NULL, NULL, NULL, 0, NULL, 0, 'assn', 0, NULL, NULL, NULL, 0),
(1103, NULL, NULL, NULL, NULL, 0, NULL, 0, 'assn', 0, NULL, NULL, NULL, 0),
(1104, NULL, NULL, NULL, NULL, 0, NULL, 0, 'assn', 0, NULL, NULL, NULL, 0),
(1105, NULL, NULL, NULL, NULL, 0, NULL, 0, 'assn', 0, NULL, NULL, NULL, 0),
(1106, NULL, NULL, NULL, NULL, 0, NULL, 0, 'assn', 0, NULL, NULL, NULL, 0),
(1107, NULL, NULL, NULL, NULL, 0, NULL, 0, 'assn', 0, NULL, NULL, NULL, 0),
(1108, NULL, NULL, NULL, NULL, 0, NULL, 0, 'assn', 0, NULL, NULL, NULL, 0),
(1109, NULL, NULL, NULL, NULL, 0, NULL, 0, 'assn', 0, NULL, NULL, NULL, 0),
(1110, NULL, NULL, NULL, NULL, 0, NULL, 0, 'assn', 0, NULL, NULL, NULL, 0),
(1111, NULL, NULL, NULL, NULL, 0, NULL, 0, 'assn', 0, NULL, NULL, NULL, 0),
(1112, NULL, NULL, NULL, NULL, 0, NULL, 0, 'assn', 0, NULL, NULL, NULL, 0),
(1113, NULL, NULL, NULL, NULL, 0, NULL, 0, 'assn', 0, NULL, NULL, NULL, 0),
(1114, NULL, NULL, NULL, NULL, 0, NULL, 0, 'assn', 0, NULL, NULL, NULL, 0),
(1115, NULL, NULL, NULL, NULL, 0, NULL, 0, 'assn', 0, NULL, NULL, NULL, 0),
(1116, NULL, NULL, NULL, NULL, 0, NULL, 0, 'assn', 0, NULL, NULL, NULL, 0),
(1117, NULL, NULL, NULL, NULL, 0, NULL, 0, 'assn', 0, NULL, NULL, NULL, 0),
(1118, NULL, NULL, NULL, NULL, 0, NULL, 0, 'assn', 0, NULL, NULL, NULL, 0),
(1119, NULL, NULL, NULL, NULL, 0, NULL, 0, 'assn', 0, NULL, NULL, NULL, 0),
(1120, NULL, NULL, NULL, NULL, 0, NULL, 0, 'assn', 0, NULL, NULL, NULL, 0),
(1121, NULL, NULL, NULL, NULL, 0, NULL, 0, 'assn', 0, NULL, NULL, NULL, 0),
(1122, NULL, NULL, NULL, NULL, 0, NULL, 0, 'assn', 0, NULL, NULL, NULL, 0),
(1123, NULL, NULL, NULL, NULL, 0, NULL, 0, 'assn', 0, NULL, NULL, NULL, 0),
(1124, NULL, NULL, NULL, NULL, 0, NULL, 0, 'assn', 0, NULL, NULL, NULL, 0),
(1125, NULL, NULL, NULL, NULL, 0, NULL, 0, 'assn', 0, NULL, NULL, NULL, 0),
(1126, NULL, NULL, NULL, NULL, 0, NULL, 0, 'assn', 0, NULL, NULL, NULL, 0),
(1127, NULL, NULL, NULL, NULL, 0, NULL, 0, 'assn', 0, NULL, NULL, NULL, 0),
(1128, NULL, NULL, NULL, NULL, 0, NULL, 0, 'assn', 0, NULL, NULL, NULL, 0),
(1129, NULL, NULL, NULL, NULL, 0, NULL, 0, 'assn', 0, NULL, NULL, NULL, 0),
(1130, NULL, NULL, NULL, NULL, 0, NULL, 0, 'assn', 0, NULL, NULL, NULL, 0),
(1131, NULL, NULL, NULL, NULL, 0, NULL, 0, 'assn', 0, NULL, NULL, NULL, 0),
(1132, NULL, NULL, NULL, NULL, 0, NULL, 0, 'assn', 0, NULL, NULL, NULL, 0),
(1133, NULL, NULL, NULL, NULL, 0, NULL, 0, 'assn', 0, NULL, NULL, NULL, 0),
(1134, NULL, NULL, NULL, NULL, 0, NULL, 0, 'assn', 0, NULL, NULL, NULL, 0),
(1135, NULL, NULL, NULL, NULL, 0, NULL, 0, 'assn', 0, NULL, NULL, NULL, 0),
(1136, NULL, NULL, NULL, NULL, 0, NULL, 0, 'assn', 0, NULL, NULL, NULL, 0),
(1137, NULL, NULL, NULL, NULL, 0, NULL, 0, 'assn', 0, NULL, NULL, NULL, 0),
(1138, NULL, NULL, NULL, NULL, 0, NULL, 0, 'assn', 0, NULL, NULL, NULL, 0),
(1139, NULL, NULL, NULL, NULL, 0, NULL, 0, 'assn', 0, NULL, NULL, NULL, 0),
(1140, NULL, NULL, NULL, NULL, 0, NULL, 0, 'assn', 0, NULL, NULL, NULL, 0),
(1141, NULL, NULL, NULL, NULL, 0, NULL, 0, 'assn', 0, NULL, NULL, NULL, 0),
(1142, NULL, NULL, NULL, NULL, 0, NULL, 0, 'assn', 0, NULL, NULL, NULL, 0),
(1143, NULL, NULL, NULL, NULL, 0, NULL, 0, 'assn', 0, NULL, NULL, NULL, 0),
(1144, NULL, NULL, NULL, NULL, 0, NULL, 0, 'assn', 0, NULL, NULL, NULL, 0),
(1145, NULL, NULL, NULL, NULL, 0, NULL, 0, 'assn', 0, NULL, NULL, NULL, 0),
(1146, NULL, NULL, NULL, NULL, 0, NULL, 0, 'assn', 0, NULL, NULL, NULL, 0),
(1147, NULL, NULL, NULL, NULL, 0, NULL, 0, 'assn', 0, NULL, NULL, NULL, 0),
(1148, NULL, NULL, NULL, NULL, 0, NULL, 0, 'assn', 0, NULL, NULL, NULL, 0),
(1149, NULL, NULL, NULL, NULL, 0, NULL, 0, 'assn', 0, NULL, NULL, NULL, 0),
(1150, NULL, NULL, NULL, NULL, 0, NULL, 0, 'assn', 0, NULL, NULL, NULL, 0),
(1151, NULL, NULL, NULL, NULL, 0, NULL, 0, 'assn', 0, NULL, NULL, NULL, 0),
(1152, NULL, NULL, NULL, NULL, 0, NULL, 0, 'assn', 0, NULL, NULL, NULL, 0),
(1153, NULL, NULL, NULL, NULL, 0, NULL, 0, 'assn', 0, NULL, NULL, NULL, 0),
(1154, NULL, NULL, NULL, NULL, 0, NULL, 0, 'assn', 0, NULL, NULL, NULL, 0),
(1155, NULL, NULL, NULL, NULL, 0, NULL, 0, 'assn', 0, NULL, NULL, NULL, 0),
(1156, NULL, NULL, NULL, NULL, 0, NULL, 0, 'assn', 0, NULL, NULL, NULL, 0),
(1157, NULL, NULL, NULL, NULL, 0, NULL, 0, 'assn', 0, NULL, NULL, NULL, 0),
(1158, NULL, NULL, NULL, NULL, 0, NULL, 0, 'assn', 0, NULL, NULL, NULL, 0),
(1159, NULL, NULL, NULL, NULL, 0, NULL, 0, 'assn', 0, NULL, NULL, NULL, 0),
(1160, NULL, NULL, NULL, NULL, 0, NULL, 0, 'assn', 0, NULL, NULL, NULL, 0),
(1161, NULL, NULL, NULL, NULL, 0, NULL, 0, 'assn', 0, NULL, NULL, NULL, 0),
(1162, NULL, NULL, NULL, NULL, 0, NULL, 0, 'assn', 0, NULL, NULL, NULL, 0),
(1163, NULL, NULL, NULL, NULL, 0, NULL, 0, 'assn', 0, NULL, NULL, NULL, 0),
(1164, NULL, NULL, NULL, NULL, 0, NULL, 0, 'assn', 0, NULL, NULL, NULL, 0),
(1165, NULL, NULL, NULL, NULL, 0, NULL, 0, 'assn', 0, NULL, NULL, NULL, 0),
(1166, NULL, NULL, NULL, NULL, 0, NULL, 0, 'assn', 0, NULL, NULL, NULL, 0),
(1167, NULL, NULL, NULL, NULL, 0, NULL, 0, 'assn', 0, NULL, NULL, NULL, 0),
(1168, NULL, NULL, NULL, NULL, 0, NULL, 0, 'assn', 0, NULL, NULL, NULL, 0),
(1169, NULL, NULL, NULL, NULL, 0, NULL, 0, 'assn', 0, NULL, NULL, NULL, 0),
(1170, NULL, NULL, NULL, NULL, 0, NULL, 0, 'assn', 0, NULL, NULL, NULL, 0),
(1171, NULL, NULL, NULL, NULL, 0, NULL, 0, 'assn', 0, NULL, NULL, NULL, 0),
(1172, NULL, NULL, NULL, NULL, 0, NULL, 0, 'assn', 0, NULL, NULL, NULL, 0),
(1173, NULL, NULL, NULL, NULL, 0, NULL, 0, 'assn', 0, NULL, NULL, NULL, 0),
(1174, NULL, NULL, NULL, NULL, 0, NULL, 0, 'assn', 0, NULL, NULL, NULL, 0),
(1175, NULL, NULL, NULL, NULL, 0, NULL, 0, 'assn', 0, NULL, NULL, NULL, 0),
(1176, NULL, NULL, NULL, NULL, 0, NULL, 0, 'assn', 0, NULL, NULL, NULL, 0),
(1177, NULL, NULL, NULL, NULL, 0, NULL, 0, 'assn', 0, NULL, NULL, NULL, 0),
(1178, NULL, NULL, NULL, NULL, 0, NULL, 0, 'assn', 0, NULL, NULL, NULL, 0),
(1179, NULL, NULL, NULL, NULL, 0, NULL, 0, 'assn', 0, NULL, NULL, NULL, 0),
(1180, NULL, NULL, NULL, NULL, 0, NULL, 0, 'assn', 0, NULL, NULL, NULL, 0),
(1181, NULL, NULL, NULL, NULL, 0, NULL, 0, 'assn', 0, NULL, NULL, NULL, 0),
(1182, NULL, NULL, NULL, NULL, 0, NULL, 0, 'assn', 0, NULL, NULL, NULL, 0),
(1183, NULL, NULL, NULL, NULL, 0, NULL, 0, 'assn', 0, NULL, NULL, NULL, 0),
(1184, NULL, NULL, NULL, NULL, 0, NULL, 0, 'assn', 0, NULL, NULL, NULL, 0),
(1185, NULL, NULL, NULL, NULL, 0, NULL, 0, 'assn', 0, NULL, NULL, NULL, 0),
(1186, NULL, NULL, NULL, NULL, 0, NULL, 0, 'assn', 0, NULL, NULL, NULL, 0),
(1187, NULL, NULL, NULL, NULL, 0, NULL, 0, 'assn', 0, NULL, NULL, NULL, 0),
(1188, NULL, NULL, NULL, NULL, 0, NULL, 0, 'assn', 0, NULL, NULL, NULL, 0),
(1189, NULL, NULL, NULL, NULL, 0, NULL, 0, 'assn', 0, NULL, NULL, NULL, 0),
(1190, NULL, NULL, NULL, NULL, 0, NULL, 0, 'assn', 0, NULL, NULL, NULL, 0),
(1191, NULL, NULL, NULL, NULL, 0, NULL, 0, 'assn', 0, NULL, NULL, NULL, 0),
(1192, NULL, NULL, NULL, NULL, 0, NULL, 0, 'assn', 0, NULL, NULL, NULL, 0),
(1193, NULL, NULL, NULL, NULL, 0, NULL, 0, 'assn', 0, NULL, NULL, NULL, 0),
(1194, NULL, NULL, NULL, NULL, 0, NULL, 0, 'assn', 0, NULL, NULL, NULL, 0),
(1195, NULL, NULL, NULL, NULL, 0, NULL, 0, 'assn', 0, NULL, NULL, NULL, 0),
(1196, NULL, NULL, NULL, NULL, 0, NULL, 0, 'assn', 0, NULL, NULL, NULL, 0),
(1197, NULL, NULL, NULL, NULL, 0, NULL, 0, 'assn', 0, NULL, NULL, NULL, 0),
(1198, NULL, NULL, NULL, NULL, 0, NULL, 0, 'assn', 0, NULL, NULL, NULL, 0),
(1199, NULL, NULL, NULL, NULL, 0, NULL, 0, 'assn', 0, NULL, NULL, NULL, 0),
(1200, NULL, NULL, NULL, NULL, 0, NULL, 0, 'assn', 0, NULL, NULL, NULL, 0),
(1201, NULL, NULL, NULL, NULL, 0, NULL, 0, 'assn', 0, NULL, NULL, NULL, 0),
(1202, NULL, NULL, NULL, NULL, 0, NULL, 0, 'assn', 0, NULL, NULL, NULL, 0),
(1203, NULL, NULL, NULL, NULL, 0, NULL, 0, 'assn', 0, NULL, NULL, NULL, 0),
(1204, NULL, NULL, NULL, NULL, 0, NULL, 0, 'assn', 0, NULL, NULL, NULL, 0),
(1205, NULL, NULL, NULL, NULL, 0, NULL, 0, 'assn', 0, NULL, NULL, NULL, 0),
(1206, NULL, NULL, NULL, NULL, 0, NULL, 0, 'assn', 0, NULL, NULL, NULL, 0),
(1207, NULL, NULL, NULL, NULL, 0, NULL, 0, 'assn', 0, NULL, NULL, NULL, 0),
(1208, NULL, NULL, NULL, NULL, 0, NULL, 0, 'assn', 0, NULL, NULL, NULL, 0),
(1209, NULL, NULL, NULL, NULL, 0, NULL, 0, 'assn', 0, NULL, NULL, NULL, 0),
(1210, NULL, NULL, NULL, NULL, 0, NULL, 0, 'assn', 0, NULL, NULL, NULL, 0),
(1211, NULL, NULL, NULL, NULL, 0, NULL, 0, 'assn', 0, NULL, NULL, NULL, 0),
(1212, NULL, NULL, NULL, NULL, 0, NULL, 0, 'assn', 0, NULL, NULL, NULL, 0),
(1213, NULL, NULL, NULL, NULL, 0, NULL, 0, 'assn', 0, NULL, NULL, NULL, 0),
(1214, NULL, NULL, NULL, NULL, 0, NULL, 0, 'assn', 0, NULL, NULL, NULL, 0),
(1215, NULL, NULL, NULL, NULL, 0, NULL, 0, 'assn', 0, NULL, NULL, NULL, 0),
(1216, NULL, NULL, NULL, NULL, 0, NULL, 0, 'assn', 0, NULL, NULL, NULL, 0),
(1217, NULL, NULL, NULL, NULL, 0, NULL, 0, 'assn', 0, NULL, NULL, NULL, 0),
(1218, NULL, NULL, NULL, NULL, 0, NULL, 0, 'assn', 0, NULL, NULL, NULL, 0),
(1219, NULL, NULL, NULL, NULL, 0, NULL, 0, 'assn', 0, NULL, NULL, NULL, 0),
(1220, NULL, NULL, NULL, NULL, 0, NULL, 0, 'assn', 0, NULL, NULL, NULL, 0),
(1221, NULL, NULL, NULL, NULL, 0, NULL, 0, 'assn', 0, NULL, NULL, NULL, 0),
(1222, NULL, NULL, NULL, NULL, 0, NULL, 0, 'assn', 0, NULL, NULL, NULL, 0),
(1223, NULL, NULL, NULL, NULL, 0, NULL, 0, 'assn', 0, NULL, NULL, NULL, 0),
(1224, NULL, NULL, NULL, NULL, 0, NULL, 0, 'assn', 0, NULL, NULL, NULL, 0),
(1225, NULL, NULL, NULL, NULL, 0, NULL, 0, 'assn', 0, NULL, NULL, NULL, 0),
(1226, NULL, NULL, NULL, NULL, 0, NULL, 0, 'assn', 0, NULL, NULL, NULL, 0),
(1227, NULL, NULL, NULL, NULL, 0, NULL, 0, 'assn', 0, NULL, NULL, NULL, 0),
(1228, NULL, NULL, NULL, NULL, 0, NULL, 0, 'assn', 0, NULL, NULL, NULL, 0),
(1229, NULL, NULL, NULL, NULL, 0, NULL, 0, 'assn', 0, NULL, NULL, NULL, 0),
(1230, NULL, NULL, NULL, NULL, 0, NULL, 0, 'assn', 0, NULL, NULL, NULL, 0),
(1231, NULL, NULL, NULL, NULL, 0, NULL, 0, 'assn', 0, NULL, NULL, NULL, 0),
(1232, NULL, NULL, NULL, NULL, 0, NULL, 0, 'assn', 0, NULL, NULL, NULL, 0),
(1233, NULL, NULL, NULL, NULL, 0, NULL, 0, 'assn', 0, NULL, NULL, NULL, 0),
(1234, NULL, NULL, NULL, NULL, 0, NULL, 0, 'assn', 0, NULL, NULL, NULL, 0),
(1235, NULL, NULL, NULL, NULL, 0, NULL, 0, 'assn', 0, NULL, NULL, NULL, 0),
(1236, NULL, NULL, NULL, NULL, 0, NULL, 0, 'assn', 0, NULL, NULL, NULL, 0),
(1237, NULL, NULL, NULL, NULL, 0, NULL, 0, 'assn', 0, NULL, NULL, NULL, 0),
(1238, NULL, NULL, NULL, NULL, 0, NULL, 0, 'assn', 0, NULL, NULL, NULL, 0),
(1239, NULL, NULL, NULL, NULL, 0, NULL, 0, 'assn', 0, NULL, NULL, NULL, 0),
(1240, NULL, NULL, NULL, NULL, 0, NULL, 0, 'assn', 0, NULL, NULL, NULL, 0),
(1241, NULL, NULL, NULL, NULL, 0, NULL, 0, 'assn', 0, NULL, NULL, NULL, 0),
(1242, NULL, NULL, NULL, NULL, 0, NULL, 0, 'assn', 0, NULL, NULL, NULL, 0),
(1243, NULL, NULL, NULL, NULL, 0, NULL, 0, 'assn', 0, NULL, NULL, NULL, 0),
(1244, NULL, NULL, NULL, NULL, 0, NULL, 0, 'assn', 0, NULL, NULL, NULL, 0),
(1245, NULL, NULL, NULL, NULL, 0, NULL, 0, 'assn', 0, NULL, NULL, NULL, 0),
(1246, NULL, NULL, NULL, NULL, 0, NULL, 0, 'assn', 0, NULL, NULL, NULL, 0),
(1247, NULL, NULL, NULL, NULL, 0, NULL, 0, 'assn', 0, NULL, NULL, NULL, 0),
(1248, NULL, NULL, NULL, NULL, 0, NULL, 0, 'assn', 0, NULL, NULL, NULL, 0),
(1249, NULL, NULL, NULL, NULL, 0, NULL, 0, 'assn', 0, NULL, NULL, NULL, 0),
(1250, NULL, NULL, NULL, NULL, 0, NULL, 0, 'assn', 0, NULL, NULL, NULL, 0),
(1251, NULL, NULL, NULL, NULL, 0, NULL, 0, 'assn', 0, NULL, NULL, NULL, 0),
(1252, NULL, NULL, NULL, NULL, 0, NULL, 0, 'assn', 0, NULL, NULL, NULL, 0),
(1253, NULL, NULL, NULL, NULL, 0, NULL, 0, 'assn', 0, NULL, NULL, NULL, 0),
(1254, NULL, NULL, NULL, NULL, 0, NULL, 0, 'assn', 0, NULL, NULL, NULL, 0),
(1255, NULL, NULL, NULL, NULL, 0, NULL, 0, 'assn', 0, NULL, NULL, NULL, 0),
(1256, NULL, NULL, NULL, NULL, 0, NULL, 0, 'assn', 0, NULL, NULL, NULL, 0),
(1257, NULL, NULL, NULL, NULL, 0, NULL, 0, 'assn', 0, NULL, NULL, NULL, 0),
(1258, NULL, NULL, NULL, NULL, 0, NULL, 0, 'assn', 0, NULL, NULL, NULL, 0),
(1259, NULL, NULL, NULL, NULL, 0, NULL, 0, 'assn', 0, NULL, NULL, NULL, 0),
(1260, NULL, NULL, NULL, NULL, 0, NULL, 0, 'assn', 0, NULL, NULL, NULL, 0),
(1261, NULL, NULL, NULL, NULL, 0, NULL, 0, 'assn', 0, NULL, NULL, NULL, 0),
(1262, NULL, NULL, NULL, NULL, 0, NULL, 0, 'assn', 0, NULL, NULL, NULL, 0),
(1263, NULL, NULL, NULL, NULL, 0, NULL, 0, 'assn', 0, NULL, NULL, NULL, 0),
(1264, NULL, NULL, NULL, NULL, 0, NULL, 0, 'assn', 0, NULL, NULL, NULL, 0),
(1265, NULL, NULL, NULL, NULL, 0, NULL, 0, 'assn', 0, NULL, NULL, NULL, 0),
(1266, NULL, NULL, NULL, NULL, 0, NULL, 0, 'assn', 0, NULL, NULL, NULL, 0),
(1267, NULL, NULL, NULL, NULL, 0, NULL, 0, 'assn', 0, NULL, NULL, NULL, 0),
(1268, NULL, NULL, NULL, NULL, 0, NULL, 0, 'assn', 0, NULL, NULL, NULL, 0),
(1269, NULL, NULL, NULL, NULL, 0, NULL, 0, 'assn', 0, NULL, NULL, NULL, 0),
(1270, NULL, NULL, NULL, NULL, 0, NULL, 0, 'assn', 0, NULL, NULL, NULL, 0),
(1271, NULL, NULL, NULL, NULL, 0, NULL, 0, 'assn', 0, NULL, NULL, NULL, 0),
(1272, NULL, NULL, NULL, NULL, 0, NULL, 0, 'assn', 0, NULL, NULL, NULL, 0),
(1273, NULL, NULL, NULL, NULL, 0, NULL, 0, 'assn', 0, NULL, NULL, NULL, 0),
(1274, NULL, NULL, NULL, NULL, 0, NULL, 0, 'assn', 0, NULL, NULL, NULL, 0),
(1275, NULL, NULL, NULL, NULL, 0, NULL, 0, 'assn', 0, NULL, NULL, NULL, 0),
(1276, NULL, NULL, NULL, NULL, 0, NULL, 0, 'assn', 0, NULL, NULL, NULL, 0),
(1277, NULL, NULL, NULL, NULL, 0, NULL, 0, 'assn', 0, NULL, NULL, NULL, 0),
(1278, NULL, NULL, NULL, NULL, 0, NULL, 0, 'assn', 0, NULL, NULL, NULL, 0),
(1279, NULL, NULL, NULL, NULL, 0, NULL, 0, 'assn', 0, NULL, NULL, NULL, 0),
(1280, NULL, NULL, NULL, NULL, 0, NULL, 0, 'assn', 0, NULL, NULL, NULL, 0),
(1281, NULL, NULL, NULL, NULL, 0, NULL, 0, 'assn', 0, NULL, NULL, NULL, 0),
(1282, NULL, NULL, NULL, NULL, 0, NULL, 0, 'assn', 0, NULL, NULL, NULL, 0),
(1283, NULL, NULL, NULL, NULL, 0, NULL, 0, 'assn', 0, NULL, NULL, NULL, 0),
(1284, NULL, NULL, NULL, NULL, 0, NULL, 0, 'assn', 0, NULL, NULL, NULL, 0),
(1285, NULL, NULL, NULL, NULL, 0, NULL, 0, 'assn', 0, NULL, NULL, NULL, 0),
(1286, NULL, NULL, NULL, NULL, 0, NULL, 0, 'assn', 0, NULL, NULL, NULL, 0),
(1287, NULL, NULL, NULL, NULL, 0, NULL, 0, 'assn', 0, NULL, NULL, NULL, 0),
(1288, NULL, NULL, NULL, NULL, 0, NULL, 0, 'assn', 0, NULL, NULL, NULL, 0),
(1289, NULL, NULL, NULL, NULL, 0, NULL, 0, 'assn', 0, NULL, NULL, NULL, 0),
(1290, NULL, NULL, NULL, NULL, 0, NULL, 0, 'assn', 0, NULL, NULL, NULL, 0);

--
-- Truncate table before insert `gn_contact_type`
--

TRUNCATE TABLE `gn_contact_type`;
--
-- Dumping data for table `gn_contact_type`
--

INSERT INTO `gn_contact_type` (`contact_type_cd`, `contact_type_value`) VALUES
('facebook', 'Facebook'),
('home', 'Home Phone'),
('mobile', 'Mobile Phone'),
('pers_email', 'Personal Email'),
('twitter', 'Twitter'),
('work', 'Work Phone'),
('work_email', 'Work Email');

--
-- Truncate table before insert `gn_course`
--

TRUNCATE TABLE `gn_course`;
--
-- Truncate table before insert `gn_course_customer_link`
--

TRUNCATE TABLE `gn_course_customer_link`;
--
-- Truncate table before insert `gn_course_hole`
--

TRUNCATE TABLE `gn_course_hole`;
--
-- Truncate table before insert `gn_course_link_type`
--

TRUNCATE TABLE `gn_course_link_type`;
--
-- Truncate table before insert `gn_course_score`
--

TRUNCATE TABLE `gn_course_score`;
--
-- Truncate table before insert `gn_course_tee`
--

TRUNCATE TABLE `gn_course_tee`;
--
-- Truncate table before insert `gn_customer`
--

TRUNCATE TABLE `gn_customer`;
--
-- Dumping data for table `gn_customer`
--

INSERT INTO `gn_customer` (`customer_id`, `prefix`, `first_name`, `middle_name`, `last_name`, `suffix`, `email`, `gender`, `date_of_birth`, `handicap`, `average_score`, `is_user`) VALUES
(1, NULL, '', NULL, '', NULL, '', '', '0000-00-00', NULL, NULL, 0),
(2, NULL, '', NULL, '', NULL, '', '', '0000-00-00', NULL, NULL, 0),
(3, NULL, '', NULL, '', NULL, '', '', '0000-00-00', NULL, NULL, 0),
(4, NULL, '', NULL, '', NULL, '', '', '0000-00-00', NULL, NULL, 0),
(5, NULL, '', NULL, 'Test', NULL, '', '', '0000-00-00', NULL, NULL, 0),
(6, NULL, '', NULL, '', NULL, '', '', '0000-00-00', NULL, NULL, 0),
(7, NULL, '', NULL, 'Test', NULL, '', '', '0000-00-00', NULL, NULL, 0),
(8, NULL, '', NULL, '', NULL, '', '', '0000-00-00', NULL, NULL, 0),
(9, NULL, 'Earl', '', 'Pearl', NULL, 'sdrake@scga.org', 'M', '1962-06-17', NULL, NULL, 0),
(10, NULL, '', NULL, '', NULL, '', '', '0000-00-00', NULL, NULL, 0),
(11, NULL, '', NULL, '', NULL, '', '', '0000-00-00', NULL, NULL, 0),
(12, NULL, 'Kevin', '', 'Oconnor', NULL, 'koconnor@scga.org', 'M', '1960-08-13', NULL, NULL, 0),
(13, NULL, '', NULL, '', NULL, '', '', '0000-00-00', NULL, NULL, 0),
(14, NULL, '', NULL, '', NULL, '', '', '0000-00-00', NULL, NULL, 0),
(15, NULL, '', NULL, '', NULL, '', '', '0000-00-00', NULL, NULL, 0),
(16, NULL, 'Marvin', NULL, 'Test', NULL, 'marvin@liquamedia.com', 'M', '1990-08-29', NULL, NULL, 0),
(17, NULL, '', NULL, '', NULL, '', '', '0000-00-00', NULL, NULL, 0),
(18, NULL, '', NULL, 'Liquamedia', NULL, '', '', '0000-00-00', NULL, NULL, 0),
(19, NULL, 'Marvin', NULL, 'Test', NULL, 'immarvin@gmail.com', 'F', '1989-07-01', NULL, NULL, 0),
(20, NULL, '', NULL, 'Test', NULL, '', '', '0000-00-00', NULL, NULL, 0),
(21, NULL, '', NULL, '', NULL, '', '', '0000-00-00', NULL, NULL, 0),
(22, NULL, '', NULL, 'Discount Renewal', NULL, '', '', '0000-00-00', NULL, NULL, 0),
(23, NULL, '', NULL, 'TestABC', NULL, '', '', '0000-00-00', NULL, NULL, 0),
(24, NULL, '', NULL, '', NULL, '', '', '0000-00-00', NULL, NULL, 0),
(25, NULL, 'Bill', NULL, 'Golfer', NULL, 'koconnor@scga.org', 'M', '1975-01-01', NULL, NULL, 0),
(26, NULL, '', NULL, '', NULL, '', '', '0000-00-00', NULL, NULL, 0),
(27, NULL, '', NULL, '', NULL, '', '', '0000-00-00', NULL, NULL, 0),
(28, NULL, '', NULL, '', NULL, '', '', '0000-00-00', NULL, NULL, 0),
(29, NULL, 'Jennea', NULL, 'Auto-Renew Renewal O', NULL, 'jenneab@gmail.com', 'F', '1983-08-03', NULL, NULL, 0),
(30, NULL, '', NULL, '', NULL, '', '', '0000-00-00', NULL, NULL, 0),
(31, NULL, '', NULL, '', NULL, '', '', '0000-00-00', NULL, NULL, 0),
(32, NULL, '', NULL, '', NULL, '', '', '0000-00-00', NULL, NULL, 0),
(33, NULL, '', NULL, '', NULL, '', '', '0000-00-00', NULL, NULL, 0),
(34, NULL, '', NULL, 'Tester', NULL, '', '', '0000-00-00', NULL, NULL, 0),
(35, NULL, '', NULL, 'Test', NULL, '', '', '0000-00-00', NULL, NULL, 0),
(36, NULL, '', NULL, '', NULL, '', '', '0000-00-00', NULL, NULL, 0),
(37, NULL, '', NULL, 'Approval', NULL, '', '', '0000-00-00', NULL, NULL, 0),
(38, NULL, '', NULL, '', NULL, '', '', '0000-00-00', NULL, NULL, 0),
(39, NULL, '', NULL, '', NULL, '', '', '0000-00-00', NULL, NULL, 0),
(40, NULL, '', NULL, '', NULL, '', '', '0000-00-00', NULL, NULL, 0),
(41, NULL, '', NULL, '', NULL, '', '', '0000-00-00', NULL, NULL, 0),
(42, NULL, 'Abcd', NULL, 'Abcd', NULL, 'koconnor@scga.org', 'F', '1978-01-01', NULL, NULL, 0),
(43, NULL, 'Birthdate', NULL, 'Test', NULL, 'koconnor@scga.org', 'M', '1941-01-01', NULL, NULL, 0),
(44, NULL, 'Test', NULL, 'Birthday', NULL, 'koconnor@scga.org', 'M', '1981-11-01', NULL, NULL, 0),
(45, NULL, '', NULL, 'A`Test', NULL, '', '', '0000-00-00', NULL, NULL, 0),
(46, NULL, '', NULL, '', NULL, '', '', '0000-00-00', NULL, NULL, 0),
(47, NULL, '', NULL, 'Test', NULL, '', '', '0000-00-00', NULL, NULL, 0),
(48, NULL, '', NULL, 'Test', NULL, '', '', '0000-00-00', NULL, NULL, 0),
(49, NULL, '', NULL, 'Test', NULL, '', '', '0000-00-00', NULL, NULL, 0),
(50, NULL, '', NULL, 'Liquamediatesta', NULL, '', '', '0000-00-00', NULL, NULL, 0),
(51, NULL, '', NULL, '', NULL, '', '', '0000-00-00', NULL, NULL, 0),
(52, NULL, '', NULL, 'Approval Join', NULL, '', '', '0000-00-00', NULL, NULL, 0),
(53, NULL, '', NULL, '', NULL, '', '', '0000-00-00', NULL, NULL, 0),
(54, NULL, '', NULL, 'Approval Join', NULL, '', '', '0000-00-00', NULL, NULL, 0),
(55, NULL, 'Renewaldecember', '', 'Calendarjanuary', NULL, 'koconnor@scga.org', 'F', '1991-11-01', NULL, NULL, 0),
(56, NULL, 'Jennea', NULL, 'Approval Two', NULL, 'jenneab@gmail.com', 'M', '1972-11-25', NULL, NULL, 0),
(57, NULL, 'Cat', '', 'Test', NULL, 'koconnor@scga.org', 'M', '1995-12-28', NULL, NULL, 0),
(58, NULL, 'First', NULL, 'Last', NULL, 'koconnor@scga.org', 'M', '1983-12-01', NULL, NULL, 0),
(59, NULL, 'Twinkle', '', 'Toes', NULL, 'koconnor@scga.org', 'M', '0001-01-01', NULL, NULL, 0),
(60, NULL, 'Brand', '', 'New', NULL, 'koconnor@scga.org', 'M', '1986-12-01', NULL, NULL, 0),
(61, NULL, '', NULL, 'twice', NULL, '', '', '0000-00-00', NULL, NULL, 0),
(62, NULL, 'Really', '', 'New', NULL, 'koconnor192@gmail.com', 'M', '1990-12-05', NULL, NULL, 0),
(63, NULL, '', NULL, 'Approval Join', NULL, '', '', '0000-00-00', NULL, NULL, 0),
(64, NULL, 'Marvin', NULL, 'Rej', NULL, 'marvin@liquamedia.com', 'M', '1999-01-01', NULL, NULL, 0),
(65, NULL, 'Multiple', NULL, 'Payment', NULL, 'koconnor@scga.org', 'M', '1988-01-01', NULL, NULL, 0),
(66, NULL, 'Email', '', 'Variable', NULL, 'koconnor@scga.org', 'M', '1991-01-01', NULL, NULL, 0),
(67, NULL, 'Pending', '', 'Approval2', NULL, 'koconnor@scga.org', 'M', '1995-01-04', NULL, NULL, 0),
(68, NULL, 'cart', NULL, 'Approval', NULL, 'koconnor@scga.org', 'M', '1990-01-02', NULL, NULL, 0),
(69, NULL, 'Cart', '', 'Approval', NULL, 'koconnor@scga.org', 'M', '1990-01-02', NULL, NULL, 0),
(70, NULL, 'Cart', '', 'Pending', NULL, 'koconnor@scga.org', 'M', '1990-01-01', NULL, NULL, 0),
(71, NULL, '', NULL, 'Liquamediatesta', NULL, '', '', '0000-00-00', NULL, NULL, 0),
(72, NULL, 'Cartdisplay', '', 'Approvaltest', NULL, 'koconnor@scga.org', 'M', '1990-01-03', NULL, NULL, 0),
(73, NULL, '', NULL, 'Liquamediatest', NULL, '', '', '0000-00-00', NULL, NULL, 0),
(74, NULL, '', NULL, 'Reqapp', NULL, '', '', '0000-00-00', NULL, NULL, 0),
(75, NULL, '', NULL, 'Test', NULL, '', '', '0000-00-00', NULL, NULL, 0),
(76, NULL, '', NULL, 'Test3', NULL, '', '', '0000-00-00', NULL, NULL, 0),
(77, NULL, '', NULL, 'Last', NULL, '', '', '0000-00-00', NULL, NULL, 0),
(78, NULL, 'Marvin', NULL, 'LocalTest', NULL, 'marvin@liquamedia.com', 'M', '1937-11-18', NULL, NULL, 0),
(79, NULL, 'Marvin', NULL, 'Localtest', NULL, 'marvin@liquamedia.com', 'M', '1917-10-17', NULL, NULL, 0),
(80, NULL, 'Marvin', NULL, 'AnotherTest', NULL, 'marvin@liquamedia.com', 'M', '1917-11-17', NULL, NULL, 0),
(81, NULL, 'Marvin', NULL, 'Anothertest', NULL, 'koconnor@scga.org', 'F', '1904-03-03', NULL, NULL, 0),
(82, NULL, '', NULL, 'Test', NULL, '', '', '0000-00-00', NULL, NULL, 0),
(83, NULL, 'MarvinTest', NULL, 'LocalTest', NULL, 'marvin@liquamedia.com', 'M', '1917-10-17', NULL, NULL, 0),
(84, NULL, 'Marvin', NULL, 'LocalTest', NULL, 'marvin@liquamedia.com', 'M', '1945-05-18', NULL, NULL, 0),
(85, NULL, '', NULL, 'Bonotest', NULL, '', '', '0000-00-00', NULL, NULL, 0),
(86, NULL, 'zip', NULL, 'code', NULL, 'koconnor@scga.org', 'M', '1936-10-18', NULL, NULL, 0),
(87, NULL, '', NULL, 'Code matches', NULL, '', '', '0000-00-00', NULL, NULL, 0),
(88, NULL, '', NULL, 'AnotherTest', NULL, '', '', '0000-00-00', NULL, NULL, 0),
(89, NULL, '', NULL, 'Localtest', NULL, '', '', '0000-00-00', NULL, NULL, 0),
(90, NULL, '', NULL, 'Test', NULL, '', '', '0000-00-00', NULL, NULL, 0),
(91, NULL, '', NULL, 'AnotherTest', NULL, '', '', '0000-00-00', NULL, NULL, 0),
(92, NULL, 'Randy', '', 'Gomez', NULL, 'koconnor@scga.org', 'M', '2012-01-04', NULL, NULL, 0),
(93, NULL, 'Sam', '', 'Adams', NULL, 'koconnor@scga.org', 'M', '1980-03-05', NULL, NULL, 0),
(94, NULL, '', NULL, 'Lara', NULL, '', '', '0000-00-00', NULL, NULL, 0),
(95, NULL, '', NULL, 'Lara', NULL, '', '', '0000-00-00', NULL, NULL, 0),
(96, NULL, '', NULL, 'Test', NULL, '', '', '0000-00-00', NULL, NULL, 0),
(97, NULL, '', NULL, 'Test', NULL, '', '', '0000-00-00', NULL, NULL, 0),
(98, NULL, '', NULL, 'Test', NULL, '', '', '0000-00-00', NULL, NULL, 0),
(99, NULL, '', NULL, 'Liquamediatester', NULL, '', '', '0000-00-00', NULL, NULL, 0),
(100, NULL, 'Jennea', NULL, 'Accounting One', NULL, 'jenneab@gmail.com', 'F', '1972-12-19', NULL, NULL, 0),
(101, NULL, '', NULL, 'Liquamediatester', NULL, '', '', '0000-00-00', NULL, NULL, 0),
(102, NULL, '', NULL, 'Liquamediatester', NULL, '', '', '0000-00-00', NULL, NULL, 0),
(103, NULL, '', NULL, 'Liquamediatester', NULL, '', '', '0000-00-00', NULL, NULL, 0),
(104, NULL, '', NULL, 'Liquamediatester', NULL, '', '', '0000-00-00', NULL, NULL, 0),
(105, NULL, '', NULL, 'Liquamediatester', NULL, '', '', '0000-00-00', NULL, NULL, 0),
(106, NULL, '', NULL, 'Liquamediatester', NULL, '', '', '0000-00-00', NULL, NULL, 0),
(107, NULL, 'Betsy', NULL, 'Clair', NULL, 'b@aol.com', 'F', '2005-01-01', NULL, NULL, 0),
(108, NULL, '', NULL, 'Liquamediatester', NULL, '', '', '0000-00-00', NULL, NULL, 0),
(109, NULL, 'NoJJuniorType', NULL, 'InClub', NULL, 'koconnor@scga.org', 'M', '2008-09-17', NULL, NULL, 0),
(110, NULL, 'J', '', 'Bono', NULL, 'jenneab@gmail.com', 'M', '1962-02-11', NULL, NULL, 0),
(111, NULL, 'Gomer', NULL, 'Pyle', NULL, 'koconnor@scga.org', 'M', '1956-06-17', NULL, NULL, 0),
(112, NULL, 'Jane', NULL, 'Tester', NULL, 'koconnor@scga.org', 'F', '0001-01-01', NULL, NULL, 0),
(113, NULL, 'Jennea', NULL, 'Ass Fee Refactor', NULL, 'jenneab@gmail.com', 'M', '1940-02-02', NULL, NULL, 0),
(114, NULL, 'Kevin', NULL, 'Oconnor', NULL, 'koconnor@scga.org', 'M', '1960-08-12', NULL, NULL, 0),
(115, NULL, '', NULL, 'Test', NULL, '', '', '0000-00-00', NULL, NULL, 0),
(116, NULL, '', NULL, 'Macaulay', NULL, '', '', '0000-00-00', NULL, NULL, 0),
(117, NULL, '', NULL, 'Flemings', NULL, '', '', '0000-00-00', NULL, NULL, 0),
(118, NULL, 'Jerry', NULL, 'Gearhart', NULL, 'j@scga.org', 'M', '1950-01-01', NULL, NULL, 0),
(119, NULL, '', NULL, 'Kevin', NULL, '', '', '0000-00-00', NULL, NULL, 0),
(120, NULL, 'Jennea', NULL, 'Atest', NULL, 'jenneab@gmail.com', 'M', '1979-12-05', NULL, NULL, 0),
(121, NULL, 'Jennea', NULL, 'No Expiration Dates', NULL, 'jenneab@gmail.com', 'F', '1976-05-14', NULL, NULL, 0),
(122, NULL, '', NULL, '', NULL, '', '', '0000-00-00', NULL, NULL, 0),
(123, NULL, '', NULL, '', NULL, '', '', '0000-00-00', NULL, NULL, 0),
(124, NULL, '', NULL, '', NULL, '', '', '0000-00-00', NULL, NULL, 0),
(125, NULL, '', NULL, 'Gibbs', NULL, '', '', '0000-00-00', NULL, NULL, 0),
(126, NULL, '', NULL, 'Autorenew', NULL, '', '', '0000-00-00', NULL, NULL, 0),
(127, NULL, '', NULL, 'Discounts', NULL, '', '', '0000-00-00', NULL, NULL, 0),
(128, NULL, '', NULL, 'AnotherTest2', NULL, '', '', '0000-00-00', NULL, NULL, 0),
(129, NULL, '', NULL, 'AnotherTest2', NULL, '', '', '0000-00-00', NULL, NULL, 0),
(130, NULL, '', NULL, 'Lara', NULL, '', '', '0000-00-00', NULL, NULL, 0),
(131, NULL, 'Jim', NULL, 'Bond', NULL, 'koconnor@scga.org', 'M', '1980-01-01', NULL, NULL, 0),
(132, NULL, 'Marvin', NULL, 'Lara', NULL, 'marvin@liquamedia.com', 'M', '2000-11-18', NULL, NULL, 0),
(133, NULL, '', NULL, 'Supreme-Tester', NULL, '', '', '0000-00-00', NULL, NULL, 0),
(134, NULL, '', NULL, 'Test Require App', NULL, '', '', '0000-00-00', NULL, NULL, 0),
(135, NULL, '', NULL, 'No App Needed', NULL, '', '', '0000-00-00', NULL, NULL, 0),
(136, NULL, '', NULL, 'Jacob', NULL, '', '', '0000-00-00', NULL, NULL, 0),
(137, NULL, '', NULL, 'Kevin', NULL, '', '', '0000-00-00', NULL, NULL, 0),
(138, NULL, '', NULL, 'Tyler', NULL, '', '', '0000-00-00', NULL, NULL, 0),
(139, NULL, '', NULL, 'Jacob', NULL, '', '', '0000-00-00', NULL, NULL, 0),
(140, NULL, '', NULL, 'Smith', NULL, '', '', '0000-00-00', NULL, NULL, 0),
(141, NULL, '', NULL, 'Ar One', NULL, '', '', '0000-00-00', NULL, NULL, 0),
(142, NULL, 'Jennea', '', 'Junior', NULL, 'jenneab@gmail.com', 'M', '2006-01-01', NULL, NULL, 0),
(143, NULL, '', NULL, 'Deleteme', NULL, '', '', '0000-00-00', NULL, NULL, 0),
(144, NULL, '', NULL, 'Test', NULL, '', '', '0000-00-00', NULL, NULL, 0),
(145, NULL, '', NULL, 'Last-Test', NULL, '', '', '0000-00-00', NULL, NULL, 0),
(146, NULL, 'Jennea', '', 'Tester', NULL, 'jenneab@gmail.com', 'F', '1941-01-01', NULL, NULL, 0),
(147, NULL, '', NULL, 'Dhumal', NULL, '', '', '0000-00-00', NULL, NULL, 0),
(148, NULL, '', NULL, 'Sheetal', NULL, '', '', '0000-00-00', NULL, NULL, 0),
(149, NULL, '', NULL, 'Roy', NULL, '', '', '0000-00-00', NULL, NULL, 0),
(150, NULL, '', NULL, 'tester', NULL, '', '', '0000-00-00', NULL, NULL, 0),
(151, NULL, '', NULL, 'Roy', NULL, '', '', '0000-00-00', NULL, NULL, 0),
(152, NULL, '', NULL, 'Richard', NULL, '', '', '0000-00-00', NULL, NULL, 0),
(153, NULL, '', NULL, 'Mathur', NULL, '', '', '0000-00-00', NULL, NULL, 0),
(154, NULL, '', NULL, 'Sinha', NULL, '', '', '0000-00-00', NULL, NULL, 0),
(155, NULL, '', NULL, 'tester', NULL, '', '', '0000-00-00', NULL, NULL, 0),
(156, NULL, '', NULL, 'Sharma', NULL, '', '', '0000-00-00', NULL, NULL, 0),
(157, NULL, '', NULL, 'Nair', NULL, '', '', '0000-00-00', NULL, NULL, 0),
(158, NULL, '', NULL, 'Sharma', NULL, '', '', '0000-00-00', NULL, NULL, 0),
(159, NULL, '', NULL, 'Roy', NULL, '', '', '0000-00-00', NULL, NULL, 0),
(160, NULL, '', NULL, 'HARRIS', NULL, '', '', '0000-00-00', NULL, NULL, 0),
(161, NULL, '', NULL, 'PHILLIPS', NULL, '', '', '0000-00-00', NULL, NULL, 0),
(162, NULL, 'Moksha5', '', 'Musafir', NULL, 'moksha5@mailinator.com', 'M', '1989-08-01', NULL, NULL, 0),
(163, NULL, '', NULL, 'Ramirez', NULL, '', '', '0000-00-00', NULL, NULL, 0),
(164, NULL, '', NULL, 'Ramirez', NULL, '', '', '0000-00-00', NULL, NULL, 0),
(165, NULL, '', NULL, 'test', NULL, '', '', '0000-00-00', NULL, NULL, 0),
(166, NULL, '', NULL, 'Luis2', NULL, '', '', '0000-00-00', NULL, NULL, 0),
(167, NULL, '', NULL, 'Roy', NULL, '', '', '0000-00-00', NULL, NULL, 0),
(168, NULL, '', NULL, 'tst', NULL, '', '', '0000-00-00', NULL, NULL, 0),
(169, NULL, '', NULL, 'tst', NULL, '', '', '0000-00-00', NULL, NULL, 0),
(170, NULL, '', NULL, 'tst', NULL, '', '', '0000-00-00', NULL, NULL, 0),
(171, NULL, '', NULL, 'Roy', NULL, '', '', '0000-00-00', NULL, NULL, 0),
(172, NULL, '', NULL, 'test', NULL, '', '', '0000-00-00', NULL, NULL, 0),
(173, NULL, '', NULL, 'Denis', NULL, '', '', '0000-00-00', NULL, NULL, 0),
(174, NULL, '', NULL, 'Pase', NULL, '', '', '0000-00-00', NULL, NULL, 0),
(175, NULL, '', NULL, 'Leah', NULL, '', '', '0000-00-00', NULL, NULL, 0),
(176, NULL, '', NULL, 'Hunter', NULL, '', '', '0000-00-00', NULL, NULL, 0),
(177, NULL, '', NULL, 'Skyler', NULL, '', '', '0000-00-00', NULL, NULL, 0),
(178, NULL, '', NULL, 'Roy', NULL, '', '', '0000-00-00', NULL, NULL, 0),
(179, NULL, '', NULL, 'Ramirez', NULL, '', '', '0000-00-00', NULL, NULL, 0),
(180, NULL, '', NULL, 'Bella', NULL, '', '', '0000-00-00', NULL, NULL, 0),
(181, NULL, '', NULL, 'Nair', NULL, '', '', '0000-00-00', NULL, NULL, 0),
(182, NULL, '', NULL, 'Mathew', NULL, '', '', '0000-00-00', NULL, NULL, 0),
(183, NULL, '', NULL, 'Jones', NULL, '', '', '0000-00-00', NULL, NULL, 0),
(184, NULL, '', NULL, 'Saxena', NULL, '', '', '0000-00-00', NULL, NULL, 0),
(185, NULL, '', NULL, 'Malhotra', NULL, '', '', '0000-00-00', NULL, NULL, 0),
(186, NULL, '', NULL, 'Jones', NULL, '', '', '0000-00-00', NULL, NULL, 0),
(187, NULL, '', NULL, 'Roy', NULL, '', '', '0000-00-00', NULL, NULL, 0),
(188, NULL, '', NULL, 'Tyler', NULL, '', '', '0000-00-00', NULL, NULL, 0),
(189, NULL, '', NULL, 'Mathew', NULL, '', '', '0000-00-00', NULL, NULL, 0),
(190, NULL, '', NULL, 'Smith', NULL, '', '', '0000-00-00', NULL, NULL, 0),
(191, NULL, 'Moksha', '', 'Musafir', NULL, 'moksha@mailinator.com', 'M', '1989-02-11', NULL, NULL, 0),
(192, NULL, 'Meral', '', 'Maradia', NULL, 'moksha@mailinator.com', 'M', '1985-02-01', NULL, NULL, 0),
(193, NULL, 'Sophie', '', 'Jones', NULL, 'sophiejones@mailinator.com', 'F', '1987-01-01', NULL, NULL, 0),
(194, NULL, 'Jennea', '', 'Optfield', NULL, 'jenneab@gmail.com', 'M', '1970-02-27', NULL, NULL, 0),
(195, NULL, '', NULL, 'Optfield2', NULL, '', '', '0000-00-00', NULL, NULL, 0),
(196, NULL, 'Fields', '', 'Optional', NULL, 'koconnor@scga.org', 'M', '1952-04-17', NULL, NULL, 0),
(197, NULL, 'Fieldsfields', '', 'Optionaloptional', NULL, 'koconnor@scga.org', 'M', '1957-10-18', NULL, NULL, 0),
(198, NULL, '', NULL, 'Mathew', NULL, '', '', '0000-00-00', NULL, NULL, 0),
(199, NULL, '', NULL, 'Jones', NULL, '', '', '0000-00-00', NULL, NULL, 0),
(200, NULL, '', NULL, 'Test', NULL, '', '', '0000-00-00', NULL, NULL, 0),
(201, NULL, '', NULL, 'Test', NULL, '', '', '0000-00-00', NULL, NULL, 0),
(202, NULL, '', NULL, 'Rodger', NULL, '', '', '0000-00-00', NULL, NULL, 0),
(203, NULL, '', NULL, 'Andrew', NULL, '', '', '0000-00-00', NULL, NULL, 0),
(204, NULL, '', NULL, 'Mehra', NULL, '', '', '0000-00-00', NULL, NULL, 0),
(205, NULL, '', NULL, 'Wilson', NULL, '', '', '0000-00-00', NULL, NULL, 0),
(206, NULL, '', NULL, 'Rutherford', NULL, '', '', '0000-00-00', NULL, NULL, 0),
(207, NULL, '', NULL, 'Tylor', NULL, '', '', '0000-00-00', NULL, NULL, 0),
(208, NULL, '', NULL, 'Mehra', NULL, '', '', '0000-00-00', NULL, NULL, 0),
(209, NULL, '', NULL, 'Wilson', NULL, '', '', '0000-00-00', NULL, NULL, 0),
(210, NULL, '', NULL, 'Mathew', NULL, '', '', '0000-00-00', NULL, NULL, 0),
(211, NULL, '', NULL, 'Edison', NULL, '', '', '0000-00-00', NULL, NULL, 0),
(212, NULL, '', NULL, 'Rodger', NULL, '', '', '0000-00-00', NULL, NULL, 0),
(213, NULL, '', NULL, 'Tester', NULL, '', '', '0000-00-00', NULL, NULL, 0),
(214, NULL, '', NULL, 'Thhomas', NULL, '', '', '0000-00-00', NULL, NULL, 0),
(215, NULL, 'Ava', '', 'Jackson', NULL, 'ava@mailinator.com', 'F', '1988-03-01', NULL, NULL, 0),
(216, NULL, 'Lily', '', 'Wiliam', NULL, 'lilyw@mailinator.com', 'F', '1988-01-01', NULL, NULL, 0),
(217, NULL, 'Abhay', NULL, 'Chavan', NULL, 'abhayc@mailinator.com', 'M', '1988-01-01', NULL, NULL, 0),
(218, NULL, '', NULL, 'Daniel', NULL, '', '', '0000-00-00', NULL, NULL, 0),
(219, NULL, '', NULL, 'tester', NULL, '', '', '0000-00-00', NULL, NULL, 0),
(220, NULL, '', NULL, 'test', NULL, '', '', '0000-00-00', NULL, NULL, 0),
(221, NULL, '', NULL, 'tester', NULL, '', '', '0000-00-00', NULL, NULL, 0),
(222, NULL, '', NULL, 'tester', NULL, '', '', '0000-00-00', NULL, NULL, 0),
(223, NULL, '', NULL, 'Test''s', NULL, '', '', '0000-00-00', NULL, NULL, 0),
(224, NULL, '', NULL, 'Tester', NULL, '', '', '0000-00-00', NULL, NULL, 0),
(225, NULL, '', NULL, 'Tester11', NULL, '', '', '0000-00-00', NULL, NULL, 0),
(226, NULL, '', NULL, 'Wiliam', NULL, '', '', '0000-00-00', NULL, NULL, 0),
(227, NULL, '', NULL, 'Larson', NULL, '', '', '0000-00-00', NULL, NULL, 0),
(228, NULL, '', NULL, 'Thomason', NULL, '', '', '0000-00-00', NULL, NULL, 0),
(229, NULL, '', NULL, 'Thomson', NULL, '', '', '0000-00-00', NULL, NULL, 0),
(230, NULL, '', NULL, 'Thomson', NULL, '', '', '0000-00-00', NULL, NULL, 0),
(231, NULL, '', NULL, 'Test', NULL, '', '', '0000-00-00', NULL, NULL, 0),
(232, NULL, 'Jennea', NULL, 'Tester2', NULL, 'jenneab@gmail.com', 'F', '1978-04-10', NULL, NULL, 0),
(233, NULL, 'Jennea', '', 'Lmp', NULL, 'jenneab@gmail.com', 'M', '1942-04-07', NULL, NULL, 0),
(234, NULL, '', NULL, 'Maradia', NULL, '', '', '0000-00-00', NULL, NULL, 0),
(235, NULL, 'Meral', '', 'Maradia', NULL, 'miral@golfnations.com', 'M', '1995-07-17', NULL, NULL, 0),
(236, NULL, 'Jennea', '', 'Auto-Renew Join One', NULL, 'jenneab@gmail.com', 'F', '1975-11-12', NULL, NULL, 0),
(237, NULL, '', NULL, 'AMNTest', NULL, '', '', '0000-00-00', NULL, NULL, 0),
(238, NULL, '', NULL, 'Tester', NULL, '', '', '0000-00-00', NULL, NULL, 0),
(239, NULL, 'Meral', '', 'Golfnation', NULL, 'miral@golfnations.com', 'M', '1988-08-01', NULL, NULL, 0),
(240, NULL, '', NULL, 'Maradia', NULL, '', '', '0000-00-00', NULL, NULL, 0),
(241, NULL, 'Chris Phillips', NULL, '', NULL, 'chris@scramzr.com', '', '0000-00-00', NULL, NULL, 1),
(242, NULL, 'immarvin', NULL, '', NULL, 'immarvin@gmail.com', '', '0000-00-00', NULL, NULL, 1),
(243, NULL, 'jacanarias', NULL, '', NULL, 'j_a_canarias@yahoo.com', '', '0000-00-00', NULL, NULL, 1),
(244, NULL, 'jbono', NULL, '', NULL, 'jennea.bono@gmail.com', '', '0000-00-00', NULL, NULL, 1),
(245, NULL, 'Jennea', NULL, '', NULL, 'jennea@liquamedia.com', '', '0000-00-00', NULL, NULL, 1),
(246, NULL, 'jenneabono', NULL, '', NULL, 'jennea@golfnations.com', '', '0000-00-00', NULL, NULL, 1),
(247, NULL, 'kevin', NULL, '', NULL, 'koconnor@scga.org', '', '0000-00-00', NULL, NULL, 1),
(248, NULL, 'marvin', NULL, '', NULL, 'marvin@liquamedia.com', '', '0000-00-00', NULL, NULL, 1),
(249, NULL, 'marvinhl', NULL, '', NULL, 'marvinhl@yahoo.com', '', '0000-00-00', NULL, NULL, 1),
(250, NULL, 'marvinl', NULL, '', NULL, 'marvinl@liquamedia.com', '', '0000-00-00', NULL, NULL, 1),
(251, NULL, 'Miki Klann', NULL, '', NULL, 'miki@liquamedia.com', '', '0000-00-00', NULL, NULL, 1),
(252, NULL, 'miral', NULL, '', NULL, 'miral@golfnations.com', '', '0000-00-00', NULL, NULL, 1),
(253, NULL, 'mklann2', NULL, '', NULL, 'miki@emailonacid.com', '', '0000-00-00', NULL, NULL, 1),
(254, NULL, 'princess1', NULL, '', NULL, 'koconnor192@gmail.com', '', '0000-00-00', NULL, NULL, 1),
(255, NULL, 'renfrow', NULL, '', NULL, 'drfrow@gmail.com', '', '0000-00-00', NULL, NULL, 1),
(256, NULL, 'Liquamedia', NULL, '', NULL, 'jenneab@gmail.com', '', '0000-00-00', NULL, NULL, 1),
(257, NULL, 'sdrake', NULL, '', NULL, 'sdrake@scga.org', '', '0000-00-00', NULL, NULL, 1),
(258, NULL, 'vikas', NULL, '', NULL, 'vikas.webdeveloper@yahoo.com', '', '0000-00-00', NULL, NULL, 1),
(259, NULL, 'Marvin', '', 'Test2', NULL, 'marvin@liquamedia.com', 'M', '1958-11-28', NULL, NULL, 0),
(260, NULL, 'Chris', '', 'Phillips', NULL, 'chris@scramzr.com', 'M', '1974-06-05', NULL, NULL, 0),
(261, NULL, 'Jennea', '', 'Tester', NULL, 'jenneab@gmail.com', 'M', '1957-01-21', NULL, NULL, NULL),
(262, NULL, 'Chris3', '', 'Phillips3', NULL, 'chris@scramzr.com', 'M', '1976-06-02', NULL, NULL, 0),
(263, NULL, 'Jennea', '', 'Hello', NULL, 'jenneab@gmail.com', 'M', '0001-01-01', NULL, NULL, NULL),
(264, NULL, 'Marvin', '', 'Test', NULL, 'marvin@liquamedia.com', 'M', '1941-08-18', NULL, NULL, NULL),
(265, NULL, 'Kate', '', 'Kennedy', NULL, 'koconnor@scga.org', 'F', '2001-01-01', NULL, NULL, NULL),
(266, NULL, 'Brand', '', 'New', NULL, 'koconnor@scga.org', 'M', '1947-08-05', NULL, NULL, NULL),
(267, NULL, 'Jennea', '', 'Junior 16', NULL, 'jenneab@gmail.com', 'M', '1998-07-01', NULL, NULL, NULL),
(268, NULL, 'Johnny', NULL, 'Doer', NULL, 'koconnor@scga.org', 'M', '1983-11-03', NULL, NULL, NULL),
(269, NULL, 'Marvin', '', 'Test', NULL, 'marvin@liquamedia.com', 'M', '1916-09-16', NULL, NULL, NULL),
(270, NULL, 'Al', '', 'Alig', NULL, 'koconnor@scga.org', 'M', '1932-01-16', NULL, NULL, NULL),
(271, NULL, 'Auto', '', 'Renew6', NULL, 'koconnor@scga.org', 'F', '1991-11-03', NULL, NULL, NULL),
(272, NULL, 'Auto', '', 'Renewal2', NULL, 'koconnor192@gmail.com', 'M', '1991-11-01', NULL, NULL, NULL),
(273, NULL, 'Sam', NULL, 'Bagger', NULL, 'gdeck@scga.org', 'M', '1985-11-03', NULL, NULL, NULL),
(274, NULL, 'November', '', 'Date2', NULL, 'koconnor@scga.org', 'M', '1990-11-02', NULL, NULL, NULL),
(275, NULL, 'Jennea', '', 'Tester', NULL, 'jenneab@gmail.com', 'F', '1972-02-04', NULL, NULL, NULL),
(276, NULL, 'Chris', '', 'Collins', NULL, '', 'M', '0001-01-01', NULL, NULL, NULL),
(277, NULL, 'Auto', '', 'Renewal5', NULL, 'koconnor192@gmail.com', 'M', '1994-11-01', NULL, NULL, NULL),
(278, NULL, 'Great', '', 'Golfer', NULL, 'koconnor@scga.org', 'M', '1982-12-08', NULL, NULL, NULL),
(279, NULL, 'Inactivate', '', 'After Two Week Notic', NULL, 'koconnor192@gmail.com', 'M', '1977-12-01', NULL, NULL, NULL),
(280, NULL, 'Chris', '', 'Phillips', NULL, 'chris@scramzr.com', 'M', '1969-06-06', NULL, NULL, NULL),
(281, NULL, 'Rachelle', NULL, 'Greene', NULL, 'koconnor@scga.org', 'F', '1969-11-01', NULL, NULL, NULL),
(282, NULL, 'Junior', '', 'Golfer1', NULL, 'koconnor@scga.org', 'M', '2006-01-01', NULL, NULL, NULL),
(283, NULL, 'Geri', '', 'Phones', NULL, 'koconnor@scga.org', 'F', '1969-06-10', NULL, NULL, NULL),
(284, NULL, 'Meral', '', 'Maradia', NULL, 'miral@golfnations.com', 'M', '1985-08-01', NULL, NULL, NULL),
(285, NULL, 'Quality', '', 'Optional', NULL, 'koconnor@scga.org', 'M', '1984-11-01', NULL, NULL, NULL),
(286, NULL, 'Jennea', NULL, 'New', NULL, 'jenneab@gmail.com', 'M', '1979-03-05', NULL, NULL, NULL),
(287, NULL, 'Apostrophe', NULL, 'O\\''Brien', NULL, 'koconnor@scga.org', 'M', '1993-11-01', NULL, NULL, NULL),
(288, NULL, 'Dtest', 'T', 'Testing', NULL, 'test@test.com', 'M', '1980-11-20', NULL, NULL, NULL),
(289, NULL, 'Auto', '', 'Renewal3', NULL, 'koconnor192@gmail.com', 'M', '1989-11-20', NULL, NULL, NULL),
(290, NULL, 'Under', '', 'Eighteen', NULL, NULL, 'M', '2007-11-01', NULL, NULL, NULL),
(291, NULL, 'December', '', 'Calendar', NULL, 'koconnor@scga.org', 'M', '1990-11-01', NULL, NULL, NULL),
(292, NULL, 'Association', '', 'December', NULL, 'koconnor@scga.org', 'M', '1981-11-01', NULL, NULL, NULL),
(293, NULL, 'Junior', '', 'Approval', NULL, 'koconnor192@gmail.com', 'M', '2009-01-01', NULL, NULL, NULL),
(294, NULL, 'David', NULL, 'Test', NULL, 'koconnor@scga.org', 'M', '1988-11-01', NULL, NULL, NULL),
(295, NULL, 'Jennea', NULL, 'Testing-Bono', NULL, 'jenneab@gmail.com', 'M', '1978-11-24', NULL, NULL, NULL),
(296, NULL, 'Rody', NULL, 'Luther', NULL, 'sheetal@golfnations.com', 'F', '1988-01-01', NULL, NULL, NULL),
(297, NULL, 'Marvin', '', 'Test', NULL, 'miki@liquamedia.com', 'M', '1955-11-26', NULL, NULL, NULL),
(298, NULL, 'Cancelautorenew', '', 'Clubcaddieaftertwo', NULL, 'koconnor192@gmail.com', 'M', '1967-12-01', NULL, NULL, NULL),
(299, NULL, 'Matt', '', 'Evans', NULL, 'koconnor@scga.org', 'M', '1985-08-07', NULL, NULL, NULL),
(300, NULL, 'Meral', NULL, 'Maradia', NULL, 'miral@golfnations.com', 'M', '1992-04-12', NULL, NULL, NULL),
(301, NULL, 'Kevinsky', NULL, 'Oconnorsky', NULL, 'koconnor@scga.org', 'M', '1971-11-01', NULL, NULL, NULL),
(302, NULL, 'Staging', '', 'Stager', NULL, 'koconnor@scga.org', 'M', '1994-01-01', NULL, NULL, NULL),
(303, NULL, 'Bran', '', 'New LL', NULL, 'koconnor@scga.org', 'M', '1921-05-18', NULL, NULL, NULL),
(304, NULL, 'Meral', '', 'Maradia', NULL, 'miral@golfnations.com', 'M', '1995-02-18', NULL, NULL, NULL),
(305, NULL, 'Test', '', 'Notifications', NULL, 'koconnor@scga.org', 'M', '1960-06-01', NULL, NULL, NULL),
(306, NULL, 'Meral', NULL, 'Maradia', NULL, 'miral@golfnations.com', 'M', '2002-08-01', NULL, NULL, NULL),
(307, NULL, 'Roney', '', 'Albert', NULL, 'roney@golfnations.com', 'M', '1992-08-01', NULL, NULL, NULL),
(308, NULL, 'Joe', '', 'Smith', NULL, 'sdrake@scga.org', 'M', '1943-09-19', NULL, NULL, NULL),
(309, NULL, 'Chris', '', 'Knowlestest', NULL, 'cknowles@scga.org', 'M', '1982-06-14', NULL, NULL, NULL),
(310, NULL, 'Jennea', '', 'New Golfer', NULL, 'jenneab@gmail.com', 'M', '1973-01-14', NULL, NULL, NULL),
(311, NULL, 'Mary', NULL, 'Thomas', NULL, 'maryth@mailinator.com', 'F', '1988-01-01', NULL, NULL, NULL),
(312, NULL, 'Mdf', '', 'Sixteenafter', NULL, 'koconnor192@gmail.com', 'M', '1991-12-03', NULL, NULL, NULL),
(313, NULL, 'Marvin', '', 'Testlocal', NULL, 'marvin@liquamedia.com', 'M', '1943-10-28', NULL, NULL, NULL),
(314, NULL, 'Openenrollment', '', 'Add2', NULL, 'koconnor192@gmail.com', 'F', '1990-12-03', NULL, NULL, NULL),
(315, NULL, 'Jennea', '', 'Lmp', NULL, 'jenneab@gmail.com', 'M', '1962-03-07', NULL, NULL, NULL),
(316, NULL, 'Sam', NULL, 'Deck', NULL, 'gdeck@scga.org', 'M', '1991-09-04', NULL, NULL, NULL),
(317, NULL, 'Marvin', '', 'Liquamediatest', NULL, 'marvin@liquamedia.com', 'M', '0001-01-01', NULL, NULL, NULL),
(318, NULL, 'Batch', '', 'Club1', NULL, 'koconnor@scga.org', 'M', '1990-08-01', NULL, NULL, NULL),
(319, NULL, 'Jennea', '', 'Promocode', NULL, 'jenneab@gmail.com', 'M', '1926-01-25', NULL, NULL, NULL),
(320, NULL, 'Testing', '', 'Golfer', NULL, 'koconnor192@gmail.com', 'M', '1970-12-01', NULL, NULL, NULL),
(321, NULL, 'Autorenew', '', 'Decembercalendar', NULL, 'koconnor@scga.org', 'M', '1987-11-02', NULL, NULL, NULL),
(322, NULL, 'Approve', '', 'Withoutaction', NULL, 'koconnor@scga.org', 'M', '1971-06-05', NULL, NULL, NULL),
(323, NULL, 'Roy', NULL, 'Flemings', NULL, 'koconnor@scga.org', 'M', '1928-04-01', NULL, NULL, NULL),
(324, NULL, 'Test', '', 'Amntest', NULL, 'koconnor@scga.org', 'M', '1956-01-01', NULL, NULL, NULL),
(325, NULL, 'Moksha9', NULL, 'Musafir', NULL, 'moksha9@mailinator.com', 'M', '1989-08-01', NULL, NULL, NULL),
(326, NULL, 'Chris', '', 'Test', NULL, 'chris@scramzr.com', 'M', '1970-06-01', NULL, NULL, NULL),
(327, NULL, 'Kevin', NULL, 'A''postrophe', NULL, 'koconnor@scga.org', 'M', '1983-11-03', NULL, NULL, NULL),
(328, NULL, 'Pending', '', 'Test', NULL, 'koconnor@scga.org', 'M', '1997-02-01', NULL, NULL, NULL),
(329, NULL, 'First', '', 'Staging1.3', NULL, 'koconnor@scga.org', 'M', '1990-01-01', NULL, NULL, NULL),
(330, NULL, 'Brandy', NULL, 'Alexander', NULL, 'koconnor192@gmail.com', 'M', '1988-12-01', NULL, NULL, NULL),
(331, NULL, 'Chris', 'A', 'Test', NULL, 'test@test.com', 'M', '0001-01-01', NULL, NULL, NULL),
(332, NULL, 'Dev Amn', '', 'Test', NULL, 'koconnor@scga.org', 'M', '1970-01-01', NULL, NULL, NULL),
(333, NULL, 'Profile', '', 'Optional Field Displ', NULL, 'koconnor@scga.org', 'M', '1970-01-01', NULL, NULL, NULL),
(334, NULL, 'Profile', '', 'Optional Fields', NULL, 'koconnor192@gmail.com', 'M', '1973-01-01', NULL, NULL, NULL),
(335, NULL, 'Jennea', NULL, 'Awesome Tester', NULL, 'jenneab@gmail.com', 'F', '1946-10-01', NULL, NULL, NULL),
(336, NULL, 'Btest', 'T', 'Testing', NULL, 'test@test.com', 'M', '1980-11-20', NULL, NULL, NULL),
(337, NULL, 'Auto', '', 'Renewal4', NULL, 'koconnor@scga.org', 'F', '1996-11-06', NULL, NULL, NULL),
(338, NULL, 'No', NULL, 'Expiration', NULL, 'jenneab@gmail.com', 'M', '1969-12-31', NULL, NULL, NULL),
(339, NULL, 'First', '', 'Last', NULL, 'koconnor192@gmail.com', 'M', '1981-12-02', NULL, NULL, NULL),
(340, NULL, 'New', '', 'Twentyone', NULL, 'koconnor192@gmail.com', 'F', '1994-12-01', NULL, NULL, NULL),
(341, NULL, 'Mdf', '', 'Sixteen', NULL, 'koconnor192@gmail.com', 'M', '1987-12-01', NULL, NULL, NULL),
(342, NULL, 'Test', '', 'Profilesenior', NULL, 'koconnor@scga.org', 'M', '1920-01-02', NULL, NULL, NULL),
(343, NULL, 'Gary', NULL, 'Thomas', NULL, 'garyt@mailinator.com', 'M', '1988-01-01', NULL, NULL, NULL),
(344, NULL, 'Tonia', NULL, 'Branch', NULL, 'koconnor@scga.org', 'F', '1980-11-01', NULL, NULL, NULL),
(345, NULL, 'Jennea', '', 'Tester2', NULL, 'jenneab@gmail.com', 'F', '1978-04-10', NULL, NULL, NULL),
(346, NULL, 'Moksha3', '', 'Musafir', NULL, 'moksha993@mailinator.com', 'M', '1989-08-01', NULL, NULL, NULL),
(347, NULL, 'Expiration', NULL, 'Datewithdecember5ren', NULL, 'koconnor192@gmail.com', 'M', '1978-12-01', NULL, NULL, NULL),
(348, NULL, 'Rich', NULL, 'Richards', NULL, 'koconnor@scga.org', 'M', '1986-09-15', NULL, NULL, NULL),
(349, NULL, 'Aby', '', 'Wilson', NULL, 'abyw@mailinator.com', 'M', '1988-01-01', NULL, NULL, NULL),
(350, NULL, 'State', '', 'Profile', NULL, 'koconnor@scga.org', 'M', '1994-11-01', NULL, NULL, NULL),
(351, NULL, 'Add', '', 'Manual', NULL, 'koconnor@scga.org', 'M', '1980-01-01', NULL, NULL, NULL),
(352, NULL, 'Another', '', 'Optional', NULL, 'koconnor@scga.org', 'M', '1985-11-01', NULL, NULL, NULL),
(353, NULL, 'Decemberrenewal', '', 'Calendarjanuary2', NULL, 'koconnor192@gmail.com', 'M', '1983-11-01', NULL, NULL, NULL),
(354, NULL, 'Ctest', 'T', 'Testing', NULL, 'test@test.com', 'M', '1980-11-20', NULL, NULL, NULL),
(355, NULL, 'Bob', NULL, 'Tester', NULL, 'koconnor@scga.org', 'M', '1987-11-24', NULL, NULL, NULL),
(356, NULL, 'Changing', NULL, 'Tojunior', NULL, 'koconnor@scga.org', 'M', '2005-01-01', NULL, NULL, NULL),
(357, NULL, 'Openenrollment', NULL, 'Add', NULL, 'koconnor192@gmail.com', 'M', '1985-12-03', NULL, NULL, NULL),
(358, NULL, 'Mike', '', 'Miller', NULL, 'koconnor@scga.org', 'M', '1917-12-04', NULL, NULL, NULL),
(359, NULL, 'Checking', '', 'Approvalprocess', NULL, 'koconnor@scga.org', 'M', '1964-01-01', NULL, NULL, NULL),
(360, NULL, 'Test', '', 'Date', NULL, 'koconnor@scga.org', 'M', '1988-11-01', NULL, NULL, NULL),
(361, NULL, 'Melinda', NULL, 'Goody', NULL, 'koconnor@scga.org', 'F', '1991-11-01', NULL, NULL, NULL),
(362, NULL, 'Join', '', 'Approvalrequired', NULL, 'koconnor192@gmail.com', 'M', '1930-11-01', NULL, NULL, NULL),
(363, NULL, 'Approval', '', 'Noghinnumber', NULL, 'koconnor@scga.org', 'M', '1954-06-01', NULL, NULL, NULL),
(364, NULL, 'Scga', '', 'Hosting', NULL, 'koconnor192@gmail.com', 'M', '1970-01-01', NULL, NULL, NULL),
(365, NULL, 'Mister', '', 'Inactivation', NULL, NULL, 'M', '2002-04-27', NULL, NULL, NULL),
(366, NULL, 'Test', '', 'Golfer', NULL, 'koconnor192@gmail.com', 'M', '1983-12-01', NULL, NULL, NULL),
(367, NULL, 'Tiger', NULL, 'Moods', NULL, 'koconnor@scga.org', 'M', '0001-01-01', NULL, NULL, NULL),
(368, NULL, 'Greatest', '', 'Golfer', NULL, 'koconnor@scga.org', 'M', '1976-12-01', NULL, NULL, NULL),
(369, NULL, 'Trevor', NULL, 'Murray', NULL, 'koconnor@scga.org', 'M', '1988-11-01', NULL, NULL, NULL),
(370, NULL, 'Test', '', 'Capture', NULL, 'koconnor@scga.org', 'F', '1987-11-04', NULL, NULL, NULL),
(371, NULL, 'Ema', '', 'Jones', NULL, 'emaj@mailinator.com', 'F', '1988-01-01', NULL, NULL, NULL),
(372, NULL, 'Tom', NULL, 'Brady', NULL, 'koconnor@scga.org', 'M', '1980-01-02', NULL, NULL, NULL),
(373, NULL, 'Pending', '', 'Looking For Optional', NULL, 'koconnor@scga.org', 'M', '1964-01-01', NULL, NULL, NULL),
(374, NULL, 'Two', '', 'Clubs', NULL, 'koconnor@scga.org', 'M', '1964-11-03', NULL, NULL, NULL),
(375, NULL, 'Roster', NULL, 'Date', NULL, 'koconnor@scga.org', 'M', '1980-11-01', NULL, NULL, NULL),
(376, NULL, 'Test', '', 'Profile', NULL, 'koconnor@scga.org', 'M', '1973-01-01', NULL, NULL, NULL),
(377, NULL, 'Senior', '', 'Twoweeknotice', NULL, 'koconnor192@gmail.com', 'M', '1930-12-01', NULL, NULL, NULL),
(378, NULL, 'Mulitplemember', NULL, 'Changingtojunior', NULL, 'koconnor@scga.org', 'M', '2010-01-01', NULL, NULL, NULL),
(379, NULL, 'Atest', 'T', 'Testing', NULL, 'test@test.com', 'M', '1980-11-20', NULL, NULL, NULL),
(380, NULL, 'Jennea', '', 'Ballad', NULL, NULL, 'M', '1965-02-22', NULL, NULL, NULL),
(381, NULL, 'Jennea', '', 'Adams', NULL, NULL, 'M', '2007-12-05', NULL, NULL, NULL),
(382, NULL, 'September13', '', 'Add2', NULL, 'koconnor192@gmail.com', 'F', '1970-01-31', NULL, NULL, NULL),
(383, NULL, 'John', '', 'Smith', NULL, 'koconnor192@gmail.com', 'M', '1942-01-17', NULL, NULL, NULL),
(384, NULL, 'Marvin', '', 'Test', NULL, 'marvin@liquamedia.com', 'M', '1992-09-25', NULL, NULL, NULL),
(385, NULL, 'Ventura', '', 'Highway', NULL, 'koconnor192@gmail.com', 'M', '1970-06-01', NULL, NULL, NULL),
(386, NULL, 'September13', '', 'Add5lmp', NULL, 'koconnor192@gmail.com', 'M', '1940-02-15', NULL, NULL, NULL),
(387, NULL, 'Newerthan', '', 'New', NULL, 'koconnor192@gmail.com', 'M', '1968-07-01', NULL, NULL, NULL),
(388, NULL, 'September13', '', 'Add4', NULL, 'koconnor192@gmail.com', 'M', '1953-01-01', NULL, NULL, NULL),
(389, NULL, 'September13', '', 'Lmpafterjennea1', NULL, 'koconnor192@gmail.com', 'M', '1958-09-28', NULL, NULL, NULL),
(390, NULL, 'Change', '', 'Dates1', NULL, 'koconnor192@gmail.com', 'M', '1970-01-01', NULL, NULL, NULL),
(391, NULL, 'Moksha', '', 'Musafir', NULL, 'moksha@mailinator.com', 'M', '1989-08-01', NULL, NULL, NULL),
(392, NULL, 'Evan', '', 'Belfi', NULL, 'ebelfi@scga.org', 'M', '1980-11-19', NULL, NULL, NULL),
(393, NULL, 'Jennea', '', 'Campus', NULL, '', 'M', '0001-01-01', NULL, NULL, NULL),
(394, NULL, 'Jennea', '', 'Grinning', NULL, '', 'M', '2003-07-12', NULL, NULL, NULL),
(395, NULL, 'Jennea', '', 'Funny', NULL, '', 'M', '0001-01-01', NULL, NULL, NULL),
(396, NULL, 'Jennea', '', 'Elated', NULL, '', 'M', '0001-01-01', NULL, NULL, NULL),
(397, NULL, 'Jennea', '', 'Dreamer', NULL, '', 'M', '0001-01-01', NULL, NULL, NULL),
(398, NULL, 'Jennea', '', 'Happy', NULL, '', 'M', '0001-01-01', NULL, NULL, NULL),
(399, NULL, 'Jennea', '', 'Imagine', NULL, 'jenneab@gmail.com', 'F', '1968-03-29', NULL, NULL, 0),
(400, NULL, 'Jennea', '', 'Jubilated', NULL, 'jenneab@gmail.com', 'M', '2010-02-02', NULL, NULL, 0),
(401, NULL, 'Jennea', '', 'Laugh', NULL, '', 'M', '0001-01-01', NULL, NULL, NULL),
(402, NULL, 'Jennea', '', 'Kind-Heart', NULL, '', 'M', '0001-01-01', NULL, NULL, NULL),
(403, NULL, 'Jennea', '', 'Marvelous', NULL, '', 'M', '0001-01-01', NULL, NULL, NULL),
(404, NULL, 'Jennea', '', 'Laugh', NULL, '', 'M', '0001-01-01', NULL, NULL, NULL),
(405, NULL, 'Jennea', '', 'Kind-Heart', NULL, '', 'M', '0001-01-01', NULL, NULL, NULL),
(406, NULL, 'Jennea', '', 'Marvelous', NULL, '', 'M', '0001-01-01', NULL, NULL, NULL),
(407, NULL, 'Rick', '', 'Rangel', NULL, 'rrangel@ncga.org', 'M', '1981-01-09', NULL, NULL, NULL);

--
-- Truncate table before insert `gn_customer_address`
--

TRUNCATE TABLE `gn_customer_address`;
--
-- Dumping data for table `gn_customer_address`
--

INSERT INTO `gn_customer_address` (`customer_id`, `address_type_cd`, `address1`, `address2`, `city`, `state`, `zip_code`, `longitude`, `latitude`) VALUES
(9, 'home', '3740 Caheunga Blvd', '', 'Studio City', 'CA', '91604', NULL, NULL),
(12, 'home', '3740 Caheunga', '', 'Studio City', 'CA', '91604', NULL, NULL),
(16, 'home', 'Test Address', '', 'Test City', 'CA', '90001', NULL, NULL),
(19, 'home', '212 S. 1St Ave', '', 'Los Angeles', 'CA', '90001', NULL, NULL),
(25, 'home', '400 North Main', '', 'Logan', 'UT', '84321', NULL, NULL),
(29, 'home', '123 Test St.', '', 'Testing', 'CA', '90012', NULL, NULL),
(42, 'home', '3740 Cahuenga Blvd', '', 'Studio City', 'CA', '91604', NULL, NULL),
(43, 'home', '123 C Street', '', 'Studio City', 'CA', '91604', NULL, NULL),
(44, 'home', '123 C Street', '', 'Studio City', 'CA', '91604', NULL, NULL),
(55, 'home', '3740 Cahuenga Blvd', '', 'Studio City', 'CA', '91604', NULL, NULL),
(56, 'home', '123 Test', '', 'Los Angeles', 'CA', '90001', NULL, NULL),
(57, 'home', '3740 Cahuenga Blvd', '', 'Studio City', 'CA', '91604', NULL, NULL),
(58, 'home', 'Address 1', '', 'Studio City', 'CA', '91604', NULL, NULL),
(59, 'home', '3740 Cahuenga Blvd', '', 'Studio City', 'CA', '91604', NULL, NULL),
(60, 'home', '3740 Cahuenga Blvd', '', 'Studio City', 'CA', '91604', NULL, NULL),
(62, 'home', '3740 Cahuenga Blvd', '', 'Studio City', 'CA', '91604', NULL, NULL),
(64, 'home', 'Test Address', '', 'Test City', 'CA', '90001', NULL, NULL),
(65, 'home', '3740 Cahuenga Blvd', '', 'Studio City', 'CA', '91604', NULL, NULL),
(66, 'home', '3740 Cahuenga Blvd', '', 'Studio City', 'CA', '91604', NULL, NULL),
(67, 'home', '3740 Cahuenga Blvd', '', 'Studio City', 'CA', '91604', NULL, NULL),
(68, 'home', '105 Fairview Drive', '', 'Bedminster', 'NJ', '07921', NULL, NULL),
(69, 'home', '105 Fairview Drive', '', 'Bedminster', 'NJ', '07921', NULL, NULL),
(70, 'home', '81 Constitution Way', '', 'Basking Ridge', 'NJ', '07920', NULL, NULL),
(72, 'home', '3740 Cahuenga Blvd', '', 'Studio', 'CA', '91604', NULL, NULL),
(78, 'home', 'Test Address', '', 'Test City', 'CA', '90001', NULL, NULL),
(79, 'home', 'Test Address', '', 'Test City', 'CA', '90001', NULL, NULL),
(80, 'home', 'Test Address', '', 'Test City', 'CA', '90001', NULL, NULL),
(81, 'home', '3740 Cahuenga Blvd', '', 'Studio City', 'CA', '91604', NULL, NULL),
(83, 'home', 'Test Address', '', 'Test City', 'CA', '90001', NULL, NULL),
(84, 'home', 'TestAddress', '', 'TestCity', 'CA', '90001', NULL, NULL),
(86, 'home', '123 c street', '', 'los angeles', 'CA', '92084', NULL, NULL),
(92, 'home', '3740 Cahuenga Blvd', '', 'Studio City', 'CA', '91604', NULL, NULL),
(93, 'home', '1345 B Street', '', 'Los Angeles', 'CA', '90001', NULL, NULL),
(100, 'home', '123 Test St.', '', 'Los Angeles', 'CA', '90001', NULL, NULL),
(107, 'home', '145 Apple Way', NULL, '********************', 'CA', '91604', NULL, NULL),
(109, 'home', '3740 Cahuenga blvd', '', 'Studio City', 'CA', '91604', NULL, NULL),
(110, 'home', '123', '', 'La', 'CA', '90004', NULL, NULL),
(111, 'home', '3740 Cahuenga Blvd.', '', 'Studio City', 'CA', '91604', NULL, NULL),
(112, 'home', '3740 Cahuenga Blvd', '', 'Studio City', 'CA', '91604', NULL, NULL),
(113, 'home', '123', '', 'La', 'CA', '90001', NULL, NULL),
(114, 'home', '2651 Tanoble Drive', '', 'Altadena', 'CA', '91001', NULL, NULL),
(118, 'home', '150 Moon Bay', '', 'La Quinta', 'CA', '91730', NULL, NULL),
(120, 'home', '123 Test St.', '', 'Los Angeles', 'CA', '90001', NULL, NULL),
(121, 'home', '123 Asldkfj', '', 'Asjdflk', 'CA', '90001', NULL, NULL),
(131, 'home', '3740 Cahuenga Blvd', '', 'Studio City', 'CA', '91604', NULL, NULL),
(132, 'home', 'Test Address', '', 'Test', 'CA', '90001', NULL, NULL),
(142, 'home', '123', '', 'La', 'CA', '90001', NULL, NULL),
(146, 'home', '123', '', 'La', 'CA', '90006', NULL, NULL),
(162, 'home', '', '', '', '', '', NULL, NULL),
(191, 'home', '310 River Street', '', 'Abbeville', 'AL', '36310', NULL, NULL),
(192, 'home', '310, River Street', '', 'Scottsdale', 'AZ', '85255', NULL, NULL),
(193, 'home', 'Los Angeles', '', 'Los Angeles', 'CA', '90001', NULL, NULL),
(194, 'home', '123', '', 'La', 'CA', '90001', NULL, NULL),
(196, 'home', '3740 Cahuenga Blvd', '', 'Studio City', 'CA', '91604', NULL, NULL),
(197, 'home', '3740 Cahuenga Blvd', '', 'Studio City', 'CA', '91604', NULL, NULL),
(215, 'home', 'Los Angeles', '', 'Los Angeles', 'CA', '90001', NULL, NULL),
(216, 'home', 'Los Angeles', '', 'Los Angeles', 'CA', '90001', NULL, NULL),
(217, 'home', 'Los Angeles', '', 'Los Angeles', 'CA', '90001', NULL, NULL),
(232, 'home', '123', '', 'La', 'CA', '90005', NULL, NULL),
(233, 'home', '123', '', 'La', 'CA', '90003', NULL, NULL),
(235, 'home', '310, River Street', '', 'Scottsdale', 'AZ', '85255', NULL, NULL),
(236, 'home', '123 Testing', '', 'Los Angeles', 'CA', '90001', NULL, NULL),
(239, 'home', '123', '', 'La', 'CA', '90006', NULL, NULL),
(259, 'home', 'Test Address', '', 'Test', 'CA', '90001', NULL, NULL),
(260, 'home', '123 Main St.', '', 'Longmont', 'CO', '80501', NULL, NULL),
(261, 'home', '123', '', 'La', 'CA', '90001', NULL, NULL),
(262, 'home', '123 Main St.', '123 Main St.', 'Longmont', 'CO', '80501', NULL, NULL),
(263, 'home', '123', '', 'La', 'CA', '90001', NULL, NULL),
(264, 'home', 'Test Address', '', 'Test', 'CA', '90001', NULL, NULL),
(265, 'home', '123 Main St', '', 'North Hollywood', 'CA', '91604', NULL, NULL),
(266, 'home', '3740 Cahuenga Blvd', '', 'Studio City', 'CA', '91604', NULL, NULL),
(267, 'home', '123', '', 'La', 'CA', '90002', NULL, NULL),
(268, 'home', '3740 Cahuenga Blvd', '', 'Studio City', 'CA', '91604', NULL, NULL),
(269, 'home', 'Test Address', '', 'Test', 'CA', '90001', NULL, NULL),
(270, 'home', 'PO Box 135', '', 'Whitehouse', 'NJ', '08876', NULL, NULL),
(271, 'home', '3740 Cahuenga Blvd', '', 'Studio City', 'CA', '91604', NULL, NULL),
(272, 'home', '3740 Cahuenga Blvd', '', 'Studio City', 'CA', '91604', NULL, NULL),
(273, 'home', '123 A Street', '', 'Los Angeles', 'CA', '91604', NULL, NULL),
(274, 'home', '3740 Cahuenga Blvd', '', 'Studio City', 'CA', '91604', NULL, NULL),
(275, 'home', '123', '', 'La', 'CA', '90006', NULL, NULL),
(276, 'home', '', '', '', '', '', NULL, NULL),
(277, 'home', '3740 Cahuenga Blvd', '', 'Studio City', 'CA', '91604', NULL, NULL),
(278, 'home', '3740 Cahuenga Blvd', '', 'Studio City', 'CA', '91604', NULL, NULL),
(279, 'home', '3740 Cahuenga Blvd', '', 'Studio City', 'CA', '91604', NULL, NULL),
(280, 'home', '123 Main St', '', 'Longmont', 'CO', '80501', NULL, NULL),
(281, 'home', '3740 Cahuenga Blvd', '', 'Studio City', 'CA', '91604', NULL, NULL),
(282, 'home', '3740 Cahuenga Blvd', '', 'Studio City', 'CA', '91604', NULL, NULL),
(283, 'home', '3740 Cahuenga Blvd', '', 'Studio City', 'CA', '91604', NULL, NULL),
(284, 'home', '', '', '', '', '', NULL, NULL),
(285, 'home', '3740 Cahuenga Blvd', '', 'Studio City', 'CA', '91604', NULL, NULL),
(286, 'home', '123', '', 'La', 'CA', '90007', NULL, NULL),
(287, 'home', '123 C Street', '', 'Studio City', 'CA', '91604', NULL, NULL),
(288, 'home', '101 E Example Ln', '', 'Mesa', 'AZ', '85206', NULL, NULL),
(289, 'home', '3740 Cahuenga Blvd', '', 'Studio City', 'CA', '91604', NULL, NULL),
(290, 'home', '3740 Cahuenga Blvd', '', 'Studio City', 'CA', '91604', NULL, NULL),
(291, 'home', '3740 Cahuenga Blvd', '', 'Studio City', 'CA', '91604', NULL, NULL),
(292, 'home', '3740 Cahuenga Blvd', '', 'Studio City', 'CA', '91604', NULL, NULL),
(293, 'home', '3740 Cahuenga Blvd', '', 'Studio City', 'CA', '91604', NULL, NULL),
(294, 'home', '3740 Cahuenga Blvd.', '', 'Studio City', 'CA', '91604', NULL, NULL),
(295, 'home', '131 Testing Way', '', 'La', 'CA', '90001', NULL, NULL),
(296, 'home', 'Los Angeles', '', 'Los Angeles', 'CA', '90001', NULL, NULL),
(297, 'home', 'Test Address', '', 'Test', 'CA', '90001', NULL, NULL),
(298, 'home', '3740 Cahuenga Blvd', '', 'Studio City', 'CA', '91604', NULL, NULL),
(299, 'home', '3740 Cahuenga Blvd', '', 'Studio City', 'CA', '91604', NULL, NULL),
(300, 'home', '', '', '', '', '', NULL, NULL),
(301, 'home', '123 C St', '', 'Chico', 'CA', '95928', NULL, NULL),
(302, 'home', '3740 Cahuenga Blvd', '', 'Studio City', 'CA', '91604', NULL, NULL),
(303, 'home', '3740 Cahuenga Blvd', '', 'Studio City', 'CA', '91604', NULL, NULL),
(304, 'home', '310, River Street', '', 'Scottsdale', 'AZ', '85255', NULL, NULL),
(305, 'home', '3740 Cahuenga Blvd', '', 'Studio City', 'CA', '91604', NULL, NULL),
(306, 'home', '310, River Street', '', 'Scottsdale', 'AZ', '85255', NULL, NULL),
(307, 'home', '310 River Street', '', 'Scottsdale', 'AZ', '85255', NULL, NULL),
(308, 'home', '2222 Golfers Way', '', 'Green', 'CA', '92222', NULL, NULL),
(309, 'home', '3740 Cahuenga Blvd', '', 'Studio City', 'CA', '91604', NULL, NULL),
(310, 'home', '123', '', 'La', 'CA', '90001', NULL, NULL),
(311, 'home', 'Los Angeles', '', 'Los Angeles', 'CA', '90001', NULL, NULL),
(312, 'home', '3740 Cahuenga Blvd', '', 'Studio City', 'CA', '91604', NULL, NULL),
(313, 'home', 'Test Address', '', 'Test', 'CA', '90001', NULL, NULL),
(314, 'home', '3740 Cahuenga Blvd', '', 'Studio City', 'CA', '91604', NULL, NULL),
(315, 'home', '123', '', 'La', 'CA', '90001', NULL, NULL),
(316, 'home', '3740 Cahuenga Blvd', '', 'Studio City', 'CA', '91604', NULL, NULL),
(317, 'home', '212 S. 1St Ave', '', 'Los Angeles', 'CA', '90001', NULL, NULL),
(318, 'home', '3740 Cahuenga Blvd', '', 'Studio City', 'CA', '95928', NULL, NULL),
(319, 'home', '123', '', 'La', 'CA', '90001', NULL, NULL),
(320, 'home', '400', '', 'Logan', 'UT', '84321', NULL, NULL),
(321, 'home', '3740 Cahuenga Blvd', '', 'Studio City', 'CA', '91604', NULL, NULL),
(322, 'home', '3740 Cahuenga Blvd', '', 'Studio City', 'CA', '91604', NULL, NULL),
(323, 'home', '3740 Cahuenga Blvd', '', 'Studio City', 'CA', '91604', NULL, NULL),
(324, 'home', '1 Main Street', '', 'Ventura', 'CA', '93003', NULL, NULL),
(325, 'home', '45 Satellite Park', '', 'Scottsdale', 'AZ', '85255', NULL, NULL),
(326, 'home', '123 Main St.', '', 'Longmont', 'CO', '80501', NULL, NULL),
(327, 'home', '3740 Cahuenga Blvd', '', 'Chico', 'CA', '95928', NULL, NULL),
(328, 'home', '3740 Cahuenga Blvd', '', 'Studio City', 'CA', '91604', NULL, NULL),
(329, 'home', '3740 Cahuenga Blvd', '', 'Studio City', 'CA', '91604', NULL, NULL),
(330, 'home', '123 Main St', NULL, 'Los Angeles', 'CA', '91604', NULL, NULL),
(331, 'home', '101 E Example', '', 'Mesa', 'AZ', '85206', NULL, NULL),
(332, 'home', '2400 Admiral Baker Rd #3604', '', 'San Diego', 'CA', '92124', NULL, NULL),
(333, 'home', '3740 Cahuenga Blvd', '', 'Studio City', 'CA', '91604', NULL, NULL),
(334, 'home', '3740 Cahuenga Blvd', '', 'Studio City', 'CA', '91604', NULL, NULL),
(335, 'home', '123', '', 'La', 'CA', '90001', NULL, NULL),
(336, 'home', '101 E Example Lane', '', 'Mesa', 'AZ', '85206', NULL, NULL),
(337, 'home', '3740 Cahuenga Blvd', '', 'Studio City', 'CA', '91604', NULL, NULL),
(338, 'home', '123', '', 'La', 'CA', '90001', NULL, NULL),
(339, 'home', '3740 Cahuenga Blvd', '', 'Studio City', 'CA', '91604', NULL, NULL),
(340, 'home', '3740 Cahuenga Blvd', '', 'Studio City', 'CA', '91604', NULL, NULL),
(341, 'home', '3740 Cahuenga Blvd', '', 'Studio City', 'CA', '91604', NULL, NULL),
(342, 'home', '3740 Cahuenga Blvd', '', 'Studio City', 'CA', '91604', NULL, NULL),
(343, 'home', 'Los Angeles', '', 'Los Angeles', 'CA', '90001', NULL, NULL),
(344, 'home', '24116 Researched Dr', '', 'Farmington Hills', 'MI', '48335', NULL, NULL),
(345, 'home', '123', '', 'La', 'CA', '90005', NULL, NULL),
(346, 'home', '45, Satellite Park', '', 'Scottsdale', 'AZ', '85255', NULL, NULL),
(347, 'home', '3740 Cahuenga Blvd', '', 'Studio City', 'CA', '91604', NULL, NULL),
(348, 'home', '212 S. 1St Ave', '', 'Covina', 'CA', '91723', NULL, NULL),
(349, 'home', 'Los Angeles', '', 'Los Angeles', 'CA', '90001', NULL, NULL),
(350, 'home', '3740 Cahuenga', '', 'Studio City', 'CA', '91604', NULL, NULL),
(351, 'home', '3740 Cahuenga Blvd', '', 'Studio City', 'CA', '91604', NULL, NULL),
(352, 'home', '3740 Cahuenga Blvd', '', 'Studio City', 'CA', '91604', NULL, NULL),
(353, 'home', '3740 Cahuenga Blvd', '', 'Studio City', 'CA', '91604', NULL, NULL),
(354, 'home', '101 E Example Ln', '', 'Mesa', 'AZ', '85206', NULL, NULL),
(355, 'home', '3740 Cahuenga Blvd', '', 'Studio City', 'CA', '91604', NULL, NULL),
(356, 'home', '3740 Cahuenga Blvd', '', 'Studio City', 'CA', '91604', NULL, NULL),
(357, 'home', '4130 Aubrey Lane', '', 'Mentone', '*F', '00000', NULL, NULL),
(358, 'home', '600 South Main', '', 'Logan', 'UT', '84321', NULL, NULL),
(359, 'home', '3740 Cahuenga Blvd', '', 'Studio City', 'CA', '91604', NULL, NULL),
(360, 'home', '3741 Cahuenga Blvd', '', 'Studio City', 'CA', '91604', NULL, NULL),
(361, 'home', '105 Fairview Drive', '', 'Bedminster', 'NJ', '07921', NULL, NULL),
(362, 'home', '3740 Cahuenga Blvd', '', 'Studio City', 'CA', '91604', NULL, NULL),
(363, 'home', '3740 Cahuenga Blvd', '', 'Studio City', 'CA', '91604', NULL, NULL),
(364, 'home', '3740 Cahuenga Blvd', '', 'Studio City', 'CA', '91604', NULL, NULL),
(365, 'home', '123 C Street', '', 'Studio City', 'CA', '91604', NULL, NULL),
(366, 'home', '3740 Cahuenga Blvd', '', 'Studio City', 'CA', '91604', NULL, NULL),
(367, 'home', '3740 Caheunga Blvd', '', 'Studio City', 'CA', '91604', NULL, NULL),
(368, 'home', '3740 Cahuenga Blvd', '', 'S', 'CA', '91604', NULL, NULL),
(369, 'home', '3740 Cahuenga Blvd', '', 'Studio City', 'CA', '91604', NULL, NULL),
(370, 'home', '3740 Cahuenga Blvd', '', 'Studio City', 'CA', '91604', NULL, NULL),
(371, 'home', 'Los Angeles', '', 'Los Angeles', 'CA', '90001', NULL, NULL),
(372, 'home', '3740 Cahuenga Blvd', '', 'Studio City', 'CA', '91604', NULL, NULL),
(373, 'home', '3740 Cahuenga Blvd', '', 'Studio City', 'CA', '91604', NULL, NULL),
(374, 'home', '3740 Cahuenga Blvd', '', 'Studio City', 'CA', '91604', NULL, NULL),
(375, 'home', '3740 Cahuenga Blvd', '', 'Studio City', 'CA', '91604', NULL, NULL),
(376, 'home', '3740 Cahuenga Blvd', '', 'Studio City', 'CA', '91604', NULL, NULL),
(377, 'home', '3740 Cahuenga Blvd', '', 'Studio City', 'CA', '91604', NULL, NULL),
(378, 'home', '3740 Cahuenga Blvd', '', 'Studio City', 'CA', '91604', NULL, NULL),
(379, 'home', '101 E Example Lane', '', 'Mesa', 'AZ', '85206', NULL, NULL),
(380, 'home', '', '', '', '', '', NULL, NULL),
(381, 'home', '', '', '', '', '', NULL, NULL),
(382, 'home', '3740 Cahuenga Blvd', '', 'Studio City', 'CA', '91604', NULL, NULL),
(383, 'home', '28254 N. Via Sonata', '', 'Valencia', 'CA', '91354', NULL, NULL),
(384, 'home', 'Test Address', '', 'Lipa City', 'CA', '90001', NULL, NULL),
(385, 'home', '1 Main Street', '', 'Ventura', 'CA', '93003', NULL, NULL),
(386, 'home', '1 Main Street', '', 'Ventura', 'CA', '93303', NULL, NULL),
(387, 'home', '3740 Cahuenga Blvd', '', 'Studio City', 'CA', '91604', NULL, NULL),
(388, 'home', '3740 Cahuenga Blvd', '', 'Studio City', 'CA', '91604', NULL, NULL),
(389, 'home', '16150 Pomona Rincon Rd,', '', 'Chino Hills', 'CA', '91709', NULL, NULL),
(390, 'home', '3740 Cahuenga Blvd', '', 'Studio City', 'CA', '91604', NULL, NULL),
(391, 'home', '', '', '', '', '', NULL, NULL),
(392, 'home', '3740 Cahuenga Blvd', '', 'Studio City', 'CA', '91604', NULL, NULL),
(393, 'home', '', '', '', '', '', NULL, NULL),
(394, 'home', '', '', '', '', '', NULL, NULL),
(395, 'home', '', '', '', '', '', NULL, NULL),
(396, 'home', '', '', '', '', '', NULL, NULL),
(397, 'home', '', '', '', '', '', NULL, NULL),
(398, 'home', '', '', '', '', '', NULL, NULL),
(399, 'home', '123', '', 'La', 'CA', '90001', NULL, NULL),
(400, 'home', '123', '', 'La', 'CA', '90001', NULL, NULL),
(401, 'home', '', '', '', '', '', NULL, NULL),
(402, 'home', '', '', '', '', '', NULL, NULL),
(403, 'home', '', '', '', '', '', NULL, NULL),
(404, 'home', '', '', '', '', '', NULL, NULL),
(405, 'home', '', '', '', '', '', NULL, NULL),
(406, 'home', '', '', '', '', '', NULL, NULL),
(407, 'home', '3200 Lopez Road', '', 'Pebble Beach', 'CA', '93953', NULL, NULL);

--
-- Truncate table before insert `gn_customer_contact`
--

TRUNCATE TABLE `gn_customer_contact`;
--
-- Truncate table before insert `gn_customer_golf_clubs`
--

TRUNCATE TABLE `gn_customer_golf_clubs`;
--
-- Truncate table before insert `gn_customer_lead_status`
--

TRUNCATE TABLE `gn_customer_lead_status`;
--
-- Truncate table before insert `gn_customer_link`
--

TRUNCATE TABLE `gn_customer_link`;
--
-- Truncate table before insert `gn_customer_link_type`
--

TRUNCATE TABLE `gn_customer_link_type`;
--
-- Dumping data for table `gn_customer_link_type`
--

INSERT INTO `gn_customer_link_type` (`customer_link_type_cd`, `customer_link_value`) VALUES
('friend', 'Friend'),
('relative', 'Relative'),
('spouse', 'Spouse');

--
-- Truncate table before insert `gn_customer_pay_method`
--

TRUNCATE TABLE `gn_customer_pay_method`;
--
-- Truncate table before insert `gn_customer_role`
--

TRUNCATE TABLE `gn_customer_role`;
--
-- Truncate table before insert `gn_email_assn_settings`
--

TRUNCATE TABLE `gn_email_assn_settings`;
--
-- Truncate table before insert `gn_email_assn_template`
--

TRUNCATE TABLE `gn_email_assn_template`;
--
-- Truncate table before insert `gn_email_category`
--

TRUNCATE TABLE `gn_email_category`;
--
-- Dumping data for table `gn_email_category`
--

INSERT INTO `gn_email_category` (`email_category_cd`, `email_category_value`) VALUES
('cb', 'Club Billing'),
('ojr', 'Online Join Renew');

--
-- Truncate table before insert `gn_email_context`
--

TRUNCATE TABLE `gn_email_context`;
--
-- Dumping data for table `gn_email_context`
--

INSERT INTO `gn_email_context` (`email_context_cd`, `email_context_name`, `context_db_entity`) VALUES
('association', 'Association', 'Association'),
('club_bill', 'Club Bill', 'ClubBill'),
('club_service', 'Club Service', 'ClubService'),
('club_svc_customer', 'Club Service Customer', 'ClubServiceCustomer'),
('subscription', 'Subscription', 'Subscription'),
('transaction', 'Transaction', 'Transaction');

--
-- Truncate table before insert `gn_email_instance`
--

TRUNCATE TABLE `gn_email_instance`;
--
-- Dumping data for table `gn_email_instance`
--

INSERT INTO `gn_email_instance` (`email_instance_id`, `association_id`, `email_template_cd`, `context_id`, `email_subject`, `email_body`, `email_status_cd`, `status_datetime`, `priority`, `from_email_address`, `to_email_addresses`, `cc_email_addresses`) VALUES
(1, 1, 'email_golfer_join-success', 171, 'Thank you for joining San Diego', 'Marvin [last_name],\n\nThank you for joining San Diego and [sitename]. Your receipt is below. We have assigned you the following GHIN number, which you will use to post scores: 1781523. Should you have questions, please contact  at sdrake@scga.org.\n\n[cart]', 'pending', '2017-01-11 07:41:55', 1, 'Array', '["sdrake@scga.org"]', '[]'),
(2, 1, 'email_golfer_join-success', 172, 'Thank you for joining San Diego', 'Chris [last_name],\n\nThank you for joining San Diego and [sitename]. Your receipt is below. We have assigned you the following GHIN number, which you will use to post scores: 1783157. Should you have questions, please contact  at sdrake@scga.org.\n\n[cart]', 'pending', '2016-11-12 13:23:03', 1, 'Array', '["sdrake@scga.org"]', '[]'),
(3, 1, 'email_golfer_join-success', 174, 'Thank you for joining San Diego', 'Chris3 [last_name],\n\nThank you for joining San Diego and [sitename]. Your receipt is below. We have assigned you the following GHIN number, which you will use to post scores: 1783248. Should you have questions, please contact  at sdrake@scga.org.\n\n[cart]', 'pending', '2016-12-12 13:51:11', 1, 'Array', '["sdrake@scga.org"]', '[]');

--
-- Truncate table before insert `gn_email_status`
--

TRUNCATE TABLE `gn_email_status`;
--
-- Dumping data for table `gn_email_status`
--

INSERT INTO `gn_email_status` (`email_status_cd`, `email_status_value`) VALUES
('failed', 'Email send failed'),
('pending', 'Email pending to be sent'),
('sent', 'Email successfully sent');

--
-- Truncate table before insert `gn_email_template`
--

TRUNCATE TABLE `gn_email_template`;
--
-- Dumping data for table `gn_email_template`
--

INSERT INTO `gn_email_template` (`email_template_cd`, `email_context_cd`, `email_template_name`, `email_subject`, `email_body`, `is_enabled`, `email_category_cd`) VALUES
('email_assn_bills_processed', 'association', 'Bills processed (to association)', 'Bills processed through Golf Nations', 'Bill processing is complete.', 1, 'cb'),
('email_club_auto_renew-completed', 'transaction', 'Auto-renew Transaction Completed (to club)', 'Auto-renew transactions have processed', 'The following members of [membership_name] were automatically renewed on [auto_renewal_date]:\n\n[auto_renewal_member_success]\n\nThe following members were not renewed because their cards were declined:\n\n[auto_renewal_member_failure]\n\nPlease note, all members on the declined list were removed from auto-renewal.', 1, 'ojr'),
('email_club_auto_renew-disabled', 'transaction', 'Auto-renew Disabled Globally (to club)', 'Auto-renew disabled by club or association', 'Auto-renew has been cancelled for all [membership_name] members. All  members who were scheduled to auto-renew through this club will no longer be auto-renewed.', 1, 'ojr'),
('email_club_auto_renew-member-disabled', 'transaction', 'Auto-renew Disabled (to club)', 'Auto-renew cancelled by GHIN #[member_num]', '[first_name] [last_name], GHIN number [member_num], canceled auto-renewal for his/her membership. His/her membership will expire on [inactivate_date] unless he/she renews it through the [sitename]''s website.', 1, 'ojr'),
('email_club_batch_renew', 'transaction', 'Batch Renewal (to club)', 'Batch renewal payment receipt for [membership_name]', '', 1, 'ojr'),
('email_club_join-approved', 'transaction', 'Join - Approved (to club)', 'Application approved for [membership_name]', 'You successfully approved [first_name] [last_name] for membership in [membership_name]. This golfer was added to your club in GHIN and was issued the GHIN number [member_num]. The golfer was notified that the application was approved.', 1, 'ojr'),
('email_club_join-pending', 'transaction', 'Join - Pending (to club)', 'Application pending for [membership_name]', 'The following golfer applied for membership in [membership_name].\n\n[first_name] [last_name]\n[address_1]\n[city], [state] [zip]\n[email]\n\n<a href="[approve_url]">Approve Golfer</a>\n\n<a href="[reject_url]">Reject Golfer</a>', 1, 'ojr'),
('email_club_join-rejected', 'transaction', 'Join - Rejected (to club)', 'Application declined for [membership_name]', 'You successfully declined [first_name] [last_name] for membership in [membership_name]. The golfer was issued a refund for $[amount] and was notified that the application was declined.', 1, 'ojr'),
('email_club_join-success', 'transaction', 'Join - Complete (to club)', '[first_name] [last_name] joined [membership_name]', 'The following golfer joined [membership_name] on [date_paid]. This golfer was added to your club in GHIN and was issued the GHIN number [member_num].\n\n[first_name] [last_name]\n[address_1]\n[city], [state] [zip]\n[email]\nTransaction amount: $[amount]', 1, 'ojr'),
('email_club_refund', 'transaction', 'Refund - Complete (to club)', 'A refund has been processed for GHIN #[member_num]', '[sitename] has processed a refund for $[amount] through Golf Nations for GHIN# [member_num]. ', 1, 'ojr'),
('email_club_renew-success', 'transaction', 'Renew - Complete (to club)', 'GHIN #[member_num] renewed membership in [membership_name]', 'The following golfer renewed his/her [membership_name] membership on [date_paid]. \n\nGHIN number: [member_num] \n[first_name] [last_name]\n[address_1]\n[city], [state] [zip]\n[email]\nTransaction amount: $[amount]', 1, 'ojr'),
('email_golfer_join-approved', 'transaction', 'Join - Approved (to golfer)', 'Your [membership_name] membership was approved', 'Your application to [membership_name] was approved by the club. Your GHIN number, which you will use to post scores, is [member_num]. \n\nShould you have questions, please contact [contact_name] at [contact_email].', 1, 'ojr'),
('email_golfer_join-pending', 'transaction', 'Join - Pending (to golfer)', 'Thank you for applying for [membership_name]', '[first_name] [last_name],\n\nThank you for applying for membership in [membership_name]. Your receipt is below.\n\nYour membership is currently pending. If approved by the club, you will receive a confirmation email which will include your GHIN number, the number you will use when posting scores. If your application is declined by the club, you will receive a full refund of the fees listed above.\n\nShould you have questions, please contact [contact_name] at [contact_email].\n\n[cart]', 1, 'ojr'),
('email_golfer_join-rejected', 'transaction', 'Join - Rejected (to golfer)', 'Your [membership_name] membership was declined', 'Your application to [membership_name] was declined by the club. We have refunded $[amount] to your credit card. \n\nShould you have questions, please contact [contact_name] at [contact_email].', 1, 'ojr'),
('email_golfer_join-success', 'transaction', 'Join - Complete (to golfer)', 'Thank you for joining [membership_name]', '[first_name] [last_name],\n\nThank you for joining [membership_name] and [sitename]. Your receipt is below. We have assigned you the following GHIN number, which you will use to post scores: [member_num]. Should you have questions, please contact [contact_name] at [contact_email].\n\n[cart]', 1, 'ojr'),
('email_golfer_refund', 'transaction', 'Refund - Complete (to golfer)', 'A refund has been processed for GHIN #[member_num]', '[sitename] has processed a refund for $[amount] through Golf Nations for GHIN# [member_num].', 1, 'ojr'),
('email_golfer_renew-success', 'transaction', 'Renew - Complete (to golfer)', 'Renewal receipt for GHIN #[member_num]', '[first_name] [last_name],\n\nThank you for renewing your [membership_name] and [sitename] membership. Your receipt is below. Should you have any questions, please contact [contact_name] at [contact_email].\n\n[cart]', 1, 'ojr'),
('email_member_auto_renew-completed', 'transaction', 'Auto-renew Transaction Completed (to golfer)', 'Auto-renew transaction completed for GHIN #[member_num]', 'Auto-renewal of your [sitename] and [membership_name] membership was processed on [date_paid]. Payment details below.\n\n[amount]', 1, 'ojr'),
('email_member_auto_renew-disabled', 'transaction', 'Auto-renew Disabled (to golfer)', 'Auto-renew cancelled for GHIN #[member_num]', 'Auto-renewal for your [sitename] and [membership_name] has been canceled. Your membership will expire [inactivate_date]. To ensure continuation of your membership, you must renew it through the [sitename] website.', 1, 'ojr'),
('email_member_auto_renew-payment_declined', 'transaction', 'Auto-renew Payment Declined (to golfer)', 'Your auto-renewal payment was declined for GHIN #[member_num]', 'The credit card used for auto-renewal of your [sitename] and [membership_name] memberships was declined. Your membership will expire [inactivate_date]. To ensure continuation of your membership, you must renew it through the [sitename] website.\n\nPlease note, we have taken you off auto-renewal. If you would like your membership to be auto-renewed in the future you must recheck the auto-renew box when renewing your membership.', 1, 'ojr'),
('email_member_auto_renew-pre1', 'transaction', 'Auto-renew 1st Renewal Notice (to golfer)', '1st reminder: GHIN #[member_num] will be auto-renewed on [auto_renewal_date]', 'Auto-renewal of your [sitename] and [membership_name] membership will be processed on [auto_renewal_date] for the amount listed below.\n\n[cart]\n\nTo cancel auto-renewal for this membership, <a href="[auto_renewal_opt_out_url]">click here</a>. If you cancel auto-renewal, your membership will expire [inactivate_date].\n', 1, 'ojr'),
('email_member_auto_renew-pre2', 'transaction', 'Auto-renew 2nd Renewal Notice (to golfer)', '2nd reminder: GHIN #[member_num] will be auto-renewed on [auto_renewal_date]', 'Auto-renewal of your [sitename] and [membership_name] membership will be processed on [auto_renewal_date] for the amount listed below.\n\n[cart]\n\nTo cancel auto-renewal for this membership, <a href="[auto_renewal_opt_out_url]">click here</a>. If you cancel auto-renewal, your membership will expire [inactivate_date].', 1, 'ojr');

--
-- Truncate table before insert `gn_email_variable`
--

TRUNCATE TABLE `gn_email_variable`;
--
-- Dumping data for table `gn_email_variable`
--

INSERT INTO `gn_email_variable` (`email_variable_id`, `email_context_cd`, `replacement_token`, `variable_description`, `resolution_path`, `format_function`, `format_string`) VALUES
(1, 'club_svc_customer', 'first_name', 'Member First Name', 'ClubServiceCustomer->Customer->FirstName', NULL, NULL),
(2, 'club_svc_customer', 'last_name', 'Member Last Name', 'ClubServiceCustomer->Customer->LastName', NULL, NULL),
(3, 'club_svc_customer', 'email', 'Member Email', 'ClubServiceCustomer->Customer->Email', NULL, NULL),
(4, 'club_svc_customer', 'dob', 'Member Date of Birth', 'ClubServiceCustomer->Customer->DateOfBirth', NULL, NULL),
(5, 'club_svc_customer', 'gender', 'Member Gender', 'ClubServiceCustomer->Customer->Gender', NULL, NULL),
(6, 'club_svc_customer', 'address_1', 'Member Address 1', 'ClubServiceCustomer->Customer->CustomerAddress->Address1', NULL, NULL),
(7, 'club_svc_customer', 'address_2', 'Member Address 2', 'ClubServiceCustomer->Customer->CustomerAddress->Address2', NULL, NULL),
(8, 'club_svc_customer', 'city', 'Member City', 'ClubServiceCustomer->Customer->CustomerAddress->City', NULL, NULL),
(9, 'club_svc_customer', 'state', 'Member State', 'ClubServiceCustomer->Customer->CustomerAddress->State', NULL, NULL),
(10, 'club_svc_customer', 'zip', 'Member Zip', 'ClubServiceCustomer->Customer->CustomerAddress->Zip', NULL, NULL),
(11, 'club_svc_customer', 'member_num', 'GHIN Number / Member Number', 'ClubServiceCustomer->HpCustomerNum', NULL, NULL),
(12, 'club_svc_customer', 'contact_name', 'Club Contact Name', 'ClubServiceCustomer->ClubService->ClubServiceContact', NULL, NULL),
(13, 'club_svc_customer', 'membership_name', 'Club Name', 'ClubServiceCustomer->ClubService->ClubServiceName', NULL, NULL),
(14, 'club_svc_customer', 'contact_email', 'Club Contact Email', 'ClubServiceCustomer->ClubService->ClubServiceEmail', NULL, NULL),
(15, 'club_svc_customer', 'contact_phone', 'Club Contact Phone', 'ClubServiceCustomer->ClubService->ClubServicePhone', NULL, NULL),
(16, 'subscription', 'first_name', 'Member First Name', 'Subscription->ClubServiceCustomer->Customer->FirstName', NULL, NULL),
(17, 'subscription', 'last_name', 'Member Last Name', 'Subscription->ClubServiceCustomer->Customer->LastName', NULL, NULL),
(18, 'subscription', 'email', 'Member Email', 'Subscription->ClubServiceCustomer->Customer->Email', NULL, NULL),
(19, 'subscription', 'dob', 'Member Date of Birth', 'Subscription->ClubServiceCustomer->Customer->DateOfBirth', NULL, NULL),
(20, 'subscription', 'gender', 'Member Gender', 'Subscription->ClubServiceCustomer->Customer->Gender', NULL, NULL),
(21, 'subscription', 'address_1', 'Member Address 1', 'Subscription->ClubServiceCustomer->Customer->CustomerAddress->Address1', NULL, NULL),
(22, 'subscription', 'address_2', 'Member Address 2', 'Subscription->ClubServiceCustomer->Customer->CustomerAddress->Address2', NULL, NULL),
(23, 'subscription', 'city', 'Member City', 'Subscription->ClubServiceCustomer->Customer->CustomerAddress->City', NULL, NULL),
(24, 'subscription', 'state', 'Member State', 'Subscription->ClubServiceCustomer->Customer->CustomerAddress->State', NULL, NULL),
(25, 'subscription', 'zip', 'Member Zip', 'Subscription->ClubServiceCustomer->Customer->CustomerAddress->Zip', NULL, NULL),
(26, 'subscription', 'member_num', 'GHIN Number / Member Number', 'Subscription->ClubServiceCustomer->HpCustomerNum', NULL, NULL),
(27, 'subscription', 'contact_name', 'Club Contact Name', 'Subscription->ClubServiceCustomer->ClubService->ClubServiceContact', NULL, NULL),
(28, 'subscription', 'membership_name', 'Club Name', 'Subscription->ClubServiceCustomer->ClubService->ClubServiceName', NULL, NULL),
(29, 'subscription', 'contact_email', 'Club Contact Email', 'Subscription->ClubServiceCustomer->ClubService->ClubServiceEmail', NULL, NULL),
(30, 'subscription', 'contact_phone', 'Club Contact Phone', 'Subscription->ClubServiceCustomer->ClubService->ClubServicePhone', NULL, NULL),
(31, 'transaction', 'first_name', 'Member First Name', 'Transaction->Subscription->ClubServiceCustomer->Customer->FirstName', NULL, NULL),
(32, 'transaction', 'first_name', 'Member First Name', 'Transaction->Subscription->ClubServiceCustomer->Customer->FirstName', NULL, NULL),
(33, 'transaction', 'email', 'Member Email', 'Transaction->Subscription->ClubServiceCustomer->Customer->Email', NULL, NULL),
(34, 'transaction', 'dob', 'Member Date of Birth', 'Transaction->Subscription->ClubServiceCustomer->Customer->DateOfBirth', NULL, NULL),
(35, 'transaction', 'gender', 'Member Gender', 'Transaction->Subscription->ClubServiceCustomer->Customer->Gender', NULL, NULL),
(36, 'transaction', 'address_1', 'Member Address 1', 'Transaction->Subscription->ClubServiceCustomer->Customer->CustomerAddress->Address1', NULL, NULL),
(37, 'transaction', 'address_2', 'Member Address 2', 'Transaction->Subscription->ClubServiceCustomer->Customer->CustomerAddress->Address2', NULL, NULL),
(38, 'transaction', 'city', 'Member City', 'Transaction->Subscription->ClubServiceCustomer->Customer->CustomerAddress->City', NULL, NULL),
(39, 'transaction', 'state', 'Member State', 'Transaction->Subscription->ClubServiceCustomer->Customer->CustomerAddress->State', NULL, NULL),
(40, 'transaction', 'zip', 'Member Zip', 'Transaction->Subscription->ClubServiceCustomer->Customer->CustomerAddress->Zip', NULL, NULL),
(41, 'transaction', 'member_num', 'GHIN Number / Member Number', 'Transaction->Subscription->ClubServiceCustomer->HpCustomerNum', NULL, NULL),
(42, 'transaction', 'contact_name', 'Club Contact Name', 'Transaction->Subscription->ClubServiceCustomer->ClubService->ClubServiceContact', NULL, NULL),
(43, 'transaction', 'membership_name', 'Club Name', 'Transaction->Subscription->ClubServiceCustomer->ClubService->ClubServiceName', NULL, NULL),
(44, 'transaction', 'contact_email', 'Club Contact Email', 'Transaction->Subscription->ClubServiceCustomer->ClubService->ClubServiceEmail', NULL, NULL),
(45, 'transaction', 'contact_phone', 'Club Contact Phone', 'Transaction->Subscription->ClubServiceCustomer->ClubService->ClubServicePhone', NULL, NULL),
(46, 'transaction', 'date_paid', 'Date Paid', 'Transaction->ClubBillAdjustment->ClubPayment->PaymentDate', NULL, NULL),
(47, 'transaction', 'amount', 'Amount', 'Transaction->ClubBillAdjustment->ClubPayment->PaymentAmount', NULL, NULL);

--
-- Truncate table before insert `gn_email_variable_value`
--

TRUNCATE TABLE `gn_email_variable_value`;
--
-- Dumping data for table `gn_email_variable_value`
--

INSERT INTO `gn_email_variable_value` (`email_instance_id`, `email_variable_id`, `variable_value`) VALUES
(1, 31, 'Marvin'),
(1, 41, '1781523'),
(1, 42, ''),
(1, 43, 'San Diego'),
(1, 44, 'sdrake@scga.org'),
(2, 31, 'Chris'),
(2, 41, '1783157'),
(2, 42, ''),
(2, 43, 'San Diego'),
(2, 44, 'sdrake@scga.org'),
(3, 31, 'Chris3'),
(3, 41, '1783248'),
(3, 42, ''),
(3, 43, 'San Diego'),
(3, 44, 'sdrake@scga.org');

--
-- Truncate table before insert `gn_facility`
--

TRUNCATE TABLE `gn_facility`;
--
-- Truncate table before insert `gn_facility_type`
--

TRUNCATE TABLE `gn_facility_type`;
--
-- Truncate table before insert `gn_fee_level`
--

TRUNCATE TABLE `gn_fee_level`;
--
-- Dumping data for table `gn_fee_level`
--

INSERT INTO `gn_fee_level` (`fee_level_cd`, `fee_level_value`) VALUES
('assn', 'Association'),
('club', 'Club Membership');

--
-- Truncate table before insert `gn_fee_type`
--

TRUNCATE TABLE `gn_fee_type`;
--
-- Dumping data for table `gn_fee_type`
--

INSERT INTO `gn_fee_type` (`fee_type_cd`, `fee_type_value`) VALUES
('add_on', 'Add On'),
('base_fee', 'Base Fee'),
('discount', 'Discount');

--
-- Truncate table before insert `gn_gender_type`
--

TRUNCATE TABLE `gn_gender_type`;
--
-- Dumping data for table `gn_gender_type`
--

INSERT INTO `gn_gender_type` (`gender_type_cd`, `gender_value`) VALUES
('female', 'Women'),
('male', 'Men'),
('mixed', 'Men and Women');

--
-- Truncate table before insert `gn_global_settings`
--

TRUNCATE TABLE `gn_global_settings`;
--
-- Dumping data for table `gn_global_settings`
--

INSERT INTO `gn_global_settings` (`global_settings_id`, `gn_system_version`, `php_timezone`, `test_day_offset`, `testing_allowed`) VALUES
(1, '2.0.0', 'America/New_York', -30, 1);

--
-- Truncate table before insert `gn_golf_club_type`
--

TRUNCATE TABLE `gn_golf_club_type`;
--
-- Truncate table before insert `gn_golf_round`
--

TRUNCATE TABLE `gn_golf_round`;
--
-- Truncate table before insert `gn_handicap_provider`
--

TRUNCATE TABLE `gn_handicap_provider`;
--
-- Dumping data for table `gn_handicap_provider`
--

INSERT INTO `gn_handicap_provider` (`handicap_provider_id`, `handicap_provider_name`) VALUES
(1, 'ghin');

--
-- Truncate table before insert `gn_hole_score`
--

TRUNCATE TABLE `gn_hole_score`;
--
-- Truncate table before insert `gn_hp_synch_queue`
--

TRUNCATE TABLE `gn_hp_synch_queue`;
--
-- Dumping data for table `gn_hp_synch_queue`
--

INSERT INTO `gn_hp_synch_queue` (`hp_synch_id`, `club_customer_id`, `queue_add_datetime`, `status_datetime`, `synch_status_cd`) VALUES
(4, 269, '2017-01-12 01:38:48', '2017-01-12 01:38:48', 'complete'),
(6, 269, '2017-01-12 01:43:30', '2017-01-12 01:43:30', 'complete'),
(7, 269, '2017-01-12 11:36:09', '2017-01-12 11:36:09', 'error');

--
-- Truncate table before insert `gn_lead_type`
--

TRUNCATE TABLE `gn_lead_type`;
--
-- Truncate table before insert `gn_member_club`
--

TRUNCATE TABLE `gn_member_club`;
--
-- Dumping data for table `gn_member_club`
--

INSERT INTO `gn_member_club` (`club_id`, `association_id`, `hp_club_num`, `club_name`, `member_club_type_cd`, `display_in_directory`, `club_description`, `club_contact`, `club_email`, `club_phone`, `participate_in_ojr`, `display_in_widget`) VALUES
(1, 1, 100, 'Admiral Baker Golf Club', 'notspecified', 0, NULL, NULL, NULL, '8584517712', 1, 0),
(2, 1, 106, 'Aliso Viejo Country Club', 'notspecified', 0, NULL, NULL, NULL, '9495989200', 1, 0),
(3, 1, 107, 'Alta Vista Country Club', 'notspecified', 0, NULL, NULL, NULL, '7145281103', 1, 0),
(4, 1, 108, 'Altadena Golf Club', 'notspecified', 1, NULL, 'Jared Rivera', 'koconnor@scga.org', '6267973171', 1, 0),
(5, 1, 109, 'Anaheim Golf Association', 'notspecified', 0, NULL, NULL, NULL, '7147653481', 1, 0),
(6, 1, 110, 'Anaheim Hills Golf Club', 'notspecified', 0, NULL, NULL, NULL, '7142212729', 1, 0),
(7, 1, 111, 'Andalusia Country Club', 'notspecified', 0, NULL, NULL, NULL, '7607771050', 1, 0),
(8, 1, 112, 'Angeles National Golf Club', 'notspecified', 0, NULL, NULL, NULL, '8189518771', 1, 0),
(9, 1, 113, 'Annandale Golf Club', 'notspecified', 0, NULL, NULL, NULL, '6267958253', 1, 0),
(10, 1, 119, 'Ashwood Golf Course', 'notspecified', 0, NULL, NULL, NULL, '7602471610', 1, 0),
(11, 1, 143, 'Brentwood Country Club', 'notspecified', 0, NULL, NULL, NULL, '3104518011', 1, 0),
(12, 1, 153, 'Canyon Lake Men''s Golf Club', 'notspecified', 0, NULL, NULL, NULL, '9512461782', 1, 0),
(13, 1, 2002, '19Th Tee Golf Club', 'notspecified', 1, NULL, NULL, NULL, '5628183119', 1, 0),
(14, 1, 2003, '442Nd Golf Club', 'notspecified', 0, NULL, NULL, NULL, '7146795818', 1, 0),
(15, 1, 2007, 'A Weekend Golf Club', 'notspecified', 0, NULL, NULL, NULL, '8186355965', 1, 0),
(16, 1, 2008, 'A.A.G.C.', 'notspecified', 0, NULL, NULL, NULL, '7603429523', 1, 0),
(17, 1, 2009, 'ABC Golf Club', 'notspecified', 0, NULL, NULL, NULL, '', 1, 0),
(18, 1, 2010, 'Above Par Golf Club', 'notspecified', 0, NULL, NULL, NULL, '3104130010', 1, 0),
(19, 1, 2012, 'Acushnet Golf Club', 'notspecified', 0, NULL, NULL, NULL, '', 1, 0),
(20, 1, 2013, '', NULL, 0, NULL, NULL, NULL, NULL, 1, 0),
(21, 1, 2014, 'Aerolynx Golf Association', 'notspecified', 0, NULL, NULL, NULL, '8183637221', 1, 0),
(22, 1, 2015, 'Aes Southland Golf Club', 'notspecified', 0, NULL, NULL, NULL, '3108774957', 1, 0),
(23, 1, 2016, 'Ag-Brookside', 'notspecified', 0, NULL, NULL, NULL, '6265853592', 1, 0),
(24, 1, 2017, 'Ag-Eastlake CC', 'notspecified', 0, NULL, NULL, NULL, '', 1, 0),
(25, 1, 2018, 'Ag-El Dorado 131', 'notspecified', 0, NULL, NULL, NULL, '5624945000', 1, 0),
(26, 1, 2020, 'Ag-Knollwood', 'notspecified', 0, NULL, NULL, NULL, '8183638161', 1, 0),
(27, 1, 2023, '', NULL, 0, NULL, NULL, NULL, NULL, 1, 0),
(28, 1, 2025, 'Ag-Recreation Park 132', 'notspecified', 0, NULL, NULL, NULL, '5624945000', 1, 0),
(29, 1, 2026, 'Ag-Skylinks 134', 'notspecified', 0, NULL, NULL, NULL, '5624945000', 1, 0),
(30, 1, 2027, 'Ag-Vista Valencia', 'notspecified', 0, NULL, NULL, NULL, '6612531870', 1, 0),
(31, 1, 2028, 'Air Traffic Controller', 'notspecified', 0, NULL, NULL, NULL, '', 1, 0),
(32, 1, 2030, 'Aldila Golf Club', 'notspecified', 0, NULL, NULL, NULL, '', 1, 0),
(33, 1, 2031, 'Alhambra United G C', 'notspecified', 0, NULL, NULL, NULL, '7142270401', 1, 0),
(34, 1, 2032, 'All Green Golf Club', 'associate', 0, NULL, NULL, NULL, '2134452828', 1, 0),
(35, 1, 2033, 'Aloha Golf Club', 'notspecified', 0, NULL, NULL, NULL, '3109728398', 1, 0),
(36, 1, 2034, 'Alsri Golf Club', 'notspecified', 0, NULL, NULL, NULL, '', 1, 0),
(37, 1, 2035, 'Altadena Town & Cntry', 'notspecified', 0, NULL, NULL, NULL, '', 1, 0),
(38, 1, 2036, 'Amateurgolf.Com', 'notspecified', 0, NULL, NULL, NULL, '6502286832', 1, 0),
(39, 1, 2039, 'Amigolf Club San Diego', 'notspecified', 0, NULL, NULL, NULL, '6198612669', 1, 0),
(40, 1, 204, 'El Dorado Park Mens Golf Club', 'notspecified', 1, NULL, 'Rob Kuehn', 'robkuehn@hotmail.com', '5624305411', 1, 0),
(41, 1, 205, 'El Niguel Country Club', 'notspecified', 1, NULL, NULL, NULL, '9494962023', 1, 0),
(42, 1, 2510, 'San Diego Host G C', 'notspecified', 1, NULL, '', 'koconnor@scga.org', '8587616784', 1, 0),
(43, 1, 2692, 'Ventura County Filipino', 'notspecified', 0, NULL, '', 'koconnor@scga.org', '6199872649', 1, 0),
(44, 1, 2731, '3G Club', 'notspecified', 0, NULL, NULL, NULL, '6269679640', 1, 0),
(45, 1, 2747, '2Nd Street Golf Club', 'notspecified', 0, NULL, '', 'marvin@liquamedia.com', '5624589477', 1, 0),
(46, 1, 2831, 'AGC Coworker Club', 'associate', 0, NULL, NULL, NULL, '3106644228', 1, 0),
(47, 1, 2832, 'Ace Group of San Diego GC', 'notspecified', 1, NULL, NULL, NULL, '9099639624', 1, 0),
(48, 1, 2835, 'Filipino Golf Club of CA', 'associate', 0, NULL, '', 'koconnor@scga.org', '9092879617', 1, 0),
(49, 1, 2841, 'Advocating Women Lawyers GC', 'associate', 0, NULL, NULL, NULL, '3104464555', 1, 0),
(50, 1, 2885, '441 Gulpers Golf Club', 'associate', 0, NULL, NULL, NULL, '6196605539', 1, 0),
(51, 1, 3000, 'Akamai Mens Golf Club', 'notspecified', 0, NULL, NULL, NULL, '', 1, 0),
(52, 1, 3001, 'Altadena Senior Men''s GC', 'notspecified', 0, NULL, NULL, NULL, '6267918350', 1, 0),
(53, 1, 3117, 'South Bay Pub Links Golf Club', 'notspecified', 1, NULL, NULL, NULL, '3105294424', 1, 0),
(54, 1, 600, 'Almansor Men''s Golf Club', 'notspecified', 0, NULL, NULL, NULL, '6264979410', 1, 0),
(55, 1, 6000, 'Scga Eclub N Coast/Central Vly', 'notspecified', 1, NULL, 'Adam Dehoyas', 'koconnor@scga.org', '8189803630', 1, 0),
(56, 1, 6001, 'Scga Eclub La Metro/Ventura', 'notspecified', 1, NULL, 'Jeff Kerner', 'koconnor@scga.org', '8189803630', 1, 0),
(57, 1, 6002, 'Scga Eclub Orange Cty/I E', 'notspecified', 1, NULL, NULL, NULL, '8189803630', 1, 0),
(58, 1, 6003, 'Scga Eclub San Diego/Coachella', 'notspecified', 1, NULL, NULL, NULL, '8189803630', 1, 0),
(59, 1, 601, 'Alondra Park Men''s Golf Club', 'notspecified', 0, NULL, NULL, NULL, '3103738107', 1, 0),
(60, 1, 991, 'Liquamedia Test 991 Indio', 'notspecified', 1, NULL, '', 'jennea@golfnations.com', '8189803630', 1, 0),
(61, 1, 992, 'Liquamedia Test 992 San Clemen', 'notspecified', 1, NULL, 'Handicap Dept', 'jennea@golfnations.com', '', 1, 0),
(62, 1, 993, 'Stephanie''s Test Club', 'associate', 1, NULL, '', 'sdrake@scga.org', '1234567890', 1, 0),
(63, 1, 995, 'S C G A Test Club Studio City', 'notspecified', 1, NULL, '', 'koconnor@scga.org', '2136831481', 1, 0),
(64, 1, 998, 'Liquamedia Test 998', 'notspecified', 1, NULL, 'Jennea Bono', 'jennea@golfnations.com', '', 1, 0),
(65, 1, 101, 'Westchester', 'notspecified', 0, NULL, NULL, NULL, '3103832740', 0, 0),
(66, 1, 102, 'Casta Del Sol', 'notspecified', 0, NULL, NULL, NULL, '', 0, 0),
(67, 1, 103, 'Coyote Hills GC', 'notspecified', 0, NULL, NULL, NULL, '', 0, 0),
(68, 1, 105, 'Ben Brown''s Golf Course', 'notspecified', 0, NULL, NULL, NULL, '9494991919', 0, 0),
(69, 1, 114, 'Antelope Valley Country Club', 'notspecified', 0, NULL, NULL, NULL, '6618107132', 0, 0),
(70, 1, 115, 'Apple Valley Country Club', 'notspecified', 0, NULL, NULL, NULL, '7602423125', 0, 0),
(71, 1, 116, 'Arrowhead Country Club', 'notspecified', 0, NULL, NULL, NULL, '9098821638', 0, 0),
(72, 1, 118, 'Arroyo Trabuco Members Club', 'notspecified', 0, NULL, NULL, NULL, '9493055100', 0, 0),
(73, 1, 120, 'Avila Beach Resort Mens GC', 'notspecified', 0, NULL, NULL, NULL, '6143789632', 0, 0),
(74, 1, 121, 'Avondale Golf Club', 'notspecified', 0, NULL, NULL, NULL, '7603453712', 0, 0),
(75, 1, 123, 'Bakersfield Country Club', 'notspecified', 0, NULL, NULL, NULL, '6618714121', 0, 0),
(76, 1, 124, 'Balboa Park Mens Golf Club', 'notspecified', 0, NULL, NULL, NULL, '6192391660', 0, 0),
(77, 1, 125, 'Barbara Worth Golf Resort', 'notspecified', 0, NULL, NULL, NULL, '7607914911', 0, 0),
(78, 1, 126, 'Barona Creek Golf Club', 'notspecified', 0, NULL, NULL, NULL, '6193877018', 0, 0),
(79, 1, 127, 'Bear Creek Golf Club', 'notspecified', 0, NULL, NULL, NULL, '8009137242', 0, 0),
(80, 1, 128, 'Bear Mountain Golf Course', 'notspecified', 0, NULL, NULL, NULL, '9095858002', 0, 0),
(81, 1, 129, 'Bel-Air Country Club', 'notspecified', 0, NULL, NULL, NULL, '3104402423', 0, 0),
(82, 1, 130, 'Bermuda Dunes Country Club', 'notspecified', 0, NULL, NULL, NULL, '7603602481', 0, 0),
(83, 1, 131, 'Bernardo Heights Country Club', 'notspecified', 0, NULL, NULL, NULL, '7602718846', 0, 0),
(84, 1, 132, 'Big Canyon Country Club', 'notspecified', 0, NULL, NULL, NULL, '9496445404', 0, 0),
(85, 1, 133, 'Bighorn Golf Club', 'notspecified', 0, NULL, NULL, NULL, '7603414653', 0, 0),
(86, 1, 134, 'Birch Hills Golf Association', 'notspecified', 0, NULL, NULL, NULL, '7149900201', 0, 0),
(87, 1, 135, 'Birnam Wood Golf Club', 'notspecified', 0, NULL, NULL, NULL, '8059690919', 0, 0),
(88, 1, 136, 'Bixby Village Golf Course', 'public', 0, NULL, NULL, NULL, '5624987003', 0, 0),
(89, 1, 137, 'Black Gold Golf Club', 'notspecified', 0, NULL, NULL, NULL, '7149610060', 0, 0),
(90, 1, 138, 'Blacklake Golf Club', 'notspecified', 0, NULL, NULL, NULL, '8083431214', 0, 0),
(91, 1, 139, 'Blythe Mens Golf Association', 'notspecified', 0, NULL, NULL, NULL, '7609227272', 0, 0),
(92, 1, 140, 'Bonita Mens Golf Club', 'notspecified', 0, NULL, NULL, NULL, '6192671103', 0, 0),
(93, 1, 142, 'Braemar Country Club', 'notspecified', 0, NULL, NULL, NULL, '8183445172', 0, 0),
(94, 1, 144, 'Brookside Mens Golf Club', 'notspecified', 0, NULL, NULL, NULL, '8185015537', 0, 0),
(95, 1, 145, 'Buena Vista Golf Club', 'notspecified', 0, NULL, NULL, NULL, '6617635124', 0, 0),
(96, 1, 147, 'Calabasas Country Club', 'notspecified', 0, NULL, NULL, NULL, '8182223222', 0, 0),
(97, 1, 148, 'California Golf & Art CC', 'notspecified', 0, NULL, NULL, NULL, '9512469014', 0, 0),
(98, 1, 149, 'California Country Club', 'notspecified', 0, NULL, NULL, NULL, '6269684222', 0, 0),
(99, 1, 150, 'Camarillo Springs Mens GC', 'notspecified', 0, NULL, NULL, NULL, '8054841075', 0, 0),
(100, 1, 151, 'Candlewood Country Club', 'notspecified', 0, NULL, NULL, NULL, '5629415310', 0, 0),
(101, 1, 152, 'Canyon Crest Golf Club', 'notspecified', 0, NULL, NULL, NULL, '9512747906', 0, 0),
(102, 1, 154, 'Carlton Oaks Mens Club', 'notspecified', 0, NULL, NULL, NULL, '6194488500', 0, 0),
(103, 1, 155, 'Carmel Mountain Ranch Men''s GC', 'semiprivate', 0, NULL, NULL, NULL, '8584879224', 0, 0),
(104, 1, 156, 'Castle Creek Mens Golf Club', 'notspecified', 0, NULL, NULL, NULL, '7607510261', 0, 0),
(105, 1, 157, 'Catalina Mens Golf Club', 'notspecified', 0, NULL, NULL, NULL, '3105100530', 0, 0),
(106, 1, 158, 'Cathedral Canyon Mens GC', 'notspecified', 0, NULL, NULL, NULL, '7603286571', 0, 0),
(107, 1, 159, 'CC of Rancho Bernardo', 'notspecified', 0, NULL, NULL, NULL, '8585663397', 0, 0),
(108, 1, 160, 'Goat Hill Park Golf Course', 'notspecified', 0, NULL, NULL, NULL, '7604338590', 0, 0),
(109, 1, 161, 'Champions Club at the Retreat', 'notspecified', 0, NULL, NULL, NULL, '9512770562', 0, 0),
(110, 1, 162, 'Chaparral Country Club', 'notspecified', 0, NULL, NULL, NULL, '7603401501', 0, 0),
(111, 1, 163, 'Chevy Chase Country Club', 'notspecified', 0, NULL, NULL, NULL, '8182448461', 0, 0),
(112, 1, 164, 'China Lake Golf Club', 'notspecified', 0, NULL, NULL, NULL, '7609392990', 0, 0),
(113, 1, 165, 'Chula Vista Mens Golf Club', 'notspecified', 0, NULL, NULL, NULL, '6194794141', 0, 0),
(114, 1, 166, 'Cimarron Men''s Club', 'notspecified', 0, NULL, NULL, NULL, '7603270986', 0, 0),
(115, 1, 167, 'La Quinta Citrus Club', 'notspecified', 0, NULL, NULL, NULL, '7605647610', 0, 0),
(116, 1, 168, 'Club Campestre San Jose', 'notspecified', 0, NULL, NULL, NULL, '', 0, 0),
(117, 1, 169, 'Colton Golf Club', 'notspecified', 0, NULL, NULL, NULL, '9098771712', 0, 0),
(118, 1, 170, 'Coronado Mens Golf Club', 'notspecified', 0, NULL, NULL, NULL, '6194353121', 0, 0),
(119, 1, 171, 'Costa Mesa Golf & Country Club', 'notspecified', 0, NULL, NULL, NULL, '7145407500', 0, 0),
(120, 1, 172, 'Coto De Caza G & R Club', 'notspecified', 0, NULL, NULL, NULL, '9498582770', 0, 0),
(121, 1, 173, 'Cottonwood Mens Club', 'notspecified', 0, NULL, NULL, NULL, '6194429891', 0, 0),
(122, 1, 174, 'Cresta Verde Mens GA', 'notspecified', 0, NULL, NULL, NULL, '9517372255', 0, 0),
(123, 1, 175, 'Crosscreek Golf Club', 'notspecified', 0, NULL, NULL, NULL, '9515063402', 0, 0),
(124, 1, 176, 'Crossings at Carlsbad', 'notspecified', 0, NULL, NULL, NULL, '7604441800', 0, 0),
(125, 1, 177, 'Crystalaire Country Club', 'notspecified', 0, NULL, NULL, NULL, '6619442111', 0, 0),
(126, 1, 178, 'Cypress Ridge Golf Club', 'notspecified', 0, NULL, NULL, NULL, '8054747979', 0, 0),
(127, 1, 179, 'Date Palm Country Club', 'notspecified', 0, NULL, NULL, NULL, '7603281315', 0, 0),
(128, 1, 180, 'David L Baker Mens Golf Club', 'notspecified', 0, NULL, NULL, NULL, '9492949190', 0, 0),
(129, 1, 181, 'De Anza Desert', 'notspecified', 0, NULL, NULL, NULL, '7607675577', 0, 0),
(130, 1, 182, 'Del Mar Country Club', 'notspecified', 0, NULL, NULL, NULL, '8587595525', 0, 0),
(131, 1, 183, 'Del Rio Country Club', 'notspecified', 0, NULL, NULL, NULL, '8587595525', 0, 0),
(132, 1, 184, 'Delano Mens Golf Association', 'notspecified', 0, NULL, NULL, NULL, '6617784579', 0, 0),
(133, 1, 185, 'Desert Aire Golf Club', 'notspecified', 0, NULL, NULL, NULL, '6619434141', 0, 0),
(134, 1, 186, 'Desert Dunes Golf Club', 'notspecified', 0, NULL, NULL, NULL, '7602515370', 0, 0),
(135, 1, 187, 'Desert Falls Mens GA', 'notspecified', 0, NULL, NULL, NULL, '7603404653', 0, 0),
(136, 1, 188, 'Desert Horizons Country Club', 'notspecified', 0, NULL, NULL, NULL, '7603404651', 0, 0),
(137, 1, 189, 'Desert Island Country Club', 'notspecified', 0, NULL, NULL, NULL, '7603280841', 0, 0),
(138, 1, 190, 'Desert Princess Country Club', 'notspecified', 0, NULL, NULL, NULL, '7603222280', 0, 0),
(139, 1, 191, 'Desert Willow Golf Resort', 'notspecified', 0, NULL, NULL, NULL, '7613460015', 0, 0),
(140, 1, 192, 'Desert Winds Combat Center GC', 'notspecified', 0, NULL, NULL, NULL, '7604014813', 0, 0),
(141, 1, 193, 'Diamond Valley Golf Club', 'notspecified', 0, NULL, NULL, NULL, '9517670828', 0, 0),
(142, 1, 194, 'Dos Lagos Golf Club', 'notspecified', 0, NULL, NULL, NULL, '9512778787', 0, 0),
(143, 1, 196, 'Dove Canyon Golf Club', 'notspecified', 0, NULL, NULL, NULL, '9498582888', 0, 0),
(144, 1, 197, 'Eagle Crest Golf Club', 'notspecified', 0, NULL, NULL, NULL, '7607679762', 0, 0),
(145, 1, 198, 'Eagle Falls Golf Course', 'notspecified', 0, NULL, NULL, NULL, '7602385633', 0, 0),
(146, 1, 199, 'Eagle Glen Golf Club', 'notspecified', 0, NULL, NULL, NULL, '9512724653', 0, 0),
(147, 1, 200, 'Tukwet Canyon Mens Club', 'notspecified', 0, NULL, NULL, NULL, '9518450014', 0, 0),
(148, 1, 201, 'Eastlake Mens Club', 'notspecified', 0, NULL, NULL, NULL, '6194825757', 0, 0),
(149, 1, 202, 'El Caballero Country Club', 'notspecified', 0, NULL, NULL, NULL, '8186543092', 0, 0),
(150, 1, 203, 'El Camino Country Club', 'notspecified', 0, NULL, NULL, NULL, '7607570321', 0, 0),
(151, 1, 206, 'El Prado Mens Golf Club', 'notspecified', 0, NULL, NULL, NULL, '9095971753', 0, 0),
(152, 1, 208, 'Eldorado Country Club', 'notspecified', 0, NULL, NULL, NULL, '7603468081', 0, 0),
(153, 1, 209, 'Eldorado Golf Club', 'notspecified', 0, NULL, NULL, NULL, '', 0, 0),
(154, 1, 210, 'Elkins Ranch Golf Club', 'notspecified', 0, NULL, NULL, NULL, '8055241121', 0, 0),
(155, 1, 212, 'Encinitas Ranch Golf Course', 'notspecified', 0, NULL, NULL, NULL, '7609441936', 0, 0),
(156, 1, 215, 'Fairbanks Ranch Country Club', 'notspecified', 0, NULL, NULL, NULL, '8582598819', 0, 0),
(157, 1, 216, 'Fairmount Park Mens Golf Club', 'notspecified', 0, NULL, NULL, NULL, '9516822202', 0, 0),
(158, 1, 217, 'Fallbrook Golf Club', 'notspecified', 0, NULL, NULL, NULL, '7148715141', 0, 0),
(159, 1, 218, 'Aviara Golf Club', 'notspecified', 0, NULL, NULL, NULL, '7606036900', 0, 0),
(160, 1, 219, 'Fran''s Golf Club', 'notspecified', 0, NULL, NULL, NULL, '8005551212', 0, 0),
(161, 1, 220, 'Friendly Hills Country Club', 'notspecified', 0, NULL, NULL, NULL, '5626933623', 0, 0),
(162, 1, 221, 'Fullerton Mens Golf Club', 'notspecified', 0, NULL, NULL, NULL, '7149816204', 0, 0),
(163, 1, 222, 'General Old Golf Course', 'notspecified', 0, NULL, NULL, NULL, '9516976690', 0, 0),
(164, 1, 223, 'Glen Annie Mens Club', 'notspecified', 0, NULL, NULL, NULL, '8059686400', 0, 0),
(165, 1, 224, 'Glendora Country Club', 'notspecified', 0, NULL, NULL, NULL, '6263353713', 0, 0),
(166, 1, 225, 'Golf Club at Terra Lago', 'notspecified', 0, NULL, NULL, NULL, '7607752000', 0, 0),
(167, 1, 226, 'Golf Club of California', 'notspecified', 0, NULL, NULL, NULL, '7604513737', 0, 0),
(168, 1, 227, 'Goose Creek Golf Club', 'notspecified', 0, NULL, NULL, NULL, '9517353982', 0, 0),
(169, 1, 229, 'Green Tree Mens Club', 'public', 0, NULL, NULL, NULL, '7602454860', 0, 0),
(170, 1, 230, 'Griffith Park GC', 'notspecified', 0, NULL, NULL, NULL, '8189155883', 0, 0),
(171, 1, 231, 'Hacienda Golf Club', 'notspecified', 0, NULL, NULL, NULL, '5626973610', 0, 0),
(172, 1, 232, 'Heritage Palms Golf Club', 'notspecified', 0, NULL, NULL, NULL, '7607727334', 0, 0),
(173, 1, 234, 'Hidden Valley Golf Club', 'public', 0, NULL, NULL, NULL, '9517371010', 0, 0),
(174, 1, 235, 'Highland Springs Village GC', 'notspecified', 0, NULL, NULL, NULL, '9518453060', 0, 0),
(175, 1, 236, 'Highland Springs Country Club', 'notspecified', 0, NULL, NULL, NULL, '9518458044', 0, 0),
(176, 1, 237, 'Hillcrest Country Club', 'notspecified', 0, NULL, NULL, NULL, '3103006130', 0, 0),
(177, 1, 238, 'Horse Thief Mens Golf Club', 'notspecified', 0, NULL, NULL, NULL, '6618220748', 0, 0),
(178, 1, 239, 'Indian Canyons Golf Resort', 'notspecified', 0, NULL, NULL, NULL, '7608338725', 0, 0),
(179, 1, 241, 'Indian Hills Golf Club', 'notspecified', 0, NULL, NULL, NULL, '9513602090', 0, 0),
(180, 1, 242, 'Indian Palms Mens Golf Club', 'notspecified', 0, NULL, NULL, NULL, '7607754135', 0, 0),
(181, 1, 243, 'Indian Ridge Country Club', 'notspecified', 0, NULL, NULL, NULL, '7607727222', 0, 0),
(182, 1, 244, 'Indian Springs Golf & CC', 'notspecified', 0, NULL, NULL, NULL, '7602008988', 0, 0),
(183, 1, 245, 'Indian Wells Country Club', 'notspecified', 0, NULL, NULL, NULL, '7608080556', 0, 0),
(184, 1, 246, 'Indian Wells Golf Resort', 'notspecified', 0, NULL, NULL, NULL, '7603464653', 0, 0),
(185, 1, 247, 'Industry Hills Golf Club', 'notspecified', 0, NULL, NULL, NULL, '6266076932', 0, 0),
(186, 1, 248, 'Ironwood Country Club', 'notspecified', 0, NULL, NULL, NULL, '7603467811', 0, 0),
(187, 1, 249, 'Ivey Ranch Mens Golf Club', 'notspecified', 0, NULL, NULL, NULL, '7603432013', 0, 0),
(188, 1, 250, 'Journey at Pechanga', 'notspecified', 0, NULL, NULL, NULL, '9517704653', 0, 0),
(189, 1, 251, 'Kern Valley Mens Golf Club', 'notspecified', 0, NULL, NULL, NULL, '7603762828', 0, 0),
(190, 1, 252, 'La Canada-Flintridge CC', 'notspecified', 0, NULL, NULL, NULL, '8187600155', 0, 0),
(191, 1, 253, 'La Costa Resort & Spa', 'notspecified', 0, NULL, NULL, NULL, '7609317595', 0, 0),
(192, 1, 254, 'La Cumbre Golf & Country Club', 'notspecified', 0, NULL, NULL, NULL, '8056823131', 0, 0),
(193, 1, 255, 'La Jolla Country Club', 'notspecified', 0, NULL, NULL, NULL, '8585514653', 0, 0),
(194, 1, 256, 'La Purisima Mens Golf Club', 'notspecified', 0, NULL, NULL, NULL, '8057358395', 0, 0),
(195, 1, 257, 'La Quinta Country Club', 'notspecified', 0, NULL, NULL, NULL, '7605644151', 0, 0),
(196, 1, 258, 'Laguna Woods Mens Golf Club', 'notspecified', 0, NULL, NULL, NULL, '9495974276', 0, 0),
(197, 1, 259, 'Lake Arrowhead Country Club', 'notspecified', 0, NULL, NULL, NULL, '9093373515', 0, 0),
(198, 1, 261, 'Lake Lindero Mens Golf Club', 'notspecified', 0, NULL, NULL, NULL, '8188891158', 0, 0),
(199, 1, 262, 'St Mark Mens Golf Club', 'notspecified', 0, NULL, NULL, NULL, '7606858015', 0, 0),
(200, 1, 263, 'Lakeside Golf Club', 'notspecified', 0, NULL, NULL, NULL, '8189853335', 0, 0),
(201, 1, 265, 'Las Caras De Mexico', 'notspecified', 0, NULL, NULL, NULL, '8004042599', 0, 0),
(202, 1, 266, 'Las Posas Country Club', 'notspecified', 0, NULL, NULL, NULL, '8054824518', 0, 0),
(203, 1, 267, 'Links at Riverlakes Ranch', 'notspecified', 0, NULL, NULL, NULL, '6615875465', 0, 0),
(204, 1, 268, 'Lomas Santa Fe Mens Golf Club', 'notspecified', 0, NULL, NULL, NULL, '8587551547', 0, 0),
(205, 1, 269, 'Los Angeles Country Club', 'notspecified', 0, NULL, NULL, NULL, '', 0, 0),
(206, 1, 270, 'Los Angeles Royal Vista', 'notspecified', 0, NULL, NULL, NULL, '9095957441', 0, 0),
(207, 1, 271, 'Los Coyotes Country Club', 'notspecified', 0, NULL, NULL, NULL, '7149947777', 0, 0),
(208, 1, 272, 'Los Robles Greens Mens Club', 'notspecified', 0, NULL, NULL, NULL, '8054956421', 0, 0),
(209, 1, 273, 'Los Verdes Mens Golf Club', 'notspecified', 0, NULL, NULL, NULL, '3103755960', 0, 0),
(210, 1, 275, 'Maderas Golf Club', 'notspecified', 0, NULL, NULL, NULL, '8584518100', 0, 0),
(211, 1, 276, 'Malibu Golf Club', 'notspecified', 0, NULL, NULL, NULL, '3106863929', 0, 0),
(212, 1, 277, 'Marbella Country Club', 'notspecified', 0, NULL, NULL, NULL, '9492488590', 0, 0),
(213, 1, 278, 'Marrakesh Country Club', 'notspecified', 0, NULL, NULL, NULL, '7605682688', 0, 0),
(214, 1, 279, 'Marriott Desert Springs Resort', 'notspecified', 0, NULL, NULL, NULL, '7603411882', 0, 0),
(215, 1, 280, 'Marriott Shadow Ridge Resort', 'notspecified', 0, NULL, NULL, NULL, '7606742700', 0, 0),
(216, 1, 281, 'Marshallia Ranch Golf Course', 'notspecified', 0, NULL, NULL, NULL, '8055886880', 0, 0),
(217, 1, 282, 'Boulder Oaks Golf Club', 'notspecified', 0, NULL, NULL, NULL, '7607491620', 0, 0),
(218, 1, 283, 'Meadowlark Golf Club', 'notspecified', 0, NULL, NULL, NULL, '7144120799', 0, 0),
(219, 1, 284, 'Menifee Lakes Country Club', 'notspecified', 0, NULL, NULL, NULL, '9512399473', 0, 0),
(220, 1, 285, 'Mesa Verde Country Club', 'notspecified', 0, NULL, NULL, NULL, '7145490522', 0, 0),
(221, 1, 286, 'Mesquite Golf Club', 'notspecified', 0, NULL, NULL, NULL, '7606998794', 0, 0),
(222, 1, 287, 'Mexicali Country Club', 'private', 0, NULL, NULL, NULL, '5265636172', 0, 0),
(223, 1, 288, 'Mile Square Mens Golf Club', 'notspecified', 0, NULL, NULL, NULL, '7145457106', 0, 0),
(224, 1, 289, 'Miramar Mens Golf Club', 'notspecified', 0, NULL, NULL, NULL, '6197872981', 0, 0),
(225, 1, 290, 'Mission Hills Country Club', 'notspecified', 0, NULL, NULL, NULL, '7603249400', 0, 0),
(226, 1, 291, 'Mission Hills North Gc-Westin', 'notspecified', 0, NULL, NULL, NULL, '', 0, 0),
(227, 1, 292, 'Mission Hills Resort', 'notspecified', 0, NULL, NULL, NULL, '', 0, 0),
(228, 1, 293, 'Mission Lakes Country Club', 'notspecified', 0, NULL, NULL, NULL, '7603298061', 0, 0),
(229, 1, 294, 'Mission Trails Mens Golf Club', 'notspecified', 0, NULL, NULL, NULL, '6194605400', 0, 0),
(230, 1, 295, 'Mission Viejo Country Club', 'notspecified', 0, NULL, NULL, NULL, '9495821020', 0, 0),
(231, 1, 296, 'Ml-Meadowlark', 'notspecified', 0, NULL, NULL, NULL, '7148461364', 0, 0),
(232, 1, 297, 'Monarch Beach Golf Links', 'notspecified', 0, NULL, NULL, NULL, '9492408247', 0, 0),
(233, 1, 298, 'Monarch Dunes Golf Club', 'notspecified', 0, NULL, NULL, NULL, '8053439459', 0, 0),
(234, 1, 299, 'Montebello Mens Golf Club', 'notspecified', 0, NULL, NULL, NULL, '3237250892', 0, 0),
(235, 1, 300, 'Montecito Country Club', 'notspecified', 0, NULL, NULL, NULL, '8059690800', 0, 0),
(236, 1, 301, 'Monterey Country Club', 'notspecified', 0, NULL, NULL, NULL, '7604497982', 0, 0),
(237, 1, 302, 'Rams Hill Golf Club', 'private', 0, NULL, NULL, NULL, '7607673500', 0, 0),
(238, 1, 303, 'Moorpark Country Club', 'notspecified', 0, NULL, NULL, NULL, '8055322834', 0, 0),
(239, 1, 304, 'Moreno Valley Ranch Golf Club', 'notspecified', 0, NULL, NULL, NULL, '9519244444', 0, 0),
(240, 1, 305, 'Morgan Run Resort', 'notspecified', 0, NULL, NULL, NULL, '8587563255', 0, 0),
(241, 1, 306, 'Mountain Vista Club', 'notspecified', 0, NULL, NULL, NULL, '7602002200', 0, 0),
(242, 1, 307, 'Mountaingate Country Club', 'notspecified', 0, NULL, NULL, NULL, '3104762800', 0, 0),
(243, 1, 308, 'Mountain Meadows Mens Club', 'notspecified', 0, NULL, NULL, NULL, '9096233704', 0, 0),
(244, 1, 309, 'Mountain View Mens Golf Club', 'notspecified', 0, NULL, NULL, NULL, '8187181258', 0, 0),
(245, 1, 310, 'Mt Woodson Country Club', 'notspecified', 0, NULL, NULL, NULL, '7607883555', 0, 0),
(246, 1, 311, 'Mountain View CC at La Quinta', 'notspecified', 0, NULL, NULL, NULL, '7607714311', 0, 0),
(247, 1, 312, 'Muroc Lake Golf Course', 'notspecified', 0, NULL, NULL, NULL, '6612757888', 0, 0),
(248, 1, 313, 'Navy Golf Course Mens Club', 'notspecified', 0, NULL, NULL, NULL, '7148891576', 0, 0),
(249, 1, 314, 'Newport Beach Country Club', 'notspecified', 0, NULL, NULL, NULL, '9496449680', 0, 0),
(250, 1, 315, 'Newport Beach Golf Club', 'notspecified', 0, NULL, NULL, NULL, '7149609080', 0, 0),
(251, 1, 316, 'North Golf Course', 'notspecified', 0, NULL, NULL, NULL, '9513799668', 0, 0),
(252, 1, 317, 'North Kern Mens Golf Club', 'notspecified', 0, NULL, NULL, NULL, '6613990347', 0, 0),
(253, 1, 318, 'North Ranch Country Club', 'notspecified', 0, NULL, NULL, NULL, '8054961995', 0, 0),
(254, 1, 319, 'O''Donnell Golf Club', 'notspecified', 0, NULL, NULL, NULL, '7603252259', 0, 0),
(255, 1, 320, 'Oak Creek Golf Club', 'notspecified', 0, NULL, NULL, NULL, '9496535300', 0, 0),
(256, 1, 321, 'Oak Quarry Golf Club', 'notspecified', 0, NULL, NULL, NULL, '9516851440', 0, 0),
(257, 1, 322, 'Oak Tree Country Club', 'notspecified', 0, NULL, NULL, NULL, '6618215144', 0, 0),
(258, 1, 323, 'Oak Valley Golf Club', 'notspecified', 0, NULL, NULL, NULL, '9517697200', 0, 0),
(259, 1, 324, 'Oakmont Country Club', 'notspecified', 0, NULL, NULL, NULL, '8185424292', 0, 0),
(260, 1, 325, 'Oaks North Golf Club', 'notspecified', 0, NULL, NULL, NULL, '8584873021', 0, 0),
(261, 1, 327, 'Oceanside Mens Golf Club', 'associate', 0, NULL, NULL, NULL, '7604331360', 0, 0),
(262, 1, 328, 'Ojai Valley Country Club', 'notspecified', 0, NULL, NULL, NULL, '8056465511', 0, 0),
(263, 1, 329, 'Old Ranch Country Club', 'notspecified', 0, NULL, NULL, NULL, '5625964611', 0, 0),
(264, 1, 330, 'Bella Collina Towne & GC', 'notspecified', 0, NULL, NULL, NULL, '9494986604', 0, 0),
(265, 1, 331, 'Pala Mesa Mens Club', 'notspecified', 0, NULL, NULL, NULL, '7607316803', 0, 0),
(266, 1, 332, 'Palm Desert Country Club', 'notspecified', 0, NULL, NULL, NULL, '7603450222', 0, 0),
(267, 1, 333, 'Palm Desert Greens Mens Club', 'notspecified', 0, NULL, NULL, NULL, '7603469200', 0, 0),
(268, 1, 334, 'Palm Desert Resort Mens Club', 'notspecified', 0, NULL, NULL, NULL, '7603452791', 0, 0),
(269, 1, 335, 'Palm Valley Country Club', 'notspecified', 0, NULL, NULL, NULL, '7603452737', 0, 0),
(270, 1, 336, 'Palmilla Golf Club', 'notspecified', 0, NULL, NULL, NULL, '8006372226', 0, 0),
(271, 1, 337, 'Palos Verdes Golf Club', 'notspecified', 0, NULL, NULL, NULL, '3103752759', 0, 0),
(272, 1, 338, 'Pauma Valley Country Club', 'notspecified', 0, NULL, NULL, NULL, '7607421230', 0, 0),
(273, 1, 339, 'Pelican Hill Golf Club', 'associate', 0, NULL, NULL, NULL, '9494676800', 0, 0),
(274, 1, 340, 'Pendleton Mens GA', 'notspecified', 0, NULL, NULL, NULL, '2096066699', 0, 0),
(275, 1, 341, 'PGA West Private', 'notspecified', 0, NULL, NULL, NULL, '7605647100', 0, 0),
(276, 1, 342, 'Pico Rivera Golf Course', 'notspecified', 0, NULL, NULL, NULL, '3109776884', 0, 0),
(277, 1, 343, 'Pine Mountain Golf Club', 'notspecified', 0, NULL, NULL, NULL, '6612426973', 0, 0),
(278, 1, 345, 'Porter Valley Country Club', 'notspecified', 0, NULL, NULL, NULL, '8188846147', 0, 0),
(279, 1, 346, 'Primm Valley Golf Club', 'resort', 0, NULL, NULL, NULL, '7026795509', 0, 0),
(280, 1, 347, 'Puerto Los Cabos Golf Club', 'notspecified', 0, NULL, NULL, NULL, '', 0, 0),
(281, 1, 348, 'Ranch Course at the Alisal', 'notspecified', 0, NULL, NULL, NULL, '8056869455', 0, 0),
(282, 1, 349, 'Rancho Duarte Mens Golf Club', 'notspecified', 0, NULL, NULL, NULL, '6265316389', 0, 0),
(283, 1, 350, 'Rancho Resort Golf Club', 'notspecified', 0, NULL, NULL, NULL, '9517671788', 0, 0),
(284, 1, 351, 'Rancho La Quinta Country Club', 'notspecified', 0, NULL, NULL, NULL, '7607777799', 0, 0),
(285, 1, 352, 'Rancho Las Palmas Country Club', 'notspecified', 0, NULL, NULL, NULL, '7608624551', 0, 0),
(286, 1, 353, 'Rancho Maria Golf Club', 'notspecified', 0, NULL, NULL, NULL, '8059372019', 0, 0),
(287, 1, 354, 'Rancho Mirage Country Club', 'notspecified', 0, NULL, NULL, NULL, '7603244711', 0, 0),
(288, 1, 355, 'Rancho Park Golf Club', 'notspecified', 0, NULL, NULL, NULL, '3107147580', 0, 0),
(289, 1, 356, 'Rancho San Joaquin Golf Club', 'notspecified', 0, NULL, NULL, NULL, '9496326579', 0, 0),
(290, 1, 357, 'Rancho San Marcos Golf Course', 'notspecified', 0, NULL, NULL, NULL, '8056836334', 0, 0),
(291, 1, 358, 'The Farms', 'notspecified', 0, NULL, NULL, NULL, '8587565884', 0, 0),
(292, 1, 359, 'Rancho Santa Fe Golf Club', 'notspecified', 0, NULL, NULL, NULL, '8587563094', 0, 0),
(293, 1, 360, 'Rancho Sierra Mens Club', 'notspecified', 0, NULL, NULL, NULL, '6619461080', 0, 0),
(294, 1, 361, 'Rancho Vista Mens Club', 'notspecified', 0, NULL, NULL, NULL, '6612729903', 0, 0),
(295, 1, 362, 'Rancho Bernardo Inn Mens GC', 'notspecified', 0, NULL, NULL, NULL, '8584518566', 0, 0),
(296, 1, 363, 'Rcho San Joaquin Sr GA', 'notspecified', 0, NULL, NULL, NULL, '7147432533', 0, 0),
(297, 1, 364, 'Real Del Mar Golf Club', 'notspecified', 0, NULL, NULL, NULL, '7606662034', 0, 0),
(298, 1, 365, 'Red Hill Country Club', 'notspecified', 0, NULL, NULL, NULL, '9099824559', 0, 0),
(299, 1, 366, 'Redhawk Golf Course', 'notspecified', 0, NULL, NULL, NULL, '9513023850', 0, 0),
(300, 1, 367, 'Redlands Country Club', 'notspecified', 0, NULL, NULL, NULL, '9097931295', 0, 0),
(301, 1, 368, 'Rio Bravo Country Club', 'notspecified', 0, NULL, NULL, NULL, '6618714653', 0, 0),
(302, 1, 369, 'Rio Hondo Mens Club', 'notspecified', 0, NULL, NULL, NULL, '5629272329', 0, 0),
(303, 1, 370, 'River Course at Alisal', 'notspecified', 0, NULL, NULL, NULL, '8056886042', 0, 0),
(304, 1, 371, 'River Ridge Mens Golf Club', 'notspecified', 0, NULL, NULL, NULL, '8059534653', 0, 0),
(305, 1, 372, 'River View Mens Club', 'notspecified', 0, NULL, NULL, NULL, '7146440096', 0, 0),
(306, 1, 373, 'Riverwalk Golf Club', 'notspecified', 0, NULL, NULL, NULL, '6192964653', 0, 0),
(307, 1, 374, 'Riviera Country Club', 'notspecified', 0, NULL, NULL, NULL, '3104595395', 0, 0),
(308, 1, 375, 'Roadrunner Dunes Mens GC', 'notspecified', 0, NULL, NULL, NULL, '7603675770', 0, 0),
(309, 1, 376, 'Robinson Ranch', 'notspecified', 0, NULL, NULL, NULL, '6612527666', 0, 0),
(310, 1, 377, 'Rolling Hills Country Club', 'notspecified', 0, NULL, NULL, NULL, '3103267731', 0, 0),
(311, 1, 378, 'Rustic Canyon Club', 'notspecified', 0, NULL, NULL, NULL, '8055300221', 0, 0),
(312, 1, 379, 'Salt Creek Men''s Golf Club', 'notspecified', 0, NULL, NULL, NULL, '6194824666', 0, 0),
(313, 1, 380, 'San Bernardino Mens Golf Club', 'public', 0, NULL, NULL, NULL, '9098251670', 0, 0),
(314, 1, 381, 'San Clemente Mens Golf Club', 'notspecified', 0, NULL, NULL, NULL, '9494008646', 0, 0),
(315, 1, 382, 'San Diego Country Club', 'notspecified', 0, NULL, NULL, NULL, '6194220108', 0, 0),
(316, 1, 383, 'San Dimas Canyon Mens Club', 'notspecified', 0, NULL, NULL, NULL, '9099455630', 0, 0),
(317, 1, 384, 'San Gabriel Country Club', 'notspecified', 0, NULL, NULL, NULL, '6262876052', 0, 0),
(318, 1, 385, 'San Juan Hills Golf Club', 'notspecified', 0, NULL, NULL, NULL, '9493103417', 0, 0),
(319, 1, 387, 'San Vicente Golf Resort', 'notspecified', 0, NULL, NULL, NULL, '7604409817', 0, 0),
(320, 1, 388, 'Sandpiper Golf Club', 'notspecified', 0, NULL, NULL, NULL, '8059681541', 0, 0),
(321, 1, 389, 'Santa Ana Country Club', 'notspecified', 0, NULL, NULL, NULL, '7145457260', 0, 0),
(322, 1, 390, 'Santa Barbara Mens Golf Club', 'notspecified', 0, NULL, NULL, NULL, '8056877087', 0, 0),
(323, 1, 391, 'Santa Maria Country Club', 'notspecified', 0, NULL, NULL, NULL, '8059372027', 0, 0),
(324, 1, 393, 'Saticoy Country Club', 'notspecified', 0, NULL, NULL, NULL, '8054855216', 0, 0),
(325, 1, 394, 'Sea N Air Golf Club', 'notspecified', 0, NULL, NULL, NULL, '6195459659', 0, 0),
(326, 1, 395, 'Sea Pines Resort', 'notspecified', 0, NULL, NULL, NULL, '8055284653', 0, 0),
(327, 1, 396, 'Seabee Golf Club', 'notspecified', 0, NULL, NULL, NULL, '8059822620', 0, 0),
(328, 1, 397, 'Seacliff Country Club', 'notspecified', 0, NULL, NULL, NULL, '7145367575', 0, 0),
(329, 1, 398, 'Seven Hills Mens Golf Club', 'notspecified', 0, NULL, NULL, NULL, '9094895463', 0, 0),
(330, 1, 399, 'Seven Oaks Country Club', 'notspecified', 0, NULL, NULL, NULL, '6616646474', 0, 0),
(331, 1, 400, 'Shadow Hills Golf Club', 'notspecified', 0, NULL, NULL, NULL, '7605657586', 0, 0),
(332, 1, 401, 'Shadow Mountain Golf Club', 'notspecified', 0, NULL, NULL, NULL, '7603468242', 0, 0),
(333, 1, 402, 'Shadowridge Country Club', 'notspecified', 0, NULL, NULL, NULL, '7607277706', 0, 0),
(334, 1, 403, 'Shady Canyon Golf Club', 'notspecified', 0, NULL, NULL, NULL, '9498567000', 0, 0),
(335, 1, 404, 'Second Season Golf Club', 'notspecified', 0, NULL, NULL, NULL, '7603433309', 0, 0),
(336, 1, 405, 'Sherwood Country Club', 'notspecified', 0, NULL, NULL, NULL, '8054963036', 0, 0),
(337, 1, 406, 'Shorecliffs Mens Golf Club', 'notspecified', 0, NULL, NULL, NULL, '9494921177', 0, 0),
(338, 1, 407, 'Sierra La Verne Mens Golf Club', 'notspecified', 0, NULL, NULL, NULL, '9095962100', 0, 0),
(339, 1, 408, 'Sierra Lakes Golf Club', 'notspecified', 0, NULL, NULL, NULL, '9093502500', 0, 0),
(340, 1, 409, 'Silver Lakes Country Club', 'notspecified', 0, NULL, NULL, NULL, '7609626968', 0, 0),
(341, 1, 410, 'Silverrock Resort', 'notspecified', 0, NULL, NULL, NULL, '7607778884', 0, 0),
(342, 1, 411, 'Simi Hills Mens Golf Club', 'notspecified', 0, NULL, NULL, NULL, '8055220803', 0, 0),
(343, 1, 412, 'Skyline Ranch Golf Association', 'notspecified', 0, NULL, NULL, NULL, '7607490220', 0, 0),
(344, 1, 413, 'Soule Park Men''s Club', 'notspecified', 0, NULL, NULL, NULL, '8057507263', 0, 0),
(345, 1, 414, 'South Hills Country Club', 'notspecified', 0, NULL, NULL, NULL, '6263323222', 0, 0),
(346, 1, 415, 'Spanish Hills Golf & CC', 'notspecified', 0, NULL, NULL, NULL, '8053891644', 0, 0),
(347, 1, 416, 'Spring Valley Lake CC', 'notspecified', 0, NULL, NULL, NULL, '7602415600', 0, 0),
(348, 1, 417, 'Steele Canyon Golf Club', 'notspecified', 0, NULL, NULL, NULL, '6194416900', 0, 0),
(349, 1, 418, 'Sterling Hills Golf Club', 'notspecified', 0, NULL, NULL, NULL, '8056041234', 0, 0),
(350, 1, 419, 'Stockdale Country Club', 'notspecified', 0, NULL, NULL, NULL, '6618320587', 0, 0),
(351, 1, 420, 'Stone Eagle Golf Club', 'notspecified', 0, NULL, NULL, NULL, '7607736165', 0, 0),
(352, 1, 421, 'Stoneridge Mens Club', 'notspecified', 0, NULL, NULL, NULL, '8584872117', 0, 0),
(353, 1, 422, 'Strawberry Farms Golf Club', 'notspecified', 0, NULL, NULL, NULL, '9494420750', 0, 0),
(354, 1, 424, 'Sun Lakes Mens Golf Club', 'notspecified', 0, NULL, NULL, NULL, '9518452135', 0, 0),
(355, 1, 425, 'Suncrest Country Club', 'notspecified', 0, NULL, NULL, NULL, '7606741188', 0, 0),
(356, 1, 426, 'Sundale Country Club', 'notspecified', 0, NULL, NULL, NULL, '6618315224', 0, 0),
(357, 1, 427, 'Sunrise Country Club', 'notspecified', 0, NULL, NULL, NULL, '7603281139', 0, 0),
(358, 1, 428, 'Sunset Hills Country Club', 'notspecified', 0, NULL, NULL, NULL, '8054955407', 0, 0),
(359, 1, 430, 'Sycuan Men''s GC', 'notspecified', 0, NULL, NULL, NULL, '8004575568', 0, 0),
(360, 1, 431, 'Tahquitz Creek Palm Springs', 'notspecified', 0, NULL, NULL, NULL, '7603281005', 0, 0),
(361, 1, 432, 'Talega Golf Club', 'notspecified', 0, NULL, NULL, NULL, '9493696226', 0, 0),
(362, 1, 433, 'Tamarisk Country Club', 'notspecified', 0, NULL, NULL, NULL, '7603282141', 0, 0),
(363, 1, 434, 'Tecolote Canyon Golf Club', 'notspecified', 0, NULL, NULL, NULL, '8189803630', 0, 0),
(364, 1, 435, 'Tees & Trees Golf Club', 'military', 0, NULL, NULL, NULL, '7605776431', 0, 0),
(365, 1, 436, 'Temecula Creek Mens Golf Club', 'notspecified', 0, NULL, NULL, NULL, '9516762405', 0, 0),
(366, 1, 437, 'Temeku Hills Mens Golf Club', 'notspecified', 0, NULL, NULL, NULL, '9513758115', 0, 0),
(367, 1, 438, 'The Bridges at Rancho Santa Fe', 'notspecified', 0, NULL, NULL, NULL, '8587597200', 0, 0),
(368, 1, 439, 'The CC at Soboba Springs', 'notspecified', 0, NULL, NULL, NULL, '9516544300', 0, 0),
(369, 1, 440, 'The Classic Club', 'notspecified', 0, NULL, NULL, NULL, '7606013601', 0, 0),
(370, 1, 441, 'The Club at Morningside', 'notspecified', 0, NULL, NULL, NULL, '7603211555', 0, 0),
(371, 1, 442, 'The Colony Mens Golf Club', 'notspecified', 0, NULL, NULL, NULL, '9513049935', 0, 0),
(372, 1, 443, 'The Crosby', 'notspecified', 0, NULL, NULL, NULL, '8587566310', 0, 0),
(373, 1, 444, 'The Grand Golf Club', 'notspecified', 0, NULL, NULL, NULL, '8583141930', 0, 0),
(374, 1, 445, 'The Hideaway', 'notspecified', 0, NULL, NULL, NULL, '7607777400', 0, 0),
(375, 1, 446, 'The Lakes Country Club', 'notspecified', 0, NULL, NULL, NULL, '7605684321', 0, 0),
(376, 1, 447, 'The Madison Club', 'notspecified', 0, NULL, NULL, NULL, '7603914500', 0, 0),
(377, 1, 448, 'The Oasis Men''s Golf Club', 'notspecified', 0, NULL, NULL, NULL, '7603458965', 0, 0),
(378, 1, 449, 'The Palms Golf Club', 'notspecified', 0, NULL, NULL, NULL, '7607712606', 0, 0),
(379, 1, 450, 'The Plantation', 'notspecified', 0, NULL, NULL, NULL, '7607753688', 0, 0),
(380, 1, 451, 'The Quarry at La Quinta', 'notspecified', 0, NULL, NULL, NULL, '7607771100', 0, 0),
(381, 1, 452, 'The Reserve', 'notspecified', 0, NULL, NULL, NULL, '7606742240', 0, 0),
(382, 1, 453, 'The Santaluz Club', 'notspecified', 0, NULL, NULL, NULL, '8587593131', 0, 0),
(383, 1, 454, 'The Golf Club at Rancho Cal', 'notspecified', 0, NULL, NULL, NULL, '9516777446', 0, 0),
(384, 1, 455, 'The Springs at Borrego', 'notspecified', 0, NULL, NULL, NULL, '7607670004', 0, 0),
(385, 1, 456, 'The Springs Club', 'notspecified', 0, NULL, NULL, NULL, '7603280590', 0, 0),
(386, 1, 457, 'The Vineyard at Escondido', 'notspecified', 0, NULL, NULL, NULL, '7607359545', 0, 0),
(387, 1, 458, 'The Vintage Club', 'notspecified', 0, NULL, NULL, NULL, '7608622076', 0, 0),
(388, 1, 459, 'Thunderbird Country Club', 'notspecified', 0, NULL, NULL, NULL, '7603282161', 0, 0),
(389, 1, 460, 'Tierra Del Sol Mens Club', 'notspecified', 0, NULL, NULL, NULL, '7603732389', 0, 0),
(390, 1, 461, 'Tierra Rejada Golf Club', 'notspecified', 0, NULL, NULL, NULL, '8055319300', 0, 0),
(391, 1, 462, 'Tijeras Creek Golf Club', 'notspecified', 0, NULL, NULL, NULL, '9495899763', 0, 0),
(392, 1, 463, 'Tijuana Country Club', 'notspecified', 0, NULL, NULL, NULL, '8882171165', 0, 0),
(393, 1, 464, 'Torrey Pines Men''s GC', 'notspecified', 0, NULL, NULL, NULL, '6198895150', 0, 0),
(394, 1, 465, 'Toscana Country Club', 'notspecified', 0, NULL, NULL, NULL, '7604041457', 0, 0),
(395, 1, 466, 'TPC at Valencia', 'notspecified', 0, NULL, NULL, NULL, '6612887925', 0, 0),
(396, 1, 467, 'Tradition Golf Club', 'private', 0, NULL, NULL, NULL, '7605641067', 0, 0),
(397, 1, 468, 'Golf Club at La Quinta', 'notspecified', 0, NULL, NULL, NULL, '7607710707', 0, 0),
(398, 1, 469, 'The Golf Club at Glen Ivy', 'notspecified', 0, NULL, NULL, NULL, '9512777900', 0, 0),
(399, 1, 470, 'Trump National Golf Club', 'notspecified', 0, NULL, NULL, NULL, '3103033240', 0, 0),
(400, 1, 471, 'Tustin Ranch Golf Club', 'notspecified', 0, NULL, NULL, NULL, '7147301611', 0, 0),
(401, 1, 472, 'Twin Oaks Men''s Golf Club', 'notspecified', 0, NULL, NULL, NULL, '7605914700', 0, 0),
(402, 1, 473, 'Upland Hills Country Club', 'notspecified', 0, NULL, NULL, NULL, '9092574227', 0, 0),
(403, 1, 474, 'Valencia Country Club', 'notspecified', 0, NULL, NULL, NULL, '6612871880', 0, 0),
(404, 1, 475, 'Valley Club of Montecito', 'notspecified', 0, NULL, NULL, NULL, '8059694681', 0, 0),
(405, 1, 476, 'Vellano Country Club', 'notspecified', 0, NULL, NULL, NULL, '9095990323', 0, 0),
(406, 1, 477, 'Via Verde Country Club', 'notspecified', 0, NULL, NULL, NULL, '9095998486', 0, 0),
(407, 1, 478, 'Victoria Club', 'notspecified', 0, NULL, NULL, NULL, '9516845035', 0, 0),
(408, 1, 479, 'Village Country Club', 'notspecified', 0, NULL, NULL, NULL, '8057333537', 0, 0),
(409, 1, 480, 'Virginia Country Club', 'notspecified', 0, NULL, NULL, NULL, '5624245211', 0, 0),
(410, 1, 481, 'Vista Valencia Mens Golf Club', 'notspecified', 0, NULL, NULL, NULL, '6612550125', 0, 0),
(411, 1, 482, 'Vista Valley Country Club', 'notspecified', 0, NULL, NULL, NULL, '7607585275', 0, 0),
(412, 1, 483, 'Warner Springs Ranch', 'notspecified', 0, NULL, NULL, NULL, '7607651862', 0, 0),
(413, 1, 484, 'Welk Resort San Diego', 'notspecified', 0, NULL, NULL, NULL, '7607493225', 0, 0),
(414, 1, 485, 'West Winds Golf Club', 'notspecified', 0, NULL, NULL, NULL, '7609557979', 0, 0),
(415, 1, 486, 'Western Hills Golf & CC', 'notspecified', 0, NULL, NULL, NULL, '9094653728', 0, 0),
(416, 1, 487, 'Westlake Village Mens GC', 'notspecified', 0, NULL, NULL, NULL, '8188890770', 0, 0),
(417, 1, 488, 'Westridge Members Club', 'notspecified', 0, NULL, NULL, NULL, '5626904200', 0, 0),
(418, 1, 489, 'Whispering Lakes Golf Club', 'notspecified', 0, NULL, NULL, NULL, '9099233673', 0, 0),
(419, 1, 490, 'Willowbrook Mens Golf Club', 'notspecified', 0, NULL, NULL, NULL, '6195611061', 0, 0),
(420, 1, 491, 'Willowick Mens Club', 'notspecified', 0, NULL, NULL, NULL, '7145540672', 0, 0),
(421, 1, 492, 'Wilshire Country Club', 'notspecified', 0, NULL, NULL, NULL, '3239346050', 0, 0),
(422, 1, 493, 'Wood Ranch Golf Club', 'notspecified', 0, NULL, NULL, NULL, '8055227262', 0, 0),
(423, 1, 494, 'Woodhaven Country Club', 'notspecified', 0, NULL, NULL, NULL, '7603455305', 0, 0),
(424, 1, 495, 'Woodland Hills Country Club', 'notspecified', 0, NULL, NULL, NULL, '8183471476', 0, 0),
(425, 1, 496, 'Woods Valley Golf Club', 'notspecified', 0, NULL, NULL, NULL, '7605258369', 0, 0),
(426, 1, 497, 'Yorba Linda Country Club', 'notspecified', 0, NULL, NULL, NULL, '7147792467', 0, 0),
(427, 1, 498, 'Yucaipa Valley Golf Club', 'notspecified', 0, NULL, NULL, NULL, '9097906522', 0, 0),
(428, 1, 499, 'Diamante Cabo San Lucas', 'notspecified', 0, NULL, NULL, NULL, '8669011456', 0, 0),
(429, 1, 501, 'The Club at Querencia', 'notspecified', 0, NULL, NULL, NULL, '7137659937', 0, 0),
(430, 1, 502, 'Escena Golf Club', 'notspecified', 0, NULL, NULL, NULL, '7607782737', 0, 0),
(431, 1, 506, 'Loreto Bay Golf Club', 'public', 0, NULL, NULL, NULL, '8887567386', 0, 0),
(432, 1, 507, 'Hemet Mens Club', 'public', 0, NULL, NULL, NULL, '9519264653', 0, 0),
(433, 1, 508, 'Baja Country Club', 'public', 0, NULL, NULL, NULL, '6461775523', 0, 0),
(434, 1, 509, 'Baja Golfers Club', 'notspecified', 0, NULL, NULL, NULL, '6241456300', 0, 0),
(435, 1, 510, 'Club Vista Cortez', 'private', 0, NULL, NULL, NULL, '', 0, 0),
(436, 1, 511, 'Cabo San Lucas Country Club', 'notspecified', 0, NULL, NULL, NULL, '8882397951', 0, 0),
(437, 1, 512, 'Hawk''s Landing Players'' Assoc.', 'public', 0, NULL, NULL, NULL, '7603658815', 0, 0),
(438, 1, 514, 'Echo Hills Golf Club', 'public', 0, NULL, NULL, NULL, '9512302677', 0, 0),
(439, 1, 515, 'Quivira Golf Club', 'private', 0, NULL, NULL, NULL, '8189803630', 0, 0),
(440, 1, 516, 'Chileno Bay Golf Club', 'public', 0, NULL, NULL, NULL, '6241440014', 0, 0),
(441, 1, 517, 'Lakeview GC at Rio Bend', 'public', 0, NULL, NULL, NULL, '7603526638', 0, 0),
(442, 1, 518, '29 Palms Women''s Golf Club', 'notspecified', 0, NULL, NULL, NULL, '7604010513', 0, 0),
(443, 1, 534, 'Scholl Canyon Mens G C', 'notspecified', 0, NULL, NULL, NULL, '8182434100', 0, 0),
(444, 1, 602, 'Azusa Greens, the Club @', 'notspecified', 0, NULL, NULL, NULL, '6269691712', 0, 0),
(445, 1, 603, 'Burbank Men''s Golf Club', 'notspecified', 0, NULL, NULL, NULL, '', 0, 0),
(446, 1, 604, 'Calimesa Men''s Golf Club', 'notspecified', 0, NULL, NULL, NULL, '9096008504', 0, 0),
(447, 1, 605, 'Chester L. Washington', 'notspecified', 0, NULL, NULL, NULL, '2133617270', 0, 0),
(448, 1, 607, 'Diamond Bar Mens', 'notspecified', 0, NULL, NULL, NULL, '3106352466', 0, 0),
(449, 1, 608, 'Eaton Canyon Golf Club', 'notspecified', 0, NULL, NULL, NULL, '', 0, 0),
(450, 1, 609, 'El Cariso Men''s Golf Club', 'notspecified', 0, NULL, NULL, NULL, '', 0, 0),
(451, 1, 611, 'Foss Kern River Golf Club', 'notspecified', 0, NULL, NULL, NULL, '', 0, 0),
(452, 1, 612, 'Hansen Dam Men''s Golf Club', 'notspecified', 0, NULL, NULL, NULL, '8183591524', 0, 0),
(453, 1, 613, 'Harbor Park Men''s Golf Club', 'notspecified', 0, NULL, NULL, NULL, '', 0, 0),
(454, 1, 614, 'Jurupa Hills Golf Club', 'notspecified', 0, NULL, NULL, NULL, '9517884205', 0, 0),
(455, 1, 615, 'Knollwood Men''s Golf Club', 'notspecified', 0, NULL, NULL, NULL, '8183683964', 0, 0),
(456, 1, 616, 'La Mirada Golf Club', 'notspecified', 0, NULL, NULL, NULL, '', 0, 0),
(457, 1, 617, 'Lakewood Men''s Golf Club', 'notspecified', 0, NULL, NULL, NULL, '', 0, 0),
(458, 1, 618, 'Los Amigos Golf Club', 'notspecified', 0, NULL, NULL, NULL, '', 0, 0),
(459, 1, 619, 'Los Serranos Hills Golf Club', 'notspecified', 0, NULL, NULL, NULL, '', 0, 0),
(460, 1, 620, 'Marshall Canyon Mens Golf Club', 'notspecified', 0, NULL, NULL, NULL, '6262468283', 0, 0),
(461, 1, 621, 'Olivas Links Golf Club', 'notspecified', 0, NULL, NULL, NULL, '8056427989', 0, 0),
(462, 1, 622, 'Paradise Knolls Men''s', 'notspecified', 0, NULL, NULL, NULL, '9516852633', 0, 0),
(463, 1, 623, 'Penmar Golf Club', 'notspecified', 0, NULL, NULL, NULL, '3106263929', 0, 0),
(464, 1, 624, 'Recreation Park Golf Club', 'notspecified', 0, NULL, NULL, NULL, '5624317676', 0, 0),
(465, 1, 625, 'Rivers Edge', 'notspecified', 0, NULL, NULL, NULL, '', 0, 0),
(466, 1, 626, 'Roosevelt Golf Club', 'notspecified', 0, NULL, NULL, NULL, '6262552007', 0, 0),
(467, 1, 627, 'Santa Anita Golf Club', 'notspecified', 0, NULL, NULL, NULL, '9097821091', 0, 0),
(468, 1, 629, 'Sepulveda Men''s Golf Club', 'notspecified', 0, NULL, NULL, NULL, '9492310097', 0, 0),
(469, 1, 630, 'Shandin Hills', 'notspecified', 0, NULL, NULL, NULL, '9097923343', 0, 0),
(470, 1, 631, 'Skylinks Men''s Golf Club', 'notspecified', 0, NULL, NULL, NULL, '5625961456', 0, 0),
(471, 1, 632, 'South Course Men''s Golf Club', 'notspecified', 0, NULL, NULL, NULL, '3107793811', 0, 0),
(472, 1, 633, 'The Links at Summerly', 'notspecified', 0, NULL, NULL, NULL, '9516743900', 0, 0),
(473, 1, 634, 'Ventura Men''s Golf Club', 'notspecified', 0, NULL, NULL, NULL, '', 0, 0),
(474, 1, 637, 'Whittier Narrows', 'notspecified', 0, NULL, NULL, NULL, '6267053910', 0, 0),
(475, 1, 638, 'Woodley Lakes', 'notspecified', 0, NULL, NULL, NULL, '', 0, 0),
(476, 1, 950, 'Long Beach Golf Festival', 'public', 0, NULL, NULL, NULL, '', 0, 0),
(477, 1, 990, 'Fore Magazine', 'notspecified', 0, NULL, NULL, NULL, '', 0, 0),
(478, 1, 994, 'Scga Course Raters', 'notspecified', 0, NULL, NULL, NULL, '', 0, 0),
(479, 1, 996, 'Scga R & C Committee', 'associate', 0, NULL, NULL, NULL, '', 0, 0),
(480, 1, 997, 'S C G Ax', 'notspecified', 0, NULL, NULL, NULL, '8009137242', 0, 0),
(481, 1, 999, 'Liquamedia 999', 'notspecified', 0, NULL, NULL, NULL, '', 0, 0),
(482, 1, 2038, 'American Honda Golf C', 'notspecified', 0, NULL, NULL, NULL, '', 0, 0),
(483, 1, 2042, 'Anteater Golf Club', 'notspecified', 0, NULL, NULL, NULL, '9498246979', 0, 0),
(484, 1, 2044, 'Argyle Golf Club', 'notspecified', 0, NULL, NULL, NULL, '3103877600', 0, 0),
(485, 1, 2045, 'Arrowood Mens Club', 'notspecified', 0, NULL, NULL, NULL, '', 0, 0),
(486, 1, 2046, 'Asahi Golf Club', 'notspecified', 0, NULL, NULL, NULL, '', 0, 0),
(487, 1, 2048, 'Atom Club', 'notspecified', 0, NULL, NULL, NULL, '', 0, 0),
(488, 1, 2050, 'Auwanas Golf Club', 'notspecified', 0, NULL, NULL, NULL, '', 0, 0),
(489, 1, 2051, 'Avd Golf Club', 'notspecified', 0, NULL, NULL, NULL, '', 0, 0),
(490, 1, 2052, 'Azusa Greens Golf Club', 'notspecified', 0, NULL, NULL, NULL, '6269691727', 0, 0),
(491, 1, 2053, 'Babcock Golf Club', 'notspecified', 0, NULL, NULL, NULL, '', 0, 0),
(492, 1, 2056, 'Ballbusters Golf Club', 'notspecified', 0, NULL, NULL, NULL, '', 0, 0),
(493, 1, 2057, 'Bar Stewards Golf Club', 'notspecified', 0, NULL, NULL, NULL, '9493221969', 0, 0),
(494, 1, 2058, 'Barney & Barney G C', 'notspecified', 0, NULL, NULL, NULL, '', 0, 0),
(495, 1, 2060, 'Bbg Golf Club', 'notspecified', 0, NULL, NULL, NULL, '8587741154', 0, 0),
(496, 1, 2061, 'Beach Cities Firefighters', 'notspecified', 0, NULL, NULL, NULL, '', 0, 0),
(497, 1, 2062, 'Bcsgc', 'notspecified', 0, NULL, NULL, NULL, '', 0, 0),
(498, 1, 2063, 'Bechtel Golf Assn', 'notspecified', 0, NULL, NULL, NULL, '9498428392', 0, 0),
(499, 1, 2064, 'Bellflower Lions', 'notspecified', 0, NULL, NULL, NULL, '5629255005', 0, 0),
(500, 1, 2065, 'Best Ball Golf Club', 'notspecified', 0, NULL, NULL, NULL, '9496772632', 0, 0),
(501, 1, 2068, 'Bic Golf Club', 'notspecified', 0, NULL, NULL, NULL, '8184399165', 0, 0),
(502, 1, 2069, 'Big Golf Club', 'notspecified', 0, NULL, NULL, NULL, '3239245543', 0, 0),
(503, 1, 2071, 'Blue Sky Golf Tours', 'notspecified', 0, NULL, NULL, NULL, '3104032971', 0, 0),
(504, 1, 2072, 'Boeing Fmgl', 'notspecified', 0, NULL, NULL, NULL, '', 0, 0),
(505, 1, 2073, 'Boeing Space Golf Club', 'notspecified', 0, NULL, NULL, NULL, '', 0, 0),
(506, 1, 2076, 'Borrego Springs Mens', 'notspecified', 0, NULL, NULL, NULL, '7604454706', 0, 0),
(507, 1, 2077, 'Bow & Arrow Golf Club', 'notspecified', 0, NULL, NULL, NULL, '', 0, 0),
(508, 1, 2078, 'Briarwood Golf Club', 'notspecified', 0, NULL, NULL, NULL, '7605603462', 0, 0),
(509, 1, 2079, 'Bro Golf Club', 'notspecified', 0, NULL, NULL, NULL, '3103793805', 0, 0),
(510, 1, 2080, 'Broken Tee GC', 'notspecified', 0, NULL, NULL, NULL, '3109898834', 0, 0),
(511, 1, 2081, 'Brookside Womens Hco', 'notspecified', 0, NULL, NULL, NULL, '6265774497', 0, 0),
(512, 1, 2082, 'Brunswick Golf Club', 'notspecified', 0, NULL, NULL, NULL, '9493381208', 0, 0),
(513, 1, 2083, 'Bsgh Golfing Assn', 'notspecified', 0, NULL, NULL, NULL, '6613134409', 0, 0),
(514, 1, 2085, 'Burbank C C on Wheels', 'notspecified', 0, NULL, NULL, NULL, '8184892798', 0, 0),
(515, 1, 2086, 'Burbank Firefighters GA', 'notspecified', 0, NULL, NULL, NULL, '8184377730', 0, 0),
(516, 1, 2087, 'Burgermasters Golf Club', 'notspecified', 0, NULL, NULL, NULL, '6263781306', 0, 0),
(517, 1, 2088, 'Bushwood Golf Club', 'notspecified', 0, NULL, NULL, NULL, '', 0, 0),
(518, 1, 2089, 'Cds Men''s Golf Club', 'notspecified', 0, NULL, NULL, NULL, '', 0, 0),
(519, 1, 2090, 'C S U F Golf Club', 'notspecified', 0, NULL, NULL, NULL, '9496330413', 0, 0),
(520, 1, 2091, 'CA Air-Guard Rec G Org', 'notspecified', 0, NULL, NULL, NULL, '', 0, 0),
(521, 1, 2092, 'Cabrillo Links G C', 'notspecified', 0, NULL, NULL, NULL, '8583445452', 0, 0),
(522, 1, 2095, 'Callaway Golf Club', 'notspecified', 0, NULL, NULL, NULL, '', 0, 0),
(523, 1, 2096, 'Callen Invitational G T', 'notspecified', 0, NULL, NULL, NULL, '6192449730', 0, 0),
(524, 1, 2098, 'Camarillo Springs G C', 'notspecified', 0, NULL, NULL, NULL, '8057918166', 0, 0);
INSERT INTO `gn_member_club` (`club_id`, `association_id`, `hp_club_num`, `club_name`, `member_club_type_cd`, `display_in_directory`, `club_description`, `club_contact`, `club_email`, `club_phone`, `participate_in_ojr`, `display_in_widget`) VALUES
(525, 1, 2099, 'Camarillo Springs Sr GC', 'notspecified', 0, NULL, NULL, NULL, '8054988308', 0, 0),
(526, 1, 2101, 'Casinos Golf Club', 'notspecified', 0, NULL, NULL, NULL, '7144259832', 0, 0),
(527, 1, 2103, 'Center Club Oc Golf Society', 'associate', 0, NULL, NULL, NULL, '7144383854', 0, 0),
(528, 1, 2105, 'Sycuan Golf Resort', 'notspecified', 0, NULL, NULL, NULL, '6194423425', 0, 0),
(529, 1, 2106, 'Chan Pon Golf Club', 'notspecified', 0, NULL, NULL, NULL, '', 0, 0),
(530, 1, 2109, 'Chic-A-Shay', 'notspecified', 0, NULL, NULL, NULL, '', 0, 0),
(531, 1, 2110, 'Chiefs Golf Club', 'notspecified', 0, NULL, NULL, NULL, '3107531536', 0, 0),
(532, 1, 2112, 'City Club Los Angeles', 'notspecified', 0, NULL, NULL, NULL, '3234962050', 0, 0),
(533, 1, 2114, 'Clarence Shaw Mem G L', 'notspecified', 0, NULL, NULL, NULL, '6263192403', 0, 0),
(534, 1, 2115, 'Clash of the Ash', 'notspecified', 0, NULL, NULL, NULL, '6193796249', 0, 0),
(535, 1, 2116, 'Cleveland GC at Wstridg', 'notspecified', 0, NULL, NULL, NULL, '7143625680', 0, 0),
(536, 1, 2118, 'Club 1872 Golf Assn', 'notspecified', 0, NULL, NULL, NULL, '5628972335', 0, 0),
(537, 1, 2119, 'Club 42', 'notspecified', 0, NULL, NULL, NULL, '7145370106', 0, 0),
(538, 1, 2122, 'Club Orange', 'notspecified', 0, NULL, NULL, NULL, '', 0, 0),
(539, 1, 2123, 'Club Xix Golf Group', 'notspecified', 0, NULL, NULL, NULL, '3107109897', 0, 0),
(540, 1, 2124, 'California Myanmar Golf Club', 'notspecified', 0, NULL, NULL, NULL, '', 0, 0),
(541, 1, 2125, 'Coast Golfers San Diego', 'notspecified', 0, NULL, NULL, NULL, '7605804735', 0, 0),
(542, 1, 2126, 'Colton Senior Mens Club', 'notspecified', 0, NULL, NULL, NULL, '', 0, 0),
(543, 1, 2127, 'Commerce Golf Assn', 'notspecified', 0, NULL, NULL, NULL, '5628573675', 0, 0),
(544, 1, 2133, 'Costa Mesa Srs Golf Asn', 'notspecified', 0, NULL, NULL, NULL, '7148933209', 0, 0),
(545, 1, 2134, 'Cottonwood Players Club', 'notspecified', 0, NULL, NULL, NULL, '6198891641', 0, 0),
(546, 1, 2135, 'Crown City Golf Assn', 'notspecified', 0, NULL, NULL, NULL, '6267577371', 0, 0),
(547, 1, 2136, 'Csc Golf League', 'notspecified', 0, NULL, NULL, NULL, '6197494924', 0, 0),
(548, 1, 2138, 'Cubic Golf Club', 'notspecified', 0, NULL, NULL, NULL, '8583537765', 0, 0),
(549, 1, 2140, 'Daffy Duffers', 'notspecified', 0, NULL, NULL, NULL, '5624844764', 0, 0),
(550, 1, 2142, 'Del Amo 90 Golf Club', 'notspecified', 0, NULL, NULL, NULL, '3237242662', 0, 0),
(551, 1, 2143, 'Del Mar Golf Center', 'notspecified', 0, NULL, NULL, NULL, '8584884756', 0, 0),
(552, 1, 2144, 'Del Mar Turf & Links', 'notspecified', 0, NULL, NULL, NULL, '', 0, 0),
(553, 1, 2145, 'Desert Golf Assn', 'notspecified', 0, NULL, NULL, NULL, '7607916209', 0, 0),
(554, 1, 2148, 'District 14 Moose GC', 'notspecified', 0, NULL, NULL, NULL, '8052050557', 0, 0),
(555, 1, 2149, 'Dmjm Golf Club', 'notspecified', 0, NULL, NULL, NULL, '2135938121', 0, 0),
(556, 1, 2150, 'Double Eagle Mens Club', 'notspecified', 0, NULL, NULL, NULL, '', 0, 0),
(557, 1, 2151, 'Douglas Aero-Par G C', 'notspecified', 0, NULL, NULL, NULL, '7149960389', 0, 0),
(558, 1, 2152, 'Douglas Aircraft Co Mgc', 'notspecified', 0, NULL, NULL, NULL, '', 0, 0),
(559, 1, 2153, 'Downey Golf Club', 'notspecified', 0, NULL, NULL, NULL, '9519263054', 0, 0),
(560, 1, 2154, 'Downey Golfers', 'notspecified', 0, NULL, NULL, NULL, '5629491350', 0, 0),
(561, 1, 2156, 'Duffers and Sons', 'notspecified', 0, NULL, NULL, NULL, '', 0, 0),
(562, 1, 2157, 'Duffers United', 'notspecified', 0, NULL, NULL, NULL, '8055517039', 0, 0),
(563, 1, 2160, 'E S C E Golf Club', 'notspecified', 0, NULL, NULL, NULL, '7146975700', 0, 0),
(564, 1, 2161, 'E T Horn Golf Club', 'notspecified', 0, NULL, NULL, NULL, '', 0, 0),
(565, 1, 2163, 'Eagle High Golf Club', 'notspecified', 0, NULL, NULL, NULL, '6262607167', 0, 0),
(566, 1, 2164, 'Early Risers Golf Club', 'notspecified', 0, NULL, NULL, NULL, '', 0, 0),
(567, 1, 2165, 'East Lake Players Club', 'notspecified', 0, NULL, NULL, NULL, '7149708986', 0, 0),
(568, 1, 2166, 'Eastside Golf Club', 'notspecified', 0, NULL, NULL, NULL, '', 0, 0),
(569, 1, 2168, 'El Cajon Elks', 'notspecified', 0, NULL, NULL, NULL, '', 0, 0),
(570, 1, 2169, 'El Segundo Golf Club', 'notspecified', 0, NULL, NULL, NULL, '3103848636', 0, 0),
(571, 1, 2170, 'Emerald Cyn Golf Club', 'notspecified', 0, NULL, NULL, NULL, '', 0, 0),
(572, 1, 2171, 'Ernst & Young Golfers', 'notspecified', 0, NULL, NULL, NULL, '8057787036', 0, 0),
(573, 1, 2172, 'Escondido Elks G C', 'notspecified', 0, NULL, NULL, NULL, '7607465305', 0, 0),
(574, 1, 2173, 'Estrella Mens Golf Club', 'notspecified', 0, NULL, NULL, NULL, '9492768994', 0, 0),
(575, 1, 2176, 'F F O', 'notspecified', 0, NULL, NULL, NULL, '', 0, 0),
(576, 1, 2177, 'F O S', 'notspecified', 0, NULL, NULL, NULL, '', 0, 0),
(577, 1, 2178, 'F P I G A', 'notspecified', 0, NULL, NULL, NULL, '', 0, 0),
(578, 1, 2180, 'Fair Oaks Golf Club', 'notspecified', 0, NULL, NULL, NULL, '', 0, 0),
(579, 1, 2181, 'Fairway Friends G C', 'notspecified', 0, NULL, NULL, NULL, '', 0, 0),
(580, 1, 2182, 'Fairway Golf Club', 'notspecified', 0, NULL, NULL, NULL, '8583445708', 0, 0),
(581, 1, 2185, 'Fallbrook Seniors G Grp', 'notspecified', 0, NULL, NULL, NULL, '', 0, 0),
(582, 1, 2186, 'Fate Golf Club', 'notspecified', 0, NULL, NULL, NULL, '8183263072', 0, 0),
(583, 1, 2187, 'Fedex Employee GC', 'notspecified', 0, NULL, NULL, NULL, '', 0, 0),
(584, 1, 2188, 'Fiesta Dunes Golf Club', 'notspecified', 0, NULL, NULL, NULL, '8584887648', 0, 0),
(585, 1, 2189, 'Fiesta Mens Golf Club', 'notspecified', 0, NULL, NULL, NULL, '8587358510', 0, 0),
(586, 1, 2190, 'Film Row Golf Club', 'notspecified', 0, NULL, NULL, NULL, '8186485110', 0, 0),
(587, 1, 2191, 'First American G A', 'notspecified', 0, NULL, NULL, NULL, '', 0, 0),
(588, 1, 2192, 'Five-O-Nine Golf Club', 'notspecified', 0, NULL, NULL, NULL, '9097821314', 0, 0),
(589, 1, 2193, 'Fluor Golf Club', 'notspecified', 0, NULL, NULL, NULL, '9493493381', 0, 0),
(590, 1, 2194, 'Flying Irons Golf Club', 'notspecified', 0, NULL, NULL, NULL, '', 0, 0),
(591, 1, 2195, 'Flying Tiger Golf Club', 'notspecified', 0, NULL, NULL, NULL, '6266950047', 0, 0),
(592, 1, 2196, 'Fogdogs', 'notspecified', 0, NULL, NULL, NULL, '', 0, 0),
(593, 1, 2197, 'Folga Golf Club', 'notspecified', 0, NULL, NULL, NULL, '9099574267', 0, 0),
(594, 1, 2198, 'Foothill Links Club', 'notspecified', 0, NULL, NULL, NULL, '', 0, 0),
(595, 1, 2199, 'Fore Golf', 'notspecified', 0, NULL, NULL, NULL, '', 0, 0),
(596, 1, 2201, 'Fore Score Golf Club', 'notspecified', 0, NULL, NULL, NULL, '7147757457', 0, 0),
(597, 1, 2202, 'Founders Pounders', 'notspecified', 0, NULL, NULL, NULL, '7608222139', 0, 0),
(598, 1, 2203, 'Four Seasons Golf Club', 'notspecified', 0, NULL, NULL, NULL, '', 0, 0),
(599, 1, 2204, 'Friday Club', 'notspecified', 0, NULL, NULL, NULL, '', 0, 0),
(600, 1, 2205, 'Friends and Family G C', 'notspecified', 0, NULL, NULL, NULL, '', 0, 0),
(601, 1, 2208, 'G C Plumbers & Peddlers', 'notspecified', 0, NULL, NULL, NULL, '8056379300', 0, 0),
(602, 1, 2209, 'G C Superintendents S C', 'notspecified', 0, NULL, NULL, NULL, '', 0, 0),
(603, 1, 2210, 'Gcsgc at Blacklake', 'notspecified', 0, NULL, NULL, NULL, '8053437402', 0, 0),
(604, 1, 2211, 'Gen Tel Retiree G A', 'notspecified', 0, NULL, NULL, NULL, '8056308110', 0, 0),
(605, 1, 2214, 'Glasgow Golf Club', 'notspecified', 0, NULL, NULL, NULL, '', 0, 0),
(606, 1, 2215, 'Glen Tee Golf Club', 'notspecified', 0, NULL, NULL, NULL, '7045640031', 0, 0),
(607, 1, 2216, 'G-Man Golf Assn', 'notspecified', 0, NULL, NULL, NULL, '3108467050', 0, 0),
(608, 1, 2217, 'Gold Coast Golf Association', 'associate', 0, NULL, NULL, NULL, '3103654342', 0, 0),
(609, 1, 2218, 'Golden Eagles Golf Club', 'notspecified', 0, NULL, NULL, NULL, '7146026743', 0, 0),
(610, 1, 2219, 'Golden Nugget Golf Club', 'notspecified', 0, NULL, NULL, NULL, '', 0, 0),
(611, 1, 2221, 'Golf Club @ Mile Square', 'notspecified', 0, NULL, NULL, NULL, '', 0, 0),
(612, 1, 2223, 'Golf Golf Club', 'notspecified', 0, NULL, NULL, NULL, '', 0, 0),
(613, 1, 2229, 'Golf Nuts', 'notspecified', 0, NULL, NULL, NULL, '6197993803', 0, 0),
(614, 1, 2230, 'Golfari Mens Golf Club', 'notspecified', 0, NULL, NULL, NULL, '7602009141', 0, 0),
(615, 1, 2232, 'Golfers Haven', 'notspecified', 0, NULL, NULL, NULL, '', 0, 0),
(616, 1, 2234, 'Golfers of the Desert', 'notspecified', 0, NULL, NULL, NULL, '', 0, 0),
(617, 1, 2235, 'Golfersclub.Com', 'notspecified', 0, NULL, NULL, NULL, '', 0, 0),
(618, 1, 2236, 'Golfextra', 'notspecified', 0, NULL, NULL, NULL, '7143388601', 0, 0),
(619, 1, 2237, 'Golfinos', 'notspecified', 0, NULL, NULL, NULL, '', 0, 0),
(620, 1, 2240, 'Good Time Golf Assoc', 'notspecified', 0, NULL, NULL, NULL, '9492785144', 0, 0),
(621, 1, 2241, 'Granite Ridge Golf Club', 'associate', 0, NULL, NULL, NULL, '', 0, 0),
(622, 1, 2242, 'Gardena Royal & Ancient GA', 'notspecified', 0, NULL, NULL, NULL, '', 0, 0),
(623, 1, 2243, 'Great American Golf', 'notspecified', 0, NULL, NULL, NULL, '8582682890', 0, 0),
(624, 1, 2246, 'Greenmate Golf Club', 'notspecified', 0, NULL, NULL, NULL, '3102510514', 0, 0),
(625, 1, 2247, 'Grip It & Rip It Club', 'notspecified', 0, NULL, NULL, NULL, '8586751759', 0, 0),
(626, 1, 2248, 'Grunions Golf Club', 'notspecified', 0, NULL, NULL, NULL, '', 0, 0),
(627, 1, 2249, 'Hack Attack Golf Club', 'notspecified', 0, NULL, NULL, NULL, '3105471413', 0, 0),
(628, 1, 2251, 'Harbor Golf Practice Ct', 'notspecified', 0, NULL, NULL, NULL, '', 0, 0),
(629, 1, 2252, 'Haven G.C. of America', 'notspecified', 0, NULL, NULL, NULL, '', 0, 0),
(630, 1, 2253, 'Hawaii Golfers of Orange Count', 'notspecified', 0, NULL, NULL, NULL, '9498582174', 0, 0),
(631, 1, 2254, 'Hawaii Golfers of S D', 'notspecified', 0, NULL, NULL, NULL, '8585658727', 0, 0),
(632, 1, 2255, 'Hemet 4 Seasons G.C.', 'notspecified', 0, NULL, NULL, NULL, '9514406081', 0, 0),
(633, 1, 2256, 'Hemet Elks Golf Club', 'notspecified', 0, NULL, NULL, NULL, '9512558934', 0, 0),
(634, 1, 2257, 'Hi Brow Golf Assoc', 'notspecified', 0, NULL, NULL, NULL, '9092414871', 0, 0),
(635, 1, 2258, 'Hi Caps Golf Club', 'notspecified', 0, NULL, NULL, NULL, '', 0, 0),
(636, 1, 2259, 'Hi-Lo Desert G C Super', 'notspecified', 0, NULL, NULL, NULL, '', 0, 0),
(637, 1, 2261, 'Hobo Golf Assn', 'notspecified', 0, NULL, NULL, NULL, '', 0, 0),
(638, 1, 2263, 'San Diego Hookers and Slicers', 'notspecified', 0, NULL, NULL, NULL, '8587558925', 0, 0),
(639, 1, 2265, 'Hughes El Segundo G A', 'notspecified', 0, NULL, NULL, NULL, '3103203309', 0, 0),
(640, 1, 2266, 'Hughes Old Golfers Hogs', 'notspecified', 0, NULL, NULL, NULL, '7149940187', 0, 0),
(641, 1, 2267, 'Hughes Torrance G A', 'notspecified', 0, NULL, NULL, NULL, '3105176242', 0, 0),
(642, 1, 2268, 'Hui Elemakule G C', 'notspecified', 0, NULL, NULL, NULL, '', 0, 0),
(643, 1, 2269, 'Huntington Harbour GC', 'notspecified', 0, NULL, NULL, NULL, '7145360446', 0, 0),
(644, 1, 2270, 'I S G A', 'notspecified', 0, NULL, NULL, NULL, '9499814742', 0, 0),
(645, 1, 2271, 'Imagineering Golf Club', 'notspecified', 0, NULL, NULL, NULL, '8185442528', 0, 0),
(646, 1, 2272, 'Inland Empire G A', 'notspecified', 0, NULL, NULL, NULL, '6266144474', 0, 0),
(647, 1, 2273, 'Inland Golf Assn', 'notspecified', 0, NULL, NULL, NULL, '9513280200', 0, 0),
(648, 1, 2274, 'Inland Hills Church G C', 'notspecified', 0, NULL, NULL, NULL, '9095905792', 0, 0),
(649, 1, 2276, 'Inland Plumbers G A', 'notspecified', 0, NULL, NULL, NULL, '9512337626', 0, 0),
(650, 1, 2277, 'Intl Alliance Golf Club', 'notspecified', 0, NULL, NULL, NULL, '', 0, 0),
(651, 1, 2278, 'Irish & American G C', 'notspecified', 0, NULL, NULL, NULL, '', 0, 0),
(652, 1, 2279, 'Ironworkers Local 433', 'associate', 0, NULL, NULL, NULL, '7602419541', 0, 0),
(653, 1, 2280, 'Islanders G C of S D', 'notspecified', 0, NULL, NULL, NULL, '6194027670', 0, 0),
(654, 1, 2281, 'Islands Golf Club', 'notspecified', 0, NULL, NULL, NULL, '3106295161', 0, 0),
(655, 1, 2282, 'Italian American G C', 'notspecified', 0, NULL, NULL, NULL, '', 0, 0),
(656, 1, 2283, 'Ivmgc', 'notspecified', 0, NULL, NULL, NULL, '9516980471', 0, 0),
(657, 1, 2284, 'J D Power & Assn G C', 'notspecified', 0, NULL, NULL, NULL, '', 0, 0),
(658, 1, 2287, 'Jet Propulsion Lab G C', 'notspecified', 0, NULL, NULL, NULL, '', 0, 0),
(659, 1, 2288, 'Jockos Golf Group', 'notspecified', 0, NULL, NULL, NULL, '8583125172', 0, 0),
(660, 1, 2289, 'Jonathan Golf Club', 'notspecified', 0, NULL, NULL, NULL, '3102455527', 0, 0),
(661, 1, 2290, 'Jorgy Steel Tees G C', 'notspecified', 0, NULL, NULL, NULL, '7145232865', 0, 0),
(662, 1, 2292, 'Kaiser Permanente G C', 'notspecified', 0, NULL, NULL, NULL, '8186181884', 0, 0),
(663, 1, 2295, 'Chameleon Golf', 'notspecified', 0, NULL, NULL, NULL, '', 0, 0),
(664, 1, 2296, 'Kern County Firemen GA', 'notspecified', 0, NULL, NULL, NULL, '', 0, 0),
(665, 1, 2297, 'Kingsmen Golf Club', 'notspecified', 0, NULL, NULL, NULL, '', 0, 0),
(666, 1, 2298, 'Kingston Golf Club', 'notspecified', 0, NULL, NULL, NULL, '7144382746', 0, 0),
(667, 1, 2300, 'Kyocera Golf Club', 'notspecified', 0, NULL, NULL, NULL, '', 0, 0),
(668, 1, 2302, 'L A City Firefighters', 'notspecified', 0, NULL, NULL, NULL, '9492915107', 0, 0),
(669, 1, 2304, 'L A Schools Valley G C', 'notspecified', 0, NULL, NULL, NULL, '', 0, 0),
(670, 1, 2305, 'L A Sheriffs G C', 'notspecified', 0, NULL, NULL, NULL, '6268930728', 0, 0),
(671, 1, 2307, 'Ladwp Golf Club', 'notspecified', 0, NULL, NULL, NULL, '', 0, 0),
(672, 1, 2308, 'Golfers of Southern California', 'associate', 0, NULL, NULL, NULL, '5626970914', 0, 0),
(673, 1, 2309, 'La Jolla International G C', 'notspecified', 0, NULL, NULL, NULL, '', 0, 0),
(674, 1, 2310, 'La North Telco G A', 'notspecified', 0, NULL, NULL, NULL, '8183917020', 0, 0),
(675, 1, 2311, 'La Salle Golf Club', 'notspecified', 0, NULL, NULL, NULL, '', 0, 0),
(676, 1, 2312, 'La Sc Maga', 'notspecified', 0, NULL, NULL, NULL, '5625772920', 0, 0),
(677, 1, 2313, 'Lads & Lassies G C', 'notspecified', 0, NULL, NULL, NULL, '', 0, 0),
(678, 1, 2315, 'Lake Elsinore Golf Club', 'notspecified', 0, NULL, NULL, NULL, '', 0, 0),
(679, 1, 2316, 'Lakewood Seniors GC', 'notspecified', 0, NULL, NULL, NULL, '', 0, 0),
(680, 1, 2317, 'Lancaster Golf Assn', 'notspecified', 0, NULL, NULL, NULL, '7145371366', 0, 0),
(681, 1, 2319, 'Lapraac Golf Club', 'notspecified', 0, NULL, NULL, NULL, '2134865271', 0, 0),
(682, 1, 2321, 'Lax-Ont Stress Mgmt G C', 'notspecified', 0, NULL, NULL, NULL, '', 0, 0),
(683, 1, 2325, 'Long Beach Dental Ed Assn', 'notspecified', 0, NULL, NULL, NULL, '6266272220', 0, 0),
(684, 1, 2326, 'Long Beach Firefighters GC', 'notspecified', 0, NULL, NULL, NULL, '', 0, 0),
(685, 1, 2327, 'Long Beach Police G A', 'notspecified', 0, NULL, NULL, NULL, '5622609763', 0, 0),
(686, 1, 2328, 'Logicon Golf Club', 'notspecified', 0, NULL, NULL, NULL, '3108315689', 0, 0),
(687, 1, 2329, 'Lone Tree Golf', 'notspecified', 0, NULL, NULL, NULL, '', 0, 0),
(688, 1, 2330, 'Loose Impediments GC', 'notspecified', 0, NULL, NULL, NULL, '6196639183', 0, 0),
(689, 1, 2331, 'Los Alamitos Golf Club', 'notspecified', 0, NULL, NULL, NULL, '5628041642', 0, 0),
(690, 1, 2332, 'Los Amigos GC', 'notspecified', 0, NULL, NULL, NULL, '9492549238', 0, 0),
(691, 1, 2334, 'Los Angeles Chinese G C', 'notspecified', 0, NULL, NULL, NULL, '', 0, 0),
(692, 1, 2336, 'Los Angeles Produce G A', 'notspecified', 0, NULL, NULL, NULL, '', 0, 0),
(693, 1, 2337, 'Los Angeles Police Valley GC', 'notspecified', 0, NULL, NULL, NULL, '', 0, 0),
(694, 1, 2338, 'Los Sapos Golf Club', 'notspecified', 0, NULL, NULL, NULL, '8583358876', 0, 0),
(695, 1, 2341, 'Lower Handicap G C', 'notspecified', 0, NULL, NULL, NULL, '', 0, 0),
(696, 1, 2343, 'Majestic Golf Club', 'notspecified', 0, NULL, NULL, NULL, '', 0, 0),
(697, 1, 2344, 'Malaysia Airlines G C', 'notspecified', 0, NULL, NULL, NULL, '6262026382', 0, 0),
(698, 1, 2345, 'Manhattan Beach Golf Club', 'notspecified', 0, NULL, NULL, NULL, '3105462602', 0, 0),
(699, 1, 2346, 'Marina Del Rey G C', 'notspecified', 0, NULL, NULL, NULL, '', 0, 0),
(700, 1, 2347, 'Marston Washington G C', 'notspecified', 0, NULL, NULL, NULL, '3232952758', 0, 0),
(701, 1, 2349, 'Men In Brown', 'notspecified', 0, NULL, NULL, NULL, '6266648260', 0, 0),
(702, 1, 2351, 'Mesa Golf Club', 'notspecified', 0, NULL, NULL, NULL, '7607510387', 0, 0),
(703, 1, 2352, 'Metro Golf Club', 'notspecified', 0, NULL, NULL, NULL, '8185161723', 0, 0),
(704, 1, 2353, 'Mickey Mouse Golf League', 'notspecified', 0, NULL, NULL, NULL, '8185605451', 0, 0),
(705, 1, 2354, 'Military Golfers of El Toro', 'notspecified', 0, NULL, NULL, NULL, '9493977530', 0, 0),
(706, 1, 2355, 'Ml West La Golf Club', 'notspecified', 0, NULL, NULL, NULL, '3109962029', 0, 0),
(707, 1, 2357, 'Moorpark Golf Club', 'notspecified', 0, NULL, NULL, NULL, '8053905044', 0, 0),
(708, 1, 2358, 'Morepars Golf Club', 'notspecified', 0, NULL, NULL, NULL, '', 0, 0),
(709, 1, 2359, 'Mulligan Beach Golf Clb', 'notspecified', 0, NULL, NULL, NULL, '', 0, 0),
(710, 1, 2360, 'Mulligan Men G C', 'notspecified', 0, NULL, NULL, NULL, '', 0, 0),
(711, 1, 2361, 'Murrieta Mens G C', 'notspecified', 0, NULL, NULL, NULL, '8183410258', 0, 0),
(712, 1, 2362, 'Murrieta Valley Golf C', 'notspecified', 0, NULL, NULL, NULL, '9518376873', 0, 0),
(713, 1, 2363, 'N A G O F F', 'notspecified', 0, NULL, NULL, NULL, '7143052392', 0, 0),
(714, 1, 2364, 'Nabua Golf Club', 'notspecified', 0, NULL, NULL, NULL, '', 0, 0),
(715, 1, 2365, 'Nauti Nine Golf Club', 'notspecified', 0, NULL, NULL, NULL, '7143667396', 0, 0),
(716, 1, 2366, 'Naval Air Civ Rec Assoc', 'notspecified', 0, NULL, NULL, NULL, '6192874224', 0, 0),
(717, 1, 2368, 'Night Owls', 'notspecified', 0, NULL, NULL, NULL, '', 0, 0),
(718, 1, 2369, 'Niguel Shores Mens Club', 'notspecified', 0, NULL, NULL, NULL, '9494899385', 0, 0),
(719, 1, 2370, 'No Co Public Safety GC', 'notspecified', 0, NULL, NULL, NULL, '6612740933', 0, 0),
(720, 1, 2372, 'Nomads Golf Club', 'notspecified', 0, NULL, NULL, NULL, '8582592014', 0, 0),
(721, 1, 2373, 'North County Hackers', 'notspecified', 0, NULL, NULL, NULL, '7607033873', 0, 0),
(722, 1, 2374, 'North G C Players Club', 'notspecified', 0, NULL, NULL, NULL, '9519288585', 0, 0),
(723, 1, 2375, 'North Net Fire G A', 'notspecified', 0, NULL, NULL, NULL, '', 0, 0),
(724, 1, 2376, 'Northern Region G A', 'notspecified', 0, NULL, NULL, NULL, '8052456749', 0, 0),
(725, 1, 2377, 'Northrop Grumman GC', 'notspecified', 0, NULL, NULL, NULL, '', 0, 0),
(726, 1, 2378, 'Northrop Grumman Westcoast', 'notspecified', 0, NULL, NULL, NULL, '6612664005', 0, 0),
(727, 1, 2379, 'Northrop-Grumman Azusa', 'notspecified', 0, NULL, NULL, NULL, '6268122685', 0, 0),
(728, 1, 2381, 'O C Friendship G C', 'notspecified', 0, NULL, NULL, NULL, '', 0, 0),
(729, 1, 2384, 'Oasis Golf Group', 'notspecified', 0, NULL, NULL, NULL, '9513010192', 0, 0),
(730, 1, 2385, 'Obgc', 'notspecified', 0, NULL, NULL, NULL, '', 0, 0),
(731, 1, 2386, 'Ocaaga', 'notspecified', 0, NULL, NULL, NULL, '7146996651', 0, 0),
(732, 1, 2387, 'Ocba Golf Club', 'notspecified', 0, NULL, NULL, NULL, '5628683095', 0, 0),
(733, 1, 2390, 'Ocean Park Golf Club', 'notspecified', 0, NULL, NULL, NULL, '', 0, 0),
(734, 1, 2391, 'Oceanside Saturday G C', 'public', 0, NULL, NULL, NULL, '7605180999', 0, 0),
(735, 1, 2392, 'Ocvga', 'notspecified', 0, NULL, NULL, NULL, '7143368358', 0, 0),
(736, 1, 2393, 'Iteris Golf Club', 'notspecified', 0, NULL, NULL, NULL, '7147247031', 0, 0),
(737, 1, 2394, 'Oil Masters Golf Club', 'notspecified', 0, NULL, NULL, NULL, '', 0, 0),
(738, 1, 2396, 'On Again Off Again GC', 'notspecified', 0, NULL, NULL, NULL, '', 0, 0),
(739, 1, 2397, 'On the Fringe G C', 'notspecified', 0, NULL, NULL, NULL, '', 0, 0),
(740, 1, 2400, 'Orange Coast Golf Assn', 'notspecified', 0, NULL, NULL, NULL, '5627735203', 0, 0),
(741, 1, 2402, 'Orange County Fire Dep', 'notspecified', 0, NULL, NULL, NULL, '', 0, 0),
(742, 1, 2405, 'Orco Telco Golf Assn', 'notspecified', 0, NULL, NULL, NULL, '9098949895', 0, 0),
(743, 1, 2406, 'Original Pigbodies G A', 'notspecified', 0, NULL, NULL, NULL, '', 0, 0),
(744, 1, 2407, 'Orps', 'notspecified', 0, NULL, NULL, NULL, '', 0, 0),
(745, 1, 2410, 'Oxnard Nisei Golf Club', 'notspecified', 0, NULL, NULL, NULL, '8057664335', 0, 0),
(746, 1, 2411, 'P G C', 'notspecified', 0, NULL, NULL, NULL, '9495958205', 0, 0),
(747, 1, 2412, 'P.O.P. Golf Club', 'notspecified', 0, NULL, NULL, NULL, '8188836734', 0, 0),
(748, 1, 2413, 'P.O.G.A.', 'notspecified', 0, NULL, NULL, NULL, '', 0, 0),
(749, 1, 2415, 'Pacific Busns Exchange', 'notspecified', 0, NULL, NULL, NULL, '', 0, 0),
(750, 1, 2416, 'Pacific Coast Golf Club', 'notspecified', 0, NULL, NULL, NULL, '', 0, 0),
(751, 1, 2418, 'Pacific Crossroads Cgc', 'notspecified', 0, NULL, NULL, NULL, '', 0, 0),
(752, 1, 2419, 'Pacific Group G C', 'notspecified', 0, NULL, NULL, NULL, '6618571130', 0, 0),
(753, 1, 2420, 'Pacific Mountain View G C', 'notspecified', 0, NULL, NULL, NULL, '3105672236', 0, 0),
(754, 1, 2421, 'Pacific Region GC', 'notspecified', 0, NULL, NULL, NULL, '9092893017', 0, 0),
(755, 1, 2422, 'Pacific Rim Golf', 'notspecified', 0, NULL, NULL, NULL, '9095948853', 0, 0),
(756, 1, 2423, 'Pacific Transport G A', 'notspecified', 0, NULL, NULL, NULL, '7148356355', 0, 0),
(757, 1, 2424, 'Pagasa Golf Club', 'notspecified', 0, NULL, NULL, NULL, '6263785111', 0, 0),
(758, 1, 2425, 'Pagni Golf', 'notspecified', 0, NULL, NULL, NULL, '6195047893', 0, 0),
(759, 1, 2426, 'Palms To Pines G A', 'notspecified', 0, NULL, NULL, NULL, '', 0, 0),
(760, 1, 2428, 'Par Boilers G C', 'notspecified', 0, NULL, NULL, NULL, '3109914302', 0, 0),
(761, 1, 2431, 'Paramount Elks 1804', 'notspecified', 0, NULL, NULL, NULL, '', 0, 0),
(762, 1, 2434, 'Parshooters Golf Club', 'notspecified', 0, NULL, NULL, NULL, '6198185638', 0, 0),
(763, 1, 2437, 'Pilipino Community GC', 'notspecified', 0, NULL, NULL, NULL, '6268939308', 0, 0),
(764, 1, 2438, 'Pin High Golf Club', 'notspecified', 0, NULL, NULL, NULL, '', 0, 0),
(765, 1, 2440, 'Pines Golf Club of Cal', 'notspecified', 0, NULL, NULL, NULL, '', 0, 0),
(766, 1, 2441, 'Ping Club', 'notspecified', 0, NULL, NULL, NULL, '', 0, 0),
(767, 1, 2442, 'Pinoy Golfrs of America', 'notspecified', 0, NULL, NULL, NULL, '', 0, 0),
(768, 1, 2444, 'Poa Putters Golf Club', 'notspecified', 0, NULL, NULL, NULL, '6195271296', 0, 0),
(769, 1, 2446, 'Steve Carfano''s Golf Club', 'notspecified', 0, NULL, NULL, NULL, '7144914168', 0, 0),
(770, 1, 2447, 'Pro Golf College', 'notspecified', 0, NULL, NULL, NULL, '9517192994', 0, 0),
(771, 1, 2448, 'Probus Golf Assoc', 'notspecified', 0, NULL, NULL, NULL, '8186528052', 0, 0),
(772, 1, 2449, 'Pwc Golf Alliance', 'notspecified', 0, NULL, NULL, NULL, '', 0, 0),
(773, 1, 2452, 'R Golf Club', 'notspecified', 0, NULL, NULL, NULL, '', 0, 0),
(774, 1, 2453, 'R S F Firefighters G C', 'associate', 0, NULL, NULL, NULL, '7606446899', 0, 0),
(775, 1, 2454, 'Rainbow Golf Club', 'notspecified', 0, NULL, NULL, NULL, '', 0, 0),
(776, 1, 2456, 'Ranchero Golf Club', 'notspecified', 0, NULL, NULL, NULL, '8582312867', 0, 0),
(777, 1, 2457, 'Rancho Bernardo Resort', 'notspecified', 0, NULL, NULL, NULL, '', 0, 0),
(778, 1, 2459, 'Rancho Vista Senior G C', 'notspecified', 0, NULL, NULL, NULL, '6618606210', 0, 0),
(779, 1, 2460, 'Raytheon Emply Glf Lgue', 'notspecified', 0, NULL, NULL, NULL, '', 0, 0),
(780, 1, 2477, 'Red Tide Golf Club', 'notspecified', 0, NULL, NULL, NULL, '6195727079', 0, 0),
(781, 1, 2478, 'Renegade Golf Club', 'notspecified', 0, NULL, NULL, NULL, '7078889512', 0, 0),
(782, 1, 2479, 'Retirees Golf Assn', 'notspecified', 0, NULL, NULL, NULL, '9495830758', 0, 0),
(783, 1, 2480, 'Rocketdyne Golf Club', 'notspecified', 0, NULL, NULL, NULL, '', 0, 0),
(784, 1, 2482, 'Round About Golf Club', 'notspecified', 0, NULL, NULL, NULL, '', 0, 0),
(785, 1, 2483, 'Rowe Golf Group', 'notspecified', 0, NULL, NULL, NULL, '', 0, 0),
(786, 1, 2484, 'Royal & Hardy G C', 'notspecified', 0, NULL, NULL, NULL, '', 0, 0),
(787, 1, 2485, 'Royal Springs USA', 'notspecified', 0, NULL, NULL, NULL, '3104839022', 0, 0),
(788, 1, 2486, 'S A P', 'notspecified', 0, NULL, NULL, NULL, '8056871217', 0, 0),
(789, 1, 2487, 'S C Amateur Golf Club', 'notspecified', 0, NULL, NULL, NULL, '9515339206', 0, 0),
(790, 1, 2488, 'S C Dental Golf Assn', 'associate', 0, NULL, NULL, NULL, '8185971896', 0, 0),
(791, 1, 2489, 'S C Maga Carlsbad Chpt', 'notspecified', 0, NULL, NULL, NULL, '7609671380', 0, 0),
(792, 1, 2490, 'S C Media Golf Club', 'notspecified', 0, NULL, NULL, NULL, '8189803630', 0, 0),
(793, 1, 2493, 'S D Police Off Asn G C', 'notspecified', 0, NULL, NULL, NULL, '8583542360', 0, 0),
(794, 1, 2495, 'Saddleback Valley Mens', 'notspecified', 0, NULL, NULL, NULL, '7146792139', 0, 0),
(795, 1, 2497, 'Saic Golf Club', 'notspecified', 0, NULL, NULL, NULL, '', 0, 0),
(796, 1, 2501, 'San Diego Advrtsng GA', 'notspecified', 0, NULL, NULL, NULL, '8584548740', 0, 0),
(797, 1, 2502, 'San Diego Birdie Hunter', 'notspecified', 0, NULL, NULL, NULL, '6193901723', 0, 0),
(798, 1, 2504, 'San Diego County Cbmc', 'notspecified', 0, NULL, NULL, NULL, '8583610307', 0, 0),
(799, 1, 2505, 'San Diego Dental G G', 'notspecified', 0, NULL, NULL, NULL, '', 0, 0),
(800, 1, 2506, 'San Diego Educator Mens Club', 'notspecified', 0, NULL, NULL, NULL, '6194441492', 0, 0),
(801, 1, 2507, 'San Diego Elks G C', 'notspecified', 0, NULL, NULL, NULL, '', 0, 0),
(802, 1, 2508, 'San Diego Firemens G C', 'notspecified', 0, NULL, NULL, NULL, '', 0, 0),
(803, 1, 2511, 'San Diego Maga', 'notspecified', 0, NULL, NULL, NULL, '', 0, 0),
(804, 1, 2512, 'San Diego Pin High GC', 'notspecified', 0, NULL, NULL, NULL, '', 0, 0),
(805, 1, 2513, 'San Diego Pines Golf Club', 'notspecified', 0, NULL, NULL, NULL, '8585389535', 0, 0),
(806, 1, 2514, 'San Diego Telco G C', 'notspecified', 0, NULL, NULL, NULL, '6194548311', 0, 0),
(807, 1, 2515, 'San Diego Yokosuka Mens', 'notspecified', 0, NULL, NULL, NULL, '', 0, 0),
(808, 1, 2516, 'San Gabriel Valley Hawaiian GC', 'notspecified', 0, NULL, NULL, NULL, '9499168323', 0, 0),
(809, 1, 2517, 'San Marino Golf Club', 'notspecified', 0, NULL, NULL, NULL, '6262336889', 0, 0),
(810, 1, 2518, 'San Pedro Elks G C', 'notspecified', 0, NULL, NULL, NULL, '', 0, 0),
(811, 1, 2519, 'San Pedro Golf Club', 'notspecified', 0, NULL, NULL, NULL, '3107105857', 0, 0),
(812, 1, 2520, 'Sandpiper Mens Club', 'notspecified', 0, NULL, NULL, NULL, '8056804099', 0, 0),
(813, 1, 2521, 'Santa Ana Elks Golf C', 'notspecified', 0, NULL, NULL, NULL, '', 0, 0),
(814, 1, 2522, 'Santa Ana Firemens G A', 'notspecified', 0, NULL, NULL, NULL, '7145396994', 0, 0),
(815, 1, 2523, 'Santa Barbara Elks G C', 'notspecified', 0, NULL, NULL, NULL, '8059644456', 0, 0),
(816, 1, 2524, 'Santa Clarita Vly G A', 'notspecified', 0, NULL, NULL, NULL, '', 0, 0),
(817, 1, 2525, 'Santa Fe Golf Assn', 'notspecified', 0, NULL, NULL, NULL, '8183532715', 0, 0),
(818, 1, 2526, 'Santa Maria Elks G C', 'notspecified', 0, NULL, NULL, NULL, '8055884211', 0, 0),
(819, 1, 2527, 'Santa Monica Golf Club', 'notspecified', 0, NULL, NULL, NULL, '3104223245', 0, 0),
(820, 1, 2528, 'Sasto Golf Club', 'notspecified', 0, NULL, NULL, NULL, '3105921926', 0, 0),
(821, 1, 2529, 'Sb Golf Club', 'notspecified', 0, NULL, NULL, NULL, '3103456771', 0, 0),
(822, 1, 2531, 'Sc Indian Golf Club', 'notspecified', 0, NULL, NULL, NULL, '', 0, 0),
(823, 1, 2532, 'Sc Irish Golf Society', 'associate', 0, NULL, NULL, NULL, '9514454100', 0, 0),
(824, 1, 2535, 'Scmaf', 'notspecified', 0, NULL, NULL, NULL, '6264480853', 0, 0),
(825, 1, 2536, 'Sc Maga Vista CA Chapter', 'notspecified', 0, NULL, NULL, NULL, '7608152468', 0, 0),
(826, 1, 2537, 'Scnga Ace Golf Club', 'notspecified', 0, NULL, NULL, NULL, '2136269625', 0, 0),
(827, 1, 2539, 'Scnga Brookside G C', 'notspecified', 0, NULL, NULL, NULL, '3109992762', 0, 0),
(828, 1, 2540, 'Scnga Eagle Flite G C', 'notspecified', 0, NULL, NULL, NULL, '6266649811', 0, 0),
(829, 1, 2541, 'Scnga Kokusai Golf Club', 'notspecified', 0, NULL, NULL, NULL, '', 0, 0),
(830, 1, 2543, 'Scnga Nui Menehune G C', 'notspecified', 0, NULL, NULL, NULL, '', 0, 0),
(831, 1, 2544, 'Scnga Orange County G C', 'notspecified', 0, NULL, NULL, NULL, '', 0, 0),
(832, 1, 2545, 'Scnga San Fernando Valley G C', 'notspecified', 0, NULL, NULL, NULL, '6263440015', 0, 0),
(833, 1, 2547, 'Scnga Top Flite G C', 'notspecified', 0, NULL, NULL, NULL, '', 0, 0),
(834, 1, 2549, 'Scnga Westside G C', 'notspecified', 0, NULL, NULL, NULL, '6262805787', 0, 0),
(835, 1, 2550, 'Screaming Eagles G C', 'notspecified', 0, NULL, NULL, NULL, '', 0, 0),
(836, 1, 2551, 'Sd Golf Course Superintendents', 'notspecified', 0, NULL, NULL, NULL, '6192276233', 0, 0),
(837, 1, 2552, 'Sd Nikkei GC', 'notspecified', 0, NULL, NULL, NULL, '', 0, 0),
(838, 1, 2555, 'Seacoast Christian GC', 'notspecified', 0, NULL, NULL, NULL, '', 0, 0),
(839, 1, 2557, 'Seniors Golf Assoc', 'notspecified', 0, NULL, NULL, NULL, '', 0, 0),
(840, 1, 2559, 'Serenity Golf Assn', 'notspecified', 0, NULL, NULL, NULL, '', 0, 0),
(841, 1, 2561, 'Shellback Golf Club', 'notspecified', 0, NULL, NULL, NULL, '3034061582', 0, 0),
(842, 1, 2562, 'Shepherd Golf', 'notspecified', 0, NULL, NULL, NULL, '', 0, 0),
(843, 1, 2564, 'Silverlinks Golf Club', 'notspecified', 0, NULL, NULL, NULL, '7609533691', 0, 0),
(844, 1, 2565, 'Simi Hills Senior Mens', 'notspecified', 0, NULL, NULL, NULL, '8055264044', 0, 0),
(845, 1, 2566, 'Single Golfers of San Diego', 'notspecified', 0, NULL, NULL, NULL, '8587564477', 0, 0),
(846, 1, 2567, 'Smack Down Golf Club', 'notspecified', 0, NULL, NULL, NULL, '9098291401', 0, 0),
(847, 1, 2568, 'Smart & Final Golf Club', 'notspecified', 0, NULL, NULL, NULL, '9093746663', 0, 0),
(848, 1, 2569, 'So Cal Knights of Col G A', 'notspecified', 0, NULL, NULL, NULL, '', 0, 0),
(849, 1, 2570, 'So Cal Collegians G C', 'notspecified', 0, NULL, NULL, NULL, '5622255547', 0, 0),
(850, 1, 2572, 'So Cal Race Tracks GC', 'notspecified', 0, NULL, NULL, NULL, '9098647569', 0, 0),
(851, 1, 2574, 'So Calif Industrial G L', 'notspecified', 0, NULL, NULL, NULL, '9099966419', 0, 0),
(852, 1, 2576, 'Soi Golf Club', 'notspecified', 0, NULL, NULL, NULL, '3102921830', 0, 0),
(853, 1, 2577, 'Solar Golf Club', 'notspecified', 0, NULL, NULL, NULL, '7607162014', 0, 0),
(854, 1, 2578, 'Sold Out Survivors', 'notspecified', 0, NULL, NULL, NULL, '3105122404', 0, 0),
(855, 1, 2579, 'Solera GC @ Oak Valley', 'notspecified', 0, NULL, NULL, NULL, '9517976354', 0, 0),
(856, 1, 2581, 'Sony Pictures Golf Leag', 'notspecified', 0, NULL, NULL, NULL, '3102447208', 0, 0),
(857, 1, 2582, 'South Bay Golf Academy', 'notspecified', 0, NULL, NULL, NULL, '', 0, 0),
(858, 1, 2583, 'South Mezzanine G C', 'notspecified', 0, NULL, NULL, NULL, '', 0, 0),
(859, 1, 2584, 'South Mountain Ladies', 'notspecified', 0, NULL, NULL, NULL, '', 0, 0),
(860, 1, 2586, 'Southern Area G A', 'notspecified', 0, NULL, NULL, NULL, '', 0, 0),
(861, 1, 2587, 'Southern California Chambers', 'notspecified', 0, NULL, NULL, NULL, '', 0, 0),
(862, 1, 2588, 'Southern California Vet G C', 'notspecified', 0, NULL, NULL, NULL, '', 0, 0),
(863, 1, 2589, 'Southern Pacific G C', 'notspecified', 0, NULL, NULL, NULL, '9092239713', 0, 0),
(864, 1, 2591, 'Southland Golfers', 'notspecified', 0, NULL, NULL, NULL, '7148365061', 0, 0),
(865, 1, 2593, 'Space Park Golf Club', 'notspecified', 0, NULL, NULL, NULL, '3103717108', 0, 0),
(866, 1, 2595, 'Split Tee Golf Assn', 'notspecified', 0, NULL, NULL, NULL, '9099469917', 0, 0),
(867, 1, 2598, 'St Denis Golf Club', 'notspecified', 0, NULL, NULL, NULL, '9098616864', 0, 0),
(868, 1, 2599, 'St Guiseppi Social Cl', 'notspecified', 0, NULL, NULL, NULL, '', 0, 0),
(869, 1, 2600, 'Saint Margaret Mary Golfers', 'notspecified', 0, NULL, NULL, NULL, '9513526462', 0, 0),
(870, 1, 2601, 'Stadium Golf Club', 'notspecified', 0, NULL, NULL, NULL, '8582776667', 0, 0),
(871, 1, 2602, 'Stats Golf Club', 'notspecified', 0, NULL, NULL, NULL, '6194607695', 0, 0),
(872, 1, 2604, 'Stonewall Golfers', 'notspecified', 0, NULL, NULL, NULL, '6194534494', 0, 0),
(873, 1, 2605, 'Studio Employee G L', 'notspecified', 0, NULL, NULL, NULL, '', 0, 0),
(874, 1, 2608, 'Sun Lakes Village G C', 'notspecified', 0, NULL, NULL, NULL, '', 0, 0),
(875, 1, 2610, 'Suncrest Ladies G C', 'notspecified', 0, NULL, NULL, NULL, '2532127276', 0, 0),
(876, 1, 2612, 'Superior Golf Club Intl', 'associate', 0, NULL, NULL, NULL, '9518161421', 0, 0),
(877, 1, 2615, 'T.L.Q.M.C.', 'notspecified', 0, NULL, NULL, NULL, '8189038797', 0, 0),
(878, 1, 2616, 'T.V.M.C. Golf Club', 'notspecified', 0, NULL, NULL, NULL, '7604890728', 0, 0),
(879, 1, 2617, 'Taylormade Golf Company', 'notspecified', 0, NULL, NULL, NULL, '7609186214', 0, 0),
(880, 1, 2619, 'Tee 2 Green Golf Club', 'notspecified', 0, NULL, NULL, NULL, '9513772683', 0, 0),
(881, 1, 2620, 'Tee Birds Golf Club', 'notspecified', 0, NULL, NULL, NULL, '', 0, 0),
(882, 1, 2621, 'Tee Club', 'notspecified', 0, NULL, NULL, NULL, '8054845588', 0, 0),
(883, 1, 2622, 'Tee Up Golf Club', 'notspecified', 0, NULL, NULL, NULL, '3106343983', 0, 0),
(884, 1, 2623, 'Temescal Tournament C', 'notspecified', 0, NULL, NULL, NULL, '9512770400', 0, 0),
(885, 1, 2625, 'The Bandits', 'notspecified', 0, NULL, NULL, NULL, '9097313675', 0, 0),
(886, 1, 2626, 'The Bench Warmer G C', 'notspecified', 0, NULL, NULL, NULL, '8054800450', 0, 0),
(887, 1, 2628, 'The Boys O I Classic GC', 'notspecified', 0, NULL, NULL, NULL, '', 0, 0),
(888, 1, 2630, 'The Chaos Theory of Golf', 'notspecified', 0, NULL, NULL, NULL, '9515226382', 0, 0),
(889, 1, 2631, 'The Club', 'notspecified', 0, NULL, NULL, NULL, '8182094640', 0, 0),
(890, 1, 2632, 'The Crown & Anchor GC', 'notspecified', 0, NULL, NULL, NULL, '8052419555', 0, 0),
(891, 1, 2633, 'The Dawn Patrol', 'notspecified', 0, NULL, NULL, NULL, '', 0, 0),
(892, 1, 2634, 'The Gaucho Players Club', 'notspecified', 0, NULL, NULL, NULL, '', 0, 0),
(893, 1, 2635, 'The Golf Club', 'notspecified', 0, NULL, NULL, NULL, '', 0, 0),
(894, 1, 2636, 'The Golf Every Friday C', 'notspecified', 0, NULL, NULL, NULL, '', 0, 0),
(895, 1, 2639, 'The Jag Group', 'notspecified', 0, NULL, NULL, NULL, '', 0, 0),
(896, 1, 2640, 'The Lost Patrol', 'notspecified', 0, NULL, NULL, NULL, '9495511811', 0, 0),
(897, 1, 2641, 'The Millennium GC', 'notspecified', 0, NULL, NULL, NULL, '8582313268', 0, 0),
(898, 1, 2642, 'The Oaks Golf Club', 'notspecified', 0, NULL, NULL, NULL, '', 0, 0),
(899, 1, 2643, 'The Pasadena Nisei G A', 'notspecified', 0, NULL, NULL, NULL, '', 0, 0),
(900, 1, 2644, 'The Ranch Sr Mens Club', 'notspecified', 0, NULL, NULL, NULL, '', 0, 0),
(901, 1, 2645, 'The Range at Citrus GC', 'notspecified', 0, NULL, NULL, NULL, '', 0, 0),
(902, 1, 2646, 'The Sandbaggers', 'notspecified', 0, NULL, NULL, NULL, '', 0, 0),
(903, 1, 2647, 'Junkyard Golf Club', 'notspecified', 0, NULL, NULL, NULL, '8055016272', 0, 0),
(904, 1, 2649, 'The Ultimate Golf Club', 'notspecified', 0, NULL, NULL, NULL, '', 0, 0),
(905, 1, 2650, 'Third Thursday Thieves', 'notspecified', 0, NULL, NULL, NULL, '7604087437', 0, 0),
(906, 1, 2651, 'Thompson Industrial', 'notspecified', 0, NULL, NULL, NULL, '5624121332', 0, 0),
(907, 1, 2652, 'Three Putt Golf Club', 'notspecified', 0, NULL, NULL, NULL, '6612965502', 0, 0),
(908, 1, 2654, 'Teledyne Golf Club', 'notspecified', 0, NULL, NULL, NULL, '3108749569', 0, 0),
(909, 1, 2655, 'Tnt Golf Club', 'notspecified', 0, NULL, NULL, NULL, '6616455398', 0, 0),
(910, 1, 2656, 'Toluca Lake Mens G C', 'notspecified', 0, NULL, NULL, NULL, '8186353935', 0, 0),
(911, 1, 2657, 'Top Notch Golf Club', 'notspecified', 0, NULL, NULL, NULL, '', 0, 0),
(912, 1, 2658, 'Top Ten Golf Club', 'notspecified', 0, NULL, NULL, NULL, '', 0, 0),
(913, 1, 2659, 'Torrance Mens Golf Club', 'notspecified', 0, NULL, NULL, NULL, '4242478605', 0, 0),
(914, 1, 2660, 'Tour De Four Golf Club', 'notspecified', 0, NULL, NULL, NULL, '', 0, 0),
(915, 1, 2661, 'Toyota Golf Association', 'notspecified', 0, NULL, NULL, NULL, '', 0, 0),
(916, 1, 2663, 'Trex Golf Club', 'notspecified', 0, NULL, NULL, NULL, '', 0, 0),
(917, 1, 2664, 'Tri County Seniors G A', 'notspecified', 0, NULL, NULL, NULL, '9512797085', 0, 0),
(918, 1, 2665, 'Trilogy Resident Mgc', 'notspecified', 0, NULL, NULL, NULL, '', 0, 0),
(919, 1, 2669, 'Twin Pac', 'notspecified', 0, NULL, NULL, NULL, '', 0, 0),
(920, 1, 2670, 'Twin Peaks Golf Club', 'notspecified', 0, NULL, NULL, NULL, '', 0, 0),
(921, 1, 2671, 'Two Fairways Over G C', 'notspecified', 0, NULL, NULL, NULL, '8184727760', 0, 0),
(922, 1, 2672, 'U S C Trojan Golf Club', 'notspecified', 0, NULL, NULL, NULL, '', 0, 0),
(923, 1, 2674, 'Ual Golf Club Lax', 'notspecified', 0, NULL, NULL, NULL, '', 0, 0),
(924, 1, 2676, 'Ucsd Casual Golf Club', 'notspecified', 0, NULL, NULL, NULL, '6196635001', 0, 0),
(925, 1, 2677, 'Ueckers Golf Assn', 'notspecified', 0, NULL, NULL, NULL, '', 0, 0),
(926, 1, 2678, 'Uncle Bus Golf Club', 'notspecified', 0, NULL, NULL, NULL, '', 0, 0),
(927, 1, 2679, 'Underground Mens G A', 'notspecified', 0, NULL, NULL, NULL, '', 0, 0),
(928, 1, 2680, 'Unisys Golf Club', 'notspecified', 0, NULL, NULL, NULL, '', 0, 0),
(929, 1, 2681, 'Universal Studios G C', 'notspecified', 0, NULL, NULL, NULL, '8184265530', 0, 0),
(930, 1, 2682, 'Unplayable Liars', 'notspecified', 0, NULL, NULL, NULL, '9512023859', 0, 0),
(931, 1, 2683, 'Ups Golf Club', 'notspecified', 0, NULL, NULL, NULL, '', 0, 0),
(932, 1, 2685, 'Vagabonds of Southn Cal', 'notspecified', 0, NULL, NULL, NULL, '7149621218', 0, 0),
(933, 1, 2686, 'Valencia Lions G C', 'notspecified', 0, NULL, NULL, NULL, '3236552068', 0, 0),
(934, 1, 2687, 'Wilmington G C', 'notspecified', 0, NULL, NULL, NULL, '5624916822', 0, 0),
(935, 1, 2688, 'Valley Bus & Prof G C', 'notspecified', 0, NULL, NULL, NULL, '', 0, 0),
(936, 1, 2690, 'Valley Fog Golf Club', 'notspecified', 0, NULL, NULL, NULL, '8182813805', 0, 0),
(937, 1, 2691, 'Valley Hunt Golf Club', 'notspecified', 0, NULL, NULL, NULL, '', 0, 0),
(938, 1, 2694, 'Viti Golf Club', 'notspecified', 0, NULL, NULL, NULL, '6612546630', 0, 0),
(939, 1, 2696, 'West Valley Northrop Grumman', 'notspecified', 0, NULL, NULL, NULL, '', 0, 0),
(940, 1, 2697, 'T. David Estes Walking Golfers', 'associate', 0, NULL, NULL, NULL, '9494439011', 0, 0),
(941, 1, 2698, 'Walteria Business Mens', 'notspecified', 0, NULL, NULL, NULL, '7148268674', 0, 0),
(942, 1, 2699, 'Water Boys Golf Club', 'notspecified', 0, NULL, NULL, NULL, '', 0, 0),
(943, 1, 2700, 'Waterfront Golf Club', 'notspecified', 0, NULL, NULL, NULL, '8585246505', 0, 0),
(944, 1, 2702, 'Weekend Hookers G C', 'notspecified', 0, NULL, NULL, NULL, '8184513718', 0, 0),
(945, 1, 2703, 'Weekend Striker G C', 'notspecified', 0, NULL, NULL, NULL, '8586033058', 0, 0),
(946, 1, 2704, 'Weekend Warrior G C', 'notspecified', 0, NULL, NULL, NULL, '', 0, 0),
(947, 1, 2707, 'West Covina Elks G C', 'notspecified', 0, NULL, NULL, NULL, '6269621001', 0, 0),
(948, 1, 2708, 'West End Mens Golf Club', 'notspecified', 0, NULL, NULL, NULL, '9099960327', 0, 0),
(949, 1, 2709, 'West Rey Golf Club', 'notspecified', 0, NULL, NULL, NULL, '3108273032', 0, 0),
(950, 1, 2710, 'Westside Eagles G C', 'notspecified', 0, NULL, NULL, NULL, '', 0, 0),
(951, 1, 2711, 'Whispering Lakes Sr Men', 'notspecified', 0, NULL, NULL, NULL, '9095914642', 0, 0),
(952, 1, 2712, 'Whispering Pines G C', 'notspecified', 0, NULL, NULL, NULL, '', 0, 0),
(953, 1, 2713, 'Winners Circle G C', 'notspecified', 0, NULL, NULL, NULL, '', 0, 0),
(954, 1, 2714, 'Wintersburg Golf Club', 'notspecified', 0, NULL, NULL, NULL, '', 0, 0),
(955, 1, 2715, 'Wla II Golf Club', 'notspecified', 0, NULL, NULL, NULL, '', 0, 0),
(956, 1, 2717, 'Woodland Hills G A', 'notspecified', 0, NULL, NULL, NULL, '9494630704', 0, 0),
(957, 1, 2722, 'The Breakfast Ball Golf Club', 'notspecified', 0, NULL, NULL, NULL, '7147427926', 0, 0),
(958, 1, 2725, 'Canyon Lake Family G C', 'notspecified', 0, NULL, NULL, NULL, '9514734602', 0, 0),
(959, 1, 2726, 'Oasis Traveling Golf Club', 'notspecified', 0, NULL, NULL, NULL, '9513178740', 0, 0),
(960, 1, 2727, 'Jc Golf', 'notspecified', 0, NULL, NULL, NULL, '7603045286', 0, 0),
(961, 1, 2728, 'Degenerate Sports Golf Club', 'notspecified', 0, NULL, NULL, NULL, '8182628621', 0, 0),
(962, 1, 2730, 'Mountain Vista Couples G C', 'notspecified', 0, NULL, NULL, NULL, '7602000135', 0, 0),
(963, 1, 2733, 'Team Hollywood G C', 'notspecified', 0, NULL, NULL, NULL, '5628658044', 0, 0),
(964, 1, 2734, 'Foothill Golf Club', 'notspecified', 0, NULL, NULL, NULL, '8582202848', 0, 0),
(965, 1, 2735, 'The Sportsmen', 'notspecified', 0, NULL, NULL, NULL, '8187305507', 0, 0),
(966, 1, 2737, 'Sundowner Golf Group', 'notspecified', 0, NULL, NULL, NULL, '8053317677', 0, 0),
(967, 1, 2738, 'Filam Golf Tour', 'notspecified', 0, NULL, NULL, NULL, '6262214444', 0, 0),
(968, 1, 2748, 'Ocla Players Club', 'notspecified', 0, NULL, NULL, NULL, '9495339122', 0, 0),
(969, 1, 2752, 'Ngrc Golf Club', 'notspecified', 0, NULL, NULL, NULL, '7602122417', 0, 0),
(970, 1, 2754, 'The Honors Travel Club', 'notspecified', 0, NULL, NULL, NULL, '9098542430', 0, 0),
(971, 1, 2755, 'San Diego Chinese Golf Club', 'notspecified', 0, NULL, NULL, NULL, '8587560751', 0, 0),
(972, 1, 2756, 'Blythe Womens Golf Club', 'notspecified', 0, NULL, NULL, NULL, '7609213437', 0, 0),
(973, 1, 2757, 'Lands West GC at Hesperia', 'public', 0, NULL, NULL, NULL, '7606171136', 0, 0),
(974, 1, 2758, 'Wilshire Loopers', 'notspecified', 0, NULL, NULL, NULL, '3239346050', 0, 0),
(975, 1, 2759, 'Hall Chiropractic Golf Club', 'notspecified', 0, NULL, NULL, NULL, '8057332829', 0, 0),
(976, 1, 2760, 'The Players Club', 'notspecified', 0, NULL, NULL, NULL, '9096356330', 0, 0),
(977, 1, 2761, 'Downhill Liars', 'notspecified', 0, NULL, NULL, NULL, '9495001008', 0, 0),
(978, 1, 2762, 'Eagles Birdies & Parrots Mens', 'notspecified', 0, NULL, NULL, NULL, '9095334594', 0, 0),
(979, 1, 2763, 'Beach Golf Club', 'notspecified', 0, NULL, NULL, NULL, '3105296496', 0, 0),
(980, 1, 2764, 'Scpga Tour Alumni', 'notspecified', 0, NULL, NULL, NULL, '9518454653', 0, 0),
(981, 1, 2765, 'Rolling Greens Golf Club', 'notspecified', 0, NULL, NULL, NULL, '3238988775', 0, 0),
(982, 1, 2766, 'Southwest Plumbers Golf Group', 'notspecified', 0, NULL, NULL, NULL, '3234695851', 0, 0),
(983, 1, 2769, 'Cobra-Puma Golf Club', 'notspecified', 0, NULL, NULL, NULL, '7607103364', 0, 0),
(984, 1, 2770, 'Missing Links Men''s Club', 'notspecified', 0, NULL, NULL, NULL, '5622214605', 0, 0),
(985, 1, 2772, 'Southern California Deaf GC', 'notspecified', 0, NULL, NULL, NULL, '8182877683', 0, 0),
(986, 1, 2779, 'The Bad Golfers of So Cal', 'associate', 0, NULL, NULL, NULL, '9519705143', 0, 0),
(987, 1, 2780, 'Ilwu Golf Club', 'associate', 0, NULL, NULL, NULL, '5627559395', 0, 0),
(988, 1, 2781, 'Scga Junior Parent Club La', 'associate', 0, NULL, NULL, NULL, '8189803630', 0, 0),
(989, 1, 2782, 'Scga Junior Parent Club Sd', 'associate', 0, NULL, NULL, NULL, '8189803630', 0, 0),
(990, 1, 2783, 'Hit ''Em Straight Mens GC', 'associate', 0, NULL, NULL, NULL, '6192274548', 0, 0),
(991, 1, 2784, 'Kf Sports Golf Club', 'associate', 0, NULL, NULL, NULL, '6613133520', 0, 0),
(992, 1, 2785, 'Sd Katuwaan Golf Club', 'associate', 0, NULL, NULL, NULL, '6193153394', 0, 0),
(993, 1, 2786, 'Renaissance Golf Club', 'associate', 0, NULL, NULL, NULL, '3105022474', 0, 0),
(994, 1, 2787, 'Wtg Golf Club', 'notspecified', 0, NULL, NULL, NULL, '6613733296', 0, 0),
(995, 1, 2788, 'Ccc - High Desert Chapter', 'notspecified', 0, NULL, NULL, NULL, '7609460525', 0, 0),
(996, 1, 2789, 'Glendale Elks Golf Club', 'notspecified', 0, NULL, NULL, NULL, '8189239960', 0, 0),
(997, 1, 2790, 'Club Mijo', 'associate', 0, NULL, NULL, NULL, '6269621251', 0, 0),
(998, 1, 2791, 'San Diego Dirty Birdies', 'associate', 0, NULL, NULL, NULL, '8584517712', 0, 0),
(999, 1, 2795, 'Golf Southern Cal Club', 'associate', 0, NULL, NULL, NULL, '5622874653', 0, 0),
(1000, 1, 2796, 'Westside Golf League', 'associate', 0, NULL, NULL, NULL, '2133611682', 0, 0),
(1001, 1, 2798, 'Glen Annie Women''s Club', 'associate', 0, NULL, NULL, NULL, '8057051732', 0, 0),
(1002, 1, 2800, 'Par 2 Easy', 'associate', 0, NULL, NULL, NULL, '7147435206', 0, 0),
(1003, 1, 2801, 'Orange County Ball Busters', 'associate', 0, NULL, NULL, NULL, '9494752475', 0, 0),
(1004, 1, 2802, 'Bogeymen Golf Club', 'associate', 0, NULL, NULL, NULL, '8052798613', 0, 0),
(1005, 1, 2804, 'Scripps Ranch Old Pros', 'associate', 0, NULL, NULL, NULL, '8586881701', 0, 0),
(1006, 1, 2805, 'Navy Region Sw Premium Players', 'associate', 0, NULL, NULL, NULL, '6194870010', 0, 0),
(1007, 1, 2806, 'Wednesday Morning Boys GC', 'notspecified', 0, NULL, NULL, NULL, '9176990647', 0, 0),
(1008, 1, 2807, 'Tri-Palm Men''s Golf Club', 'associate', 0, NULL, NULL, NULL, '7603434845', 0, 0),
(1009, 1, 2808, 'Maggie''s Ladies Par 3 GC', 'associate', 0, NULL, NULL, NULL, '3237556290', 0, 0),
(1010, 1, 2809, 'Shadow Hills Couples Golf Club', 'associate', 0, NULL, NULL, NULL, '7604693922', 0, 0),
(1011, 1, 2810, 'Igolf Masterz Club', 'associate', 0, NULL, NULL, NULL, '9097865563', 0, 0),
(1012, 1, 2811, 'Fil-Am Golfers of Coachella Va', 'associate', 0, NULL, NULL, NULL, '7608801595', 0, 0),
(1013, 1, 2812, 'Ladies on Course GC of Sd', 'associate', 0, NULL, NULL, NULL, '8582205487', 0, 0),
(1014, 1, 2813, 'Sons of St Andrews', 'associate', 0, NULL, NULL, NULL, '7147019900', 0, 0),
(1015, 1, 2814, 'The Broken Tee''s', 'associate', 0, NULL, NULL, NULL, '3107383190', 0, 0),
(1016, 1, 2815, 'Fcga', 'associate', 0, NULL, NULL, NULL, '9513561407', 0, 0),
(1017, 1, 2816, 'Weekend Haackers', 'associate', 0, NULL, NULL, NULL, '6616072997', 0, 0),
(1018, 1, 2817, 'Galaxy Golf Club', 'associate', 0, NULL, NULL, NULL, '9095922278', 0, 0),
(1019, 1, 2818, 'Cosmopolitan GC of Sta Barbara', 'associate', 0, NULL, NULL, NULL, '5172858691', 0, 0),
(1020, 1, 2819, 'Rancho Carrillo Golf Club', 'notspecified', 0, NULL, NULL, NULL, '7604382912', 0, 0),
(1021, 1, 2820, 'Easy 18 Golf Club', 'associate', 0, NULL, NULL, NULL, '6199906786', 0, 0),
(1022, 1, 2821, 'Lumberjacks Golf Club', 'associate', 0, NULL, NULL, NULL, '6193353001', 0, 0),
(1023, 1, 2823, 'Crack of Dawn Golf Club', 'associate', 0, NULL, NULL, NULL, '3106251847', 0, 0),
(1024, 1, 2824, 'Arrowood Premiere Golf Club', 'associate', 0, NULL, NULL, NULL, '8584149044', 0, 0),
(1025, 1, 2825, 'Blue Line Golf Club', 'associate', 0, NULL, NULL, NULL, '3239971472', 0, 0),
(1026, 1, 2826, 'Chamorro GC of San Diego', 'associate', 0, NULL, NULL, NULL, '9513266925', 0, 0),
(1027, 1, 2827, 'The Club at Dad Miller', 'public', 0, NULL, NULL, NULL, '7142212729', 0, 0),
(1028, 1, 2828, 'Players Club Golf Westside', 'public', 0, NULL, NULL, NULL, '3104784653', 0, 0),
(1029, 1, 2829, 'Wompat Golf Club', 'associate', 0, NULL, NULL, NULL, '8053770493', 0, 0),
(1030, 1, 2830, 'Cessna Memorial Golf Club', 'notspecified', 0, NULL, NULL, NULL, '7607896823', 0, 0),
(1031, 1, 2833, 'Top Shelf Golf Club', 'notspecified', 0, NULL, NULL, NULL, '8583358876', 0, 0),
(1032, 1, 2834, 'Pc''s Golf Club', 'associate', 0, NULL, NULL, NULL, '8184396602', 0, 0),
(1033, 1, 2836, 'Birdie Buddies GC', 'associate', 0, NULL, NULL, NULL, '8183843138', 0, 0),
(1034, 1, 2837, 'Cypress Ridge Players', 'associate', 0, NULL, NULL, NULL, '8054747979', 0, 0),
(1035, 1, 2838, 'Wiseguys Golf Club', 'associate', 0, NULL, NULL, NULL, '7607993397', 0, 0),
(1036, 1, 2839, 'University Club @ Symp Towers', 'associate', 0, NULL, NULL, NULL, '6197021989', 0, 0),
(1037, 1, 2840, 'Take 59 Film Industry GC', 'associate', 0, NULL, NULL, NULL, '2137928601', 0, 0),
(1038, 1, 2842, 'Gardena Maga', 'associate', 0, NULL, NULL, NULL, '3106285563', 0, 0),
(1039, 1, 2844, 'United Pin Seekers', 'associate', 0, NULL, NULL, NULL, '8582291194', 0, 0),
(1040, 1, 2845, 'So Cal Golf League', 'associate', 0, NULL, NULL, NULL, '8183593611', 0, 0),
(1041, 1, 2846, 'Encinitas Firefighters GC', 'associate', 0, NULL, NULL, NULL, '9493501240', 0, 0),
(1042, 1, 2847, 'Saint''s Purple Gang GC', 'associate', 0, NULL, NULL, NULL, '6193019653', 0, 0),
(1043, 1, 2848, 'Lions Golf Group', 'associate', 0, NULL, NULL, NULL, '3104897784', 0, 0),
(1044, 1, 2849, 'Max Behr Golf Club', 'associate', 0, NULL, NULL, NULL, '7148033563', 0, 0),
(1045, 1, 2850, 'Heads You Win Tails You Win GC', 'associate', 0, NULL, NULL, NULL, '9096778260', 0, 0),
(1046, 1, 2851, 'Knollwood R & A Golf Club', 'associate', 0, NULL, NULL, NULL, '8183633743', 0, 0),
(1047, 1, 2852, 'Coconut Classic GC', 'associate', 0, NULL, NULL, NULL, '7607310597', 0, 0),
(1048, 1, 2853, 'Sri Lanka America GC of CA', 'associate', 0, NULL, NULL, NULL, '8185229785', 0, 0),
(1049, 1, 2854, 'Kpmg Oc Golf Club', 'associate', 0, NULL, NULL, NULL, '4088787794', 0, 0),
(1050, 1, 2855, 'Santa Ana Staff', 'associate', 0, NULL, NULL, NULL, '7145457260', 0, 0),
(1051, 1, 2856, 'Don Pedro Golf Club', 'associate', 0, NULL, NULL, NULL, '6193448728', 0, 0),
(1052, 1, 2857, 'Murrieta Valley Lads', 'associate', 0, NULL, NULL, NULL, '9518376873', 0, 0),
(1053, 1, 2858, 'Pico Rivera Saturday GC', 'associate', 0, NULL, NULL, NULL, '6267335621', 0, 0),
(1054, 1, 2860, 'San Gabriel Junior Golf', 'associate', 0, NULL, NULL, NULL, '6265238020', 0, 0),
(1055, 1, 2861, 'Golf La GC', 'notspecified', 0, NULL, NULL, NULL, '3237173478', 0, 0),
(1056, 1, 2862, 'Happy Golfers Club', 'associate', 0, NULL, NULL, NULL, '8182667714', 0, 0),
(1057, 1, 2863, 'Broken Arrow', 'associate', 0, NULL, NULL, NULL, '9098214439', 0, 0),
(1058, 1, 2864, 'Inland Valley Golf Academy', 'associate', 0, NULL, NULL, NULL, '9513683855', 0, 0),
(1059, 1, 2865, 'Fairmount Women''s GC', 'associate', 0, NULL, NULL, NULL, '9515671731', 0, 0),
(1060, 1, 2866, 'Club Mccracken', 'associate', 0, NULL, NULL, NULL, '9097724739', 0, 0),
(1061, 1, 2867, 'Golfclubsouthbay', 'associate', 0, NULL, NULL, NULL, '3104659471', 0, 0),
(1062, 1, 2868, 'Hackers Golf Club', 'associate', 0, NULL, NULL, NULL, '5627084711', 0, 0),
(1063, 1, 2870, 'Bajamar Links Players Club', 'associate', 0, NULL, NULL, NULL, '9512363839', 0, 0),
(1064, 1, 2871, 'The Greens', 'associate', 0, NULL, NULL, NULL, '8184068363', 0, 0),
(1065, 1, 2872, 'Emerald Isle Golf Club', 'associate', 0, NULL, NULL, NULL, '7607214700', 0, 0),
(1066, 1, 2874, 'Scga Collegian North', 'associate', 0, NULL, NULL, NULL, '8189803630', 0, 0),
(1067, 1, 2878, 'Scga Collegian East', 'associate', 0, NULL, NULL, NULL, '8189803630', 0, 0),
(1068, 1, 2879, 'Scga Collegian South', 'notspecified', 0, NULL, NULL, NULL, '8189803630', 0, 0),
(1069, 1, 2880, 'Scga Collegian West', 'associate', 0, NULL, NULL, NULL, '8189803630', 0, 0),
(1070, 1, 2881, 'Sc Gentlemen''s Golf Club', 'associate', 0, NULL, NULL, NULL, '9495332983', 0, 0),
(1071, 1, 2882, 'Bear Trap Golf Club', 'associate', 0, NULL, NULL, NULL, '7609412017', 0, 0),
(1072, 1, 2883, 'The Bunker Golf Club', 'associate', 0, NULL, NULL, NULL, '8056501534', 0, 0);
INSERT INTO `gn_member_club` (`club_id`, `association_id`, `hp_club_num`, `club_name`, `member_club_type_cd`, `display_in_directory`, `club_description`, `club_contact`, `club_email`, `club_phone`, `participate_in_ojr`, `display_in_widget`) VALUES
(1073, 1, 2884, 'San Diego Korean Wednesday GC', 'associate', 0, NULL, NULL, NULL, '7603052234', 0, 0),
(1074, 1, 2886, 'Solid Nutz Golf', 'associate', 0, NULL, NULL, NULL, '7143284595', 0, 0),
(1075, 1, 2887, 'United Par Shooters Golf Club', 'associate', 0, NULL, NULL, NULL, '9098353065', 0, 0),
(1076, 1, 2888, 'Soule Golf Club', 'associate', 0, NULL, NULL, NULL, '7149048398', 0, 0),
(1077, 1, 2889, 'Menudo Mens Golf Club', 'associate', 0, NULL, NULL, NULL, '9518587179', 0, 0),
(1078, 1, 2891, 'San Marcos Golf Club', 'associate', 0, NULL, NULL, NULL, '7607449385', 0, 0),
(1079, 1, 2892, 'Mishits Golf Club', 'associate', 0, NULL, NULL, NULL, '7149252929', 0, 0),
(1080, 1, 2893, 'California Golf Card', 'associate', 0, NULL, NULL, NULL, '7145424653', 0, 0),
(1081, 1, 2894, 'The Indonesian Golf Club USA', 'associate', 0, NULL, NULL, NULL, '7145591004', 0, 0),
(1082, 1, 2895, 'American Happy Golf CC', 'associate', 0, NULL, NULL, NULL, '8182708802', 0, 0),
(1083, 1, 2896, 'Fogga', 'associate', 0, NULL, NULL, NULL, '9496970580', 0, 0),
(1084, 1, 2897, 'Socal Golfer Greater Sd Area', 'associate', 0, NULL, NULL, NULL, '7606049430', 0, 0),
(1085, 1, 2898, 'Socal Golfer Greater La Area', 'associate', 0, NULL, NULL, NULL, '7606049430', 0, 0),
(1086, 1, 2899, 'Socal Golfer Orange/Inland', 'associate', 0, NULL, NULL, NULL, '7606049430', 0, 0),
(1087, 1, 2900, 'Socal Golfer Ventura/Coast', 'associate', 0, NULL, NULL, NULL, '7606049430', 0, 0),
(1088, 1, 2901, 'District 5 Golf Club', 'associate', 0, NULL, NULL, NULL, '8055424696', 0, 0),
(1089, 1, 2902, 'Gs So Cal Golf Club', 'associate', 0, NULL, NULL, NULL, '6263749411', 0, 0),
(1090, 1, 2903, 'Priority Players Club', 'associate', 0, NULL, NULL, NULL, '6896899945', 0, 0),
(1091, 1, 2905, 'Gimmie A Double', 'associate', 0, NULL, NULL, NULL, '7602085686', 0, 0),
(1092, 1, 2906, 'Al Malaikah Golf Shrine Club', 'associate', 0, NULL, NULL, NULL, '3102046167', 0, 0),
(1093, 1, 2907, 'Left Coast Hackers', 'associate', 0, NULL, NULL, NULL, '7607358183', 0, 0),
(1094, 1, 2908, 'Golf Mart Greater Sd Area', 'associate', 0, NULL, NULL, NULL, '8882165252', 0, 0),
(1095, 1, 2909, 'Roger Dunn Greater La Area', 'associate', 0, NULL, NULL, NULL, '8882165252', 0, 0),
(1096, 1, 2910, 'Roger Dunn Orange/Inland', 'associate', 0, NULL, NULL, NULL, '8882165252', 0, 0),
(1097, 1, 2911, 'Roger Dunn Ventura/Coast', 'associate', 0, NULL, NULL, NULL, '8882165252', 0, 0),
(1098, 1, 2912, 'Sc Fescue Crew', 'associate', 0, NULL, NULL, NULL, '7148037970', 0, 0),
(1099, 1, 2913, 'Henry Brunton Golf Academy USA', 'associate', 0, NULL, NULL, NULL, '7148837857', 0, 0),
(1100, 1, 2914, 'California Skyline Golf Club', 'associate', 0, NULL, NULL, NULL, '9735809047', 0, 0),
(1101, 1, 2915, 'High Heel Golfer', 'associate', 0, NULL, NULL, NULL, '6192061343', 0, 0),
(1102, 1, 2916, 'Golf Korea', 'associate', 0, NULL, NULL, NULL, '2135056636', 0, 0),
(1103, 1, 2917, 'Golf Champion', 'associate', 0, NULL, NULL, NULL, '2135056636', 0, 0),
(1104, 1, 2918, 'Sterling Hills Men''s Club', 'associate', 0, NULL, NULL, NULL, '8054447558', 0, 0),
(1105, 1, 2919, 'Golf Group With No Name', 'associate', 0, NULL, NULL, NULL, '4087722333', 0, 0),
(1106, 1, 2920, 'Pacific Eagles Golf Club', 'associate', 0, NULL, NULL, NULL, '7602744817', 0, 0),
(1107, 1, 2921, 'Scga Pasadena League', 'notspecified', 0, NULL, NULL, NULL, '8189803630', 0, 0),
(1108, 1, 2922, 'Scga Ventura County League', 'notspecified', 0, NULL, NULL, NULL, '8189803630', 0, 0),
(1109, 1, 2923, 'Scga Long Beach League', 'notspecified', 0, NULL, NULL, NULL, '8189803630', 0, 0),
(1110, 1, 2924, 'Scga Inland Empire League', 'notspecified', 0, NULL, NULL, NULL, '8189803630', 0, 0),
(1111, 1, 2925, 'Scga North County League', 'notspecified', 0, NULL, NULL, NULL, '8189803630', 0, 0),
(1112, 1, 2926, 'Palm Springs New York GC', 'associate', 0, NULL, NULL, NULL, '9178062728', 0, 0),
(1113, 1, 2927, 'Panjabi American Golfers Assn', 'associate', 0, NULL, NULL, NULL, '6265366520', 0, 0),
(1114, 1, 2928, 'Lage Golf Club', 'associate', 0, NULL, NULL, NULL, '5627157856', 0, 0),
(1115, 1, 2929, 'Tiny Putters Golf League', 'notspecified', 0, NULL, NULL, NULL, '5089919576', 0, 0),
(1116, 1, 2930, 'Esquire Golf Club', 'notspecified', 0, NULL, NULL, NULL, '6267057806', 0, 0),
(1117, 1, 2931, 'Hero Shots Golf Club', 'notspecified', 0, NULL, NULL, NULL, '7143970484', 0, 0),
(1118, 1, 2932, 'Vgf Golf Club', 'notspecified', 0, NULL, NULL, NULL, '7143128318', 0, 0),
(1119, 1, 2933, 'The Inkwell Golf Club', 'associate', 0, NULL, NULL, NULL, '3236101258', 0, 0),
(1120, 1, 2934, 'La Mediocre Golf Association', 'associate', 0, NULL, NULL, NULL, '8185053190', 0, 0),
(1121, 1, 2935, 'Golf Rounders', 'associate', 0, NULL, NULL, NULL, '8182812627', 0, 0),
(1122, 1, 2936, 'Forelinx South', 'associate', 0, NULL, NULL, NULL, '3108790953', 0, 0),
(1123, 1, 2937, 'Forelinx North', 'associate', 0, NULL, NULL, NULL, '3108790953', 0, 0),
(1124, 1, 2938, 'Los Borrachos Golf Club', 'associate', 0, NULL, NULL, NULL, '8054052163', 0, 0),
(1125, 1, 2939, 'La County Dept Public Works GC', 'associate', 0, NULL, NULL, NULL, '6264587089', 0, 0),
(1126, 1, 2940, 'Silver Bullet Men''s Golf Club', 'associate', 0, NULL, NULL, NULL, '8055010173', 0, 0),
(1127, 1, 2941, 'Cashcall Hacks', 'associate', 0, NULL, NULL, NULL, '9495359422', 0, 0),
(1128, 1, 2942, 'Ugp', 'associate', 0, NULL, NULL, NULL, '3109936323', 0, 0),
(1129, 1, 2943, 'San Diego Snakes GC', 'associate', 0, NULL, NULL, NULL, '7607037082', 0, 0),
(1130, 1, 2944, 'The Underryder Cup GC', 'associate', 0, NULL, NULL, NULL, '3105041064', 0, 0),
(1131, 1, 2945, 'Gorilla Golf Club', 'notspecified', 0, NULL, NULL, NULL, '7149750083', 0, 0),
(1132, 1, 2946, 'Surf & Turf Club', 'associate', 0, NULL, NULL, NULL, '8029995599', 0, 0),
(1133, 1, 2947, 'Bomb Golf', 'associate', 0, NULL, NULL, NULL, '9495667965', 0, 0),
(1134, 1, 2948, 'Ucla John E. Anderson GC', 'notspecified', 0, NULL, NULL, NULL, '8475717727', 0, 0),
(1135, 1, 2949, 'No Nonsense Golf Club', 'notspecified', 0, NULL, NULL, NULL, '3102178929', 0, 0),
(1136, 1, 2950, 'Channel Islands Golf Club', 'notspecified', 0, NULL, NULL, NULL, '8052589583', 0, 0),
(1137, 1, 2951, '805 Tournament Club', 'associate', 0, NULL, NULL, NULL, '8052520797', 0, 0),
(1138, 1, 2952, 'Los Cabos Golf Championship', 'notspecified', 0, NULL, NULL, NULL, '6306213238', 0, 0),
(1139, 1, 2953, 'West Coast Tour', 'associate', 0, NULL, NULL, NULL, '2817020954', 0, 0),
(1140, 1, 2954, 'Corona Players Club', 'notspecified', 0, NULL, NULL, NULL, '9515152309', 0, 0),
(1141, 1, 2955, 'Friday Golf Group', 'associate', 0, NULL, NULL, NULL, '8183899866', 0, 0),
(1142, 1, 2956, 'Knights of Augusta', 'associate', 0, NULL, NULL, NULL, '9497350289', 0, 0),
(1143, 1, 2957, 'Honeybaked Ham All Stars', 'notspecified', 0, NULL, NULL, NULL, '9493851289', 0, 0),
(1144, 1, 2958, 'Irvine Golf Club', 'notspecified', 0, NULL, NULL, NULL, '9499811689', 0, 0),
(1145, 1, 2959, 'Stroke of Luck Golf Group', 'notspecified', 0, NULL, NULL, NULL, '8587612980', 0, 0),
(1146, 1, 2960, 'Swing Shop', 'notspecified', 0, NULL, NULL, NULL, '6268997600', 0, 0),
(1147, 1, 2961, 'Traveling Seniors', 'notspecified', 0, NULL, NULL, NULL, '7606171136', 0, 0),
(1148, 1, 2962, 'My Way Golf Club', 'notspecified', 0, NULL, NULL, NULL, '6619933204', 0, 0),
(1149, 1, 2963, 'Marauders Golf Club', 'notspecified', 0, NULL, NULL, NULL, '9099204080', 0, 0),
(1150, 1, 2964, 'Golf Club of Los Angeles', 'notspecified', 0, NULL, NULL, NULL, '3108636729', 0, 0),
(1151, 1, 2965, 'Cherry Valley Club', 'notspecified', 0, NULL, NULL, NULL, '9098279850', 0, 0),
(1152, 1, 2966, 'Golf Gang Golf Club', 'notspecified', 0, NULL, NULL, NULL, '6263782418', 0, 0),
(1153, 1, 2967, 'Rancho Carlsbad Golf Club', 'associate', 0, NULL, NULL, NULL, '7604381772', 0, 0),
(1154, 1, 2968, 'Ocwa Golf Club', 'notspecified', 0, NULL, NULL, NULL, '9497958948', 0, 0),
(1155, 1, 2969, 'P2s Golfers', 'associate', 0, NULL, NULL, NULL, '7145801977', 0, 0),
(1156, 1, 2970, 'Carson Creek Resort', 'associate', 0, NULL, NULL, NULL, '9494849256', 0, 0),
(1157, 1, 2971, 'Pitchnputt', 'associate', 0, NULL, NULL, NULL, '3102138745', 0, 0),
(1158, 1, 2972, 'Dbd Social Club', 'associate', 0, NULL, NULL, NULL, '8053909910', 0, 0),
(1159, 1, 2973, 'Socal Golf Guys', 'associate', 0, NULL, NULL, NULL, '5037806836', 0, 0),
(1160, 1, 3002, 'American Airlines', 'notspecified', 0, NULL, NULL, NULL, '7148420130', 0, 0),
(1161, 1, 3007, 'Benchester Golf Club', 'notspecified', 0, NULL, NULL, NULL, '', 0, 0),
(1162, 1, 3010, 'Bogies Bangers', 'notspecified', 0, NULL, NULL, NULL, '8186402716', 0, 0),
(1163, 1, 3011, 'British and Dominion Golf Club', 'notspecified', 0, NULL, NULL, NULL, '9514533210', 0, 0),
(1164, 1, 3014, 'Buena Ventura Senior Men''s GC', 'notspecified', 0, NULL, NULL, NULL, '', 0, 0),
(1165, 1, 3015, 'Burbank Senior Men''s Golf Club', 'notspecified', 0, NULL, NULL, NULL, '8188233903', 0, 0),
(1166, 1, 3016, 'Caltrans Golf Club', 'notspecified', 0, NULL, NULL, NULL, '2138970703', 0, 0),
(1167, 1, 3017, 'Canoga Park Elks', 'notspecified', 0, NULL, NULL, NULL, '', 0, 0),
(1168, 1, 3018, 'Casey''s Tournament Players', 'notspecified', 0, NULL, NULL, NULL, '6612995160', 0, 0),
(1169, 1, 3019, 'CBS Television Golf Club', 'notspecified', 0, NULL, NULL, NULL, '3235752648', 0, 0),
(1170, 1, 3020, 'Chudwood Golf Club', 'notspecified', 0, NULL, NULL, NULL, '3105941853', 0, 0),
(1171, 1, 3021, 'Coachella Valley Maga', 'notspecified', 0, NULL, NULL, NULL, '7603453518', 0, 0),
(1172, 1, 3022, 'Coast Rangers Golf Association', 'notspecified', 0, NULL, NULL, NULL, '7145453621', 0, 0),
(1173, 1, 3026, 'Diamond Bar Seniors Golf Club', 'notspecified', 0, NULL, NULL, NULL, '9098605722', 0, 0),
(1174, 1, 3027, 'Dianetics Golf Club', 'notspecified', 0, NULL, NULL, NULL, '8183636328', 0, 0),
(1175, 1, 3028, 'Dominguez Golf Club', 'notspecified', 0, NULL, NULL, NULL, '3108715351', 0, 0),
(1176, 1, 3031, 'Duffers', 'notspecified', 0, NULL, NULL, NULL, '', 0, 0),
(1177, 1, 3032, 'Eastern Area Golf Association', 'notspecified', 0, NULL, NULL, NULL, '5628812024', 0, 0),
(1178, 1, 3033, 'Eaton Canyon Seniors Golf Club', 'notspecified', 0, NULL, NULL, NULL, '', 0, 0),
(1179, 1, 3034, 'El Cariso Seniors Golf Club', 'notspecified', 0, NULL, NULL, NULL, '', 0, 0),
(1180, 1, 3035, 'El Prado Seniors Golf Assoc', 'notspecified', 0, NULL, NULL, NULL, '', 0, 0),
(1181, 1, 3039, 'Fullerton Seniors Golf Club', 'notspecified', 0, NULL, NULL, NULL, '', 0, 0),
(1182, 1, 3040, 'G.O.F.F.', 'notspecified', 0, NULL, NULL, NULL, '9253519426', 0, 0),
(1183, 1, 3041, 'Garcia Golf Club', 'notspecified', 0, NULL, NULL, NULL, '', 0, 0),
(1184, 1, 3042, 'Gauchos and Gringos', 'notspecified', 0, NULL, NULL, NULL, '', 0, 0),
(1185, 1, 3045, 'Gsfvgc', 'notspecified', 0, NULL, NULL, NULL, '', 0, 0),
(1186, 1, 3046, 'Green River Mens Seniors', 'notspecified', 0, NULL, NULL, NULL, '7145534684', 0, 0),
(1187, 1, 3050, 'Grosser Handicaps Golf Club', 'notspecified', 0, NULL, NULL, NULL, '3103290075', 0, 0),
(1188, 1, 3051, 'Hansen Dam Seniors', 'notspecified', 0, NULL, NULL, NULL, '', 0, 0),
(1189, 1, 3052, 'Hasley Canyon Men''s Golf Club', 'notspecified', 0, NULL, NULL, NULL, '', 0, 0),
(1190, 1, 3054, 'Highland Park Golf Association', 'notspecified', 0, NULL, NULL, NULL, '', 0, 0),
(1191, 1, 3057, 'Ibm Golf Club', 'notspecified', 0, NULL, NULL, NULL, '', 0, 0),
(1192, 1, 3058, 'Inland Links Golf Club', 'associate', 0, NULL, NULL, NULL, '7142512130', 0, 0),
(1193, 1, 3060, 'Knollwood Seniors Golf Club', 'notspecified', 0, NULL, NULL, NULL, '8183601325', 0, 0),
(1194, 1, 3061, 'L.A. Co. Fire Golf Association', 'notspecified', 0, NULL, NULL, NULL, '9096941712', 0, 0),
(1195, 1, 3062, 'L.A. County Golf Club', 'notspecified', 0, NULL, NULL, NULL, '', 0, 0),
(1196, 1, 3063, 'L.A. County Junior Golf Club', 'notspecified', 0, NULL, NULL, NULL, '', 0, 0),
(1197, 1, 3064, 'L.A. Police Golf Association', 'notspecified', 0, NULL, NULL, NULL, '', 0, 0),
(1198, 1, 3065, 'Lalo''s Bunch Golf Club', 'notspecified', 0, NULL, NULL, NULL, '6262012023', 0, 0),
(1199, 1, 3068, 'Los Amigos Senior Golf Club', 'notspecified', 0, NULL, NULL, NULL, '', 0, 0),
(1200, 1, 3069, 'Los Angeles City Golf Club', 'notspecified', 0, NULL, NULL, NULL, '8182461764', 0, 0),
(1201, 1, 3070, 'Los Paisanos Men''s Golf Club', 'notspecified', 0, NULL, NULL, NULL, '', 0, 0),
(1202, 1, 3071, 'Maggie Hathaway Golf Club', 'notspecified', 0, NULL, NULL, NULL, '3107433371', 0, 0),
(1203, 1, 3072, 'Mexican Amer Golf Amigo', 'notspecified', 0, NULL, NULL, NULL, '', 0, 0),
(1204, 1, 3074, 'Mountain Meadows Sr Men''s Club', 'notspecified', 0, NULL, NULL, NULL, '9095605355', 0, 0),
(1205, 1, 3075, 'North Oc Maga', 'associate', 0, NULL, NULL, NULL, '5626916111', 0, 0),
(1206, 1, 3076, 'Olivas Links Seniors Golf Club', 'notspecified', 0, NULL, NULL, NULL, '', 0, 0),
(1207, 1, 3077, 'Ontario Chap Sc Maga', 'notspecified', 0, NULL, NULL, NULL, '3238332007', 0, 0),
(1208, 1, 3078, 'Orange Co Sc Maga', 'notspecified', 0, NULL, NULL, NULL, '', 0, 0),
(1209, 1, 3079, 'P.O.Golf Association', 'notspecified', 0, NULL, NULL, NULL, '7146060990', 0, 0),
(1210, 1, 3081, 'Palm Royale', 'notspecified', 0, NULL, NULL, NULL, '', 0, 0),
(1211, 1, 3083, 'Paradise Knolls Senior Mens', 'notspecified', 0, NULL, NULL, NULL, '9516852633', 0, 0),
(1212, 1, 3084, 'Pasadena Mens Golf Club', 'notspecified', 0, NULL, NULL, NULL, '', 0, 0),
(1213, 1, 3085, 'Pico Narrows Golf Club', 'notspecified', 0, NULL, NULL, NULL, '', 0, 0),
(1214, 1, 3086, 'Pigbodies Golf Association', 'notspecified', 0, NULL, NULL, NULL, '', 0, 0),
(1215, 1, 3087, 'Polynesian Golf Club', 'notspecified', 0, NULL, NULL, NULL, '4242444641', 0, 0),
(1216, 1, 3089, 'Professional Gypsy Golf Assoc', 'notspecified', 0, NULL, NULL, NULL, '', 0, 0),
(1217, 1, 3091, 'Putts-N-Beers', 'notspecified', 0, NULL, NULL, NULL, '8184042952', 0, 0),
(1218, 1, 3092, 'Rancho Park Seniors Golf Club', 'notspecified', 0, NULL, NULL, NULL, '3108270727', 0, 0),
(1219, 1, 3093, 'Rand Golf Club', 'notspecified', 0, NULL, NULL, NULL, '3106285548', 0, 0),
(1220, 1, 3094, 'River Ridge Senior Men''s GC', 'notspecified', 0, NULL, NULL, NULL, '8056443835', 0, 0),
(1221, 1, 3095, 'Riverside Elks Golf Ac.', 'notspecified', 0, NULL, NULL, NULL, '9512121666', 0, 0),
(1222, 1, 3097, 'Riverside S C Maga', 'notspecified', 0, NULL, NULL, NULL, '9097097570', 0, 0),
(1223, 1, 3099, 'S.M.A.R.T. Assoc. Golf Club', 'notspecified', 0, NULL, NULL, NULL, '5627160055', 0, 0),
(1224, 1, 3100, 'Safety Services Golf Assoc', 'notspecified', 0, NULL, NULL, NULL, '8054952391', 0, 0),
(1225, 1, 3102, 'San Bernardino Sc Maga', 'notspecified', 0, NULL, NULL, NULL, '9095564699', 0, 0),
(1226, 1, 3103, 'San Dimas Golf Club', 'notspecified', 0, NULL, NULL, NULL, '9095992313', 0, 0),
(1227, 1, 3104, 'San Gabriel Valley Maga', 'notspecified', 0, NULL, NULL, NULL, '', 0, 0),
(1228, 1, 3106, 'Sand Trap Golf Club', 'notspecified', 0, NULL, NULL, NULL, '8182014420', 0, 0),
(1229, 1, 3107, 'Sandbaggers Golf Club', 'notspecified', 0, NULL, NULL, NULL, '9097322833', 0, 0),
(1230, 1, 3108, 'Saticoy Senior Men''s Golf Club', 'notspecified', 0, NULL, NULL, NULL, '8056474647', 0, 0),
(1231, 1, 3109, 'Sc Maga San Diego Chap', 'notspecified', 0, NULL, NULL, NULL, '7605357383', 0, 0),
(1232, 1, 3112, 'Senior South Bay Golf Club', 'notspecified', 0, NULL, NULL, NULL, '3232915656', 0, 0),
(1233, 1, 3113, 'Sepulveda Seniors', 'notspecified', 0, NULL, NULL, NULL, '8189177571', 0, 0),
(1234, 1, 3114, 'Simi Hills Players Club', 'notspecified', 0, NULL, NULL, NULL, '8055220803', 0, 0),
(1235, 1, 3116, 'Soule Park Senior Golf Club', 'notspecified', 0, NULL, NULL, NULL, '8056590863', 0, 0),
(1236, 1, 3118, 'South Bay Sc Maga', 'notspecified', 0, NULL, NULL, NULL, '5627601281', 0, 0),
(1237, 1, 3119, 'South Bay Senior Men''s GC', 'notspecified', 0, NULL, NULL, NULL, '3105167074', 0, 0),
(1238, 1, 3120, 'Southern CA Ind Swing', 'notspecified', 0, NULL, NULL, NULL, '', 0, 0),
(1239, 1, 3123, 'Tee-2-Green GC', 'notspecified', 0, NULL, NULL, NULL, '3232959338', 0, 0),
(1240, 1, 3124, 'Tega', 'notspecified', 0, NULL, NULL, NULL, '8183493115', 0, 0),
(1241, 1, 3125, 'Latino/A Golfers Golf Club', 'notspecified', 0, NULL, NULL, NULL, '2138048091', 0, 0),
(1242, 1, 3126, 'Tlargi Golf Club', 'associate', 0, NULL, NULL, NULL, '5629053456', 0, 0),
(1243, 1, 3129, 'Tridair/ Delron Golf Club', 'notspecified', 0, NULL, NULL, NULL, '3103454420', 0, 0),
(1244, 1, 3130, 'Triple S Seniors', 'notspecified', 0, NULL, NULL, NULL, '', 0, 0),
(1245, 1, 3131, 'Unidos Golf Club - Scga', 'notspecified', 0, NULL, NULL, NULL, '', 0, 0),
(1246, 1, 3132, 'Valley Business Mens', 'notspecified', 0, NULL, NULL, NULL, '', 0, 0),
(1247, 1, 3136, 'VFW 9938 Golf Club', 'notspecified', 0, NULL, NULL, NULL, '3109627304', 0, 0),
(1248, 1, 3137, 'Victoria Mens Senior Golf Club', 'notspecified', 0, NULL, NULL, NULL, '3108740331', 0, 0),
(1249, 1, 3138, 'Vista Seniors', 'notspecified', 0, NULL, NULL, NULL, '6273320769', 0, 0),
(1250, 1, 3140, 'Whittier Elks', 'notspecified', 0, NULL, NULL, NULL, '5626934268', 0, 0),
(1251, 1, 3141, 'Whittier Narrows Seniors', 'notspecified', 0, NULL, NULL, NULL, '', 0, 0),
(1252, 1, 3142, 'Extra Addresss Club', 'private', 0, NULL, NULL, NULL, '', 0, 0),
(1253, 1, 3145, 'The Trails Tournament Club', 'notspecified', 0, NULL, NULL, NULL, '5305453068', 0, 0),
(1254, 1, 3146, 'Cal Poly San Luis Obispo', 'public', 0, NULL, NULL, NULL, '7603900111', 0, 0),
(1255, 1, 3147, 'MGA La', 'public', 0, NULL, NULL, NULL, '3106263929', 0, 0),
(1256, 1, 5001, 'Club De Golf Los Cabos', 'notspecified', 0, NULL, NULL, NULL, '', 0, 0),
(1257, 1, 5002, 'Club De Golf Ensenada Baja', 'associate', 0, NULL, NULL, NULL, '', 0, 0),
(1258, 1, 5500, 'PGA Tour SS Irvine', 'associate', 0, NULL, NULL, NULL, '9492712950', 0, 0),
(1259, 1, 5501, 'PGA Tour SS - Palm Desert', 'notspecified', 0, NULL, NULL, NULL, '', 0, 0),
(1260, 1, 8000, 'Amer Golf Junior Club 132', 'notspecified', 0, NULL, NULL, NULL, '', 0, 0),
(1261, 1, 8004, 'Southern Area Youth Programs', 'notspecified', 0, NULL, NULL, NULL, '', 0, 0),
(1262, 1, 8005, 'Future Champions Golf Tour', 'notspecified', 0, NULL, NULL, NULL, '8582121547', 0, 0),
(1263, 1, 8008, 'Junior Golf L A City', 'notspecified', 0, NULL, NULL, NULL, '', 0, 0),
(1264, 1, 8009, 'Meadowlark Junior G C', 'notspecified', 0, NULL, NULL, NULL, '', 0, 0),
(1265, 1, 8010, 'Mountain Desert G.C.', 'notspecified', 0, NULL, NULL, NULL, '9095857333', 0, 0),
(1266, 1, 8011, 'North County Junior Golf', 'notspecified', 0, NULL, NULL, NULL, '', 0, 0),
(1267, 1, 8012, 'The First Tee Pasadena', 'notspecified', 0, NULL, NULL, NULL, '', 0, 0),
(1268, 1, 8013, 'Pro Kids Golf Club', 'notspecified', 0, NULL, NULL, NULL, '', 0, 0),
(1269, 1, 8014, 'S B Junior Golf Tour', 'notspecified', 0, NULL, NULL, NULL, '', 0, 0),
(1270, 1, 8015, 'San Diego Junior Golf', 'notspecified', 0, NULL, NULL, NULL, '', 0, 0),
(1271, 1, 8017, 'Scpga Junior Golf Tour', 'notspecified', 0, NULL, NULL, NULL, '9518454653', 0, 0),
(1272, 1, 8018, 'San Diego High School Boys', 'notspecified', 0, NULL, NULL, NULL, '', 0, 0),
(1273, 1, 8019, 'San Diego High School Girls', 'notspecified', 0, NULL, NULL, NULL, '', 0, 0),
(1274, 1, 8020, 'The First Tee Central Coast', 'notspecified', 0, NULL, NULL, NULL, '8056379415', 0, 0),
(1275, 1, 8021, 'Tiger Woods Learning Center', 'notspecified', 0, NULL, NULL, NULL, '', 0, 0),
(1276, 1, 8022, 'Total Golf Adventures-La', 'notspecified', 0, NULL, NULL, NULL, '3103330622', 0, 0),
(1277, 1, 8023, 'Valley Junior Golf Association', 'notspecified', 0, NULL, NULL, NULL, '9512233680', 0, 0),
(1278, 1, 8026, 'First Tee of Los Angeles', 'notspecified', 0, NULL, NULL, NULL, '2136808015', 0, 0),
(1279, 1, 8027, 'Long Beach Junior Golf', 'notspecified', 0, NULL, NULL, NULL, '5625701272', 0, 0),
(1280, 1, 8030, 'Lugg-Hrg- Scga', 'notspecified', 0, NULL, NULL, NULL, '7605336917', 0, 0),
(1281, 1, 8032, 'Scga Junior West', 'notspecified', 0, NULL, NULL, NULL, '', 0, 0),
(1282, 1, 8034, 'Scga Junior North', 'notspecified', 0, NULL, NULL, NULL, '', 0, 0),
(1283, 1, 8035, 'Scga Junior East', 'notspecified', 0, NULL, NULL, NULL, '', 0, 0),
(1284, 1, 8036, 'Scga Junior South', 'notspecified', 0, NULL, NULL, NULL, '', 0, 0),
(1285, 1, 8037, 'Scga Junior Club', 'associate', 0, NULL, NULL, NULL, '8189803630', 0, 0);

--
-- Truncate table before insert `gn_member_club_migration`
--

TRUNCATE TABLE `gn_member_club_migration`;
--
-- Truncate table before insert `gn_member_club_type`
--

TRUNCATE TABLE `gn_member_club_type`;
--
-- Dumping data for table `gn_member_club_type`
--

INSERT INTO `gn_member_club_type` (`member_club_type_cd`, `member_club_type_value`) VALUES
('associate', 'Associate'),
('military', 'Military'),
('notspecified', 'NotSpecified'),
('private', 'Private'),
('public', 'Public'),
('resort', 'Resort'),
('semiprivate', 'SemiPrivate');

--
-- Truncate table before insert `gn_member_club_zip`
--

TRUNCATE TABLE `gn_member_club_zip`;
--
-- Dumping data for table `gn_member_club_zip`
--

INSERT INTO `gn_member_club_zip` (`club_id`, `zip_code`) VALUES
(55, '90027'),
(55, '91604'),
(62, '20001'),
(63, '90005'),
(63, '90006');

--
-- Truncate table before insert `gn_member_status`
--

TRUNCATE TABLE `gn_member_status`;
--
-- Dumping data for table `gn_member_status`
--

INSERT INTO `gn_member_status` (`member_status_cd`, `member_status_value`) VALUES
('active', 'Active'),
('deleted', 'Deleted'),
('inactive', 'Inactive'),
('pending', 'Pending');

--
-- Truncate table before insert `gn_merchant_fee_bill_option`
--

TRUNCATE TABLE `gn_merchant_fee_bill_option`;
--
-- Dumping data for table `gn_merchant_fee_bill_option`
--

INSERT INTO `gn_merchant_fee_bill_option` (`merchant_fee_bill_cd`, `merchant_fee_bill_option`) VALUES
('split', 'Merchant fees are split between association and clubs'),
('to_assn', 'Merchant fees are paid by association'),
('to_club', 'Merchant fees are paid by clubs');

--
-- Truncate table before insert `gn_merchant_payment`
--

TRUNCATE TABLE `gn_merchant_payment`;
--
-- Truncate table before insert `gn_merchant_provider`
--

TRUNCATE TABLE `gn_merchant_provider`;
--
-- Dumping data for table `gn_merchant_provider`
--

INSERT INTO `gn_merchant_provider` (`merchant_provider_id`, `merchant_provider_name`) VALUES
(1, 'nmi');

--
-- Truncate table before insert `gn_merchant_synch_queue`
--

TRUNCATE TABLE `gn_merchant_synch_queue`;
--
-- Truncate table before insert `gn_merch_pmt_transaction`
--

TRUNCATE TABLE `gn_merch_pmt_transaction`;
--
-- Truncate table before insert `gn_merch_trans_result`
--

TRUNCATE TABLE `gn_merch_trans_result`;
--
-- Truncate table before insert `gn_merch_trans_type`
--

TRUNCATE TABLE `gn_merch_trans_type`;
--
-- Truncate table before insert `gn_payment_type`
--

TRUNCATE TABLE `gn_payment_type`;
--
-- Dumping data for table `gn_payment_type`
--

INSERT INTO `gn_payment_type` (`payment_type_cd`, `payment_type_value`) VALUES
('check', 'Check'),
('check_to_club', 'Check to Club'),
('credit_card', 'Credit Card'),
('refund', 'Refund');

--
-- Truncate table before insert `gn_pay_method_type`
--

TRUNCATE TABLE `gn_pay_method_type`;
--
-- Dumping data for table `gn_pay_method_type`
--

INSERT INTO `gn_pay_method_type` (`pay_method_type_cd`, `pay_method_type_value`) VALUES
('amex', 'American Express'),
('discover', 'Discover'),
('mastercard', 'Master Card'),
('visa', 'Visa');

--
-- Truncate table before insert `gn_renewal_status`
--

TRUNCATE TABLE `gn_renewal_status`;
--
-- Dumping data for table `gn_renewal_status`
--

INSERT INTO `gn_renewal_status` (`renewal_status_cd`, `renewal_status_value`) VALUES
('canceled', 'Renewal canceled'),
('completed', 'Renewal completed'),
('deactivated', 'Deactivated'),
('not_started', 'Renewal not started'),
('reminder_sent', 'Reminder'),
('started', 'Renewal started');

--
-- Truncate table before insert `gn_role_type`
--

TRUNCATE TABLE `gn_role_type`;
--
-- Truncate table before insert `gn_scoring_type`
--

TRUNCATE TABLE `gn_scoring_type`;
--
-- Truncate table before insert `gn_shot_detail`
--

TRUNCATE TABLE `gn_shot_detail`;
--
-- Truncate table before insert `gn_show_golfer_address`
--

TRUNCATE TABLE `gn_show_golfer_address`;
--
-- Dumping data for table `gn_show_golfer_address`
--

INSERT INTO `gn_show_golfer_address` (`show_golfer_address_cd`, `show_golfer_address_value`) VALUES
('always_show', 'Always show golfer address'),
('never_show', 'Never show golfer address'),
('with_customer_num', 'Show address only if GHIN # is provided');

--
-- Truncate table before insert `gn_subscription`
--

TRUNCATE TABLE `gn_subscription`;
--
-- Dumping data for table `gn_subscription`
--

INSERT INTO `gn_subscription` (`subscription_id`, `club_customer_id`, `subscription_type_id`, `subscription_status_cd`, `status_reason`, `start_date`, `end_date`, `auto_renew`, `auto_renewal_date`, `renewal_status_cd`, `recurring_merch_token`) VALUES
(1, 1, 32, 'active', '', '0000-00-00', '0000-00-00', 0, NULL, NULL, NULL),
(2, 2, 36, 'active', '', '0000-00-00', '0000-00-00', 0, NULL, NULL, NULL),
(3, 3, 44, 'active', '', '0000-00-00', '0000-00-00', 0, NULL, NULL, NULL),
(4, 4, 44, 'active', '', '0000-00-00', '0000-00-00', 0, NULL, NULL, NULL),
(5, 5, 40, 'active', '', '2015-11-23', '0000-00-00', 0, NULL, NULL, NULL),
(6, 6, 44, 'active', '', '0000-00-00', '0000-00-00', 0, NULL, NULL, NULL),
(7, 7, 40, 'active', '', '2015-11-25', '0000-00-00', 0, NULL, NULL, NULL),
(8, 8, 44, 'active', '', '0000-00-00', '0000-00-00', 0, NULL, NULL, NULL),
(9, 9, 40, 'active', '', '0000-00-00', '0000-00-00', 0, NULL, NULL, NULL),
(10, 10, 44, 'active', '', '0000-00-00', '0000-00-00', 0, NULL, NULL, NULL),
(11, 12, 40, 'active', '', '0000-00-00', '0000-00-00', 0, NULL, NULL, NULL),
(12, 14, 36, 'active', '', '0000-00-00', '0000-00-00', 0, NULL, NULL, NULL),
(13, 15, 40, 'active', '', '0000-00-00', '0000-00-00', 0, NULL, NULL, NULL),
(14, 16, 36, 'rejected', '', '2015-11-29', '0000-00-00', 0, NULL, NULL, NULL),
(15, 19, 36, 'rejected', '', '2015-12-09', '0000-00-00', 0, NULL, NULL, NULL),
(16, 20, 36, 'active', '', '2015-12-09', '0000-00-00', 0, NULL, NULL, NULL),
(17, 22, 36, 'active', '', '2015-11-08', '0000-00-00', 0, NULL, NULL, NULL),
(18, 23, 36, 'active', '', '2015-11-10', '0000-00-00', 0, NULL, NULL, NULL),
(19, 24, 36, 'active', '', '0000-00-00', '0000-00-00', 0, NULL, NULL, NULL),
(20, 26, 36, 'active', '', '0000-00-00', '0000-00-00', 0, NULL, NULL, NULL),
(21, 27, 36, 'active', '', '0000-00-00', '0000-00-00', 0, NULL, NULL, NULL),
(22, 28, 36, 'active', '', '0000-00-00', '0000-00-00', 0, NULL, NULL, NULL),
(23, 29, 28, 'active', '', '2016-06-14', '0000-00-00', 0, NULL, NULL, NULL),
(24, 30, 36, 'active', '', '0000-00-00', '0000-00-00', 0, NULL, NULL, NULL),
(25, 31, 36, 'active', '', '0000-00-00', '0000-00-00', 0, NULL, NULL, NULL),
(26, 32, 36, 'active', '', '0000-00-00', '0000-00-00', 0, NULL, NULL, NULL),
(27, 33, 36, 'active', '', '2015-11-13', '0000-00-00', 0, NULL, NULL, NULL),
(28, 34, 40, 'active', '', '2015-11-16', '0000-00-00', 0, NULL, NULL, NULL),
(29, 35, 40, 'active', '', '2015-11-18', '0000-00-00', 0, NULL, NULL, NULL),
(30, 36, 36, 'active', '', '2015-11-18', '0000-00-00', 0, NULL, NULL, NULL),
(31, 37, 36, 'active', '', '2016-06-13', '0000-00-00', 1, NULL, 'not_started', NULL),
(32, 38, 36, 'active', '', '2015-11-18', '0000-00-00', 0, NULL, NULL, NULL),
(33, 40, 26, 'active', '', '2015-11-18', '0000-00-00', 0, NULL, NULL, NULL),
(34, 41, 32, 'active', '', '2015-11-18', '0000-00-00', 0, NULL, NULL, NULL),
(35, 42, 40, 'active', '', '2016-01-07', '0000-00-00', 0, NULL, NULL, NULL),
(36, 43, 41, 'active', '', '2016-01-06', '0000-00-00', 0, NULL, NULL, NULL),
(37, 44, 40, 'active', '', '2016-01-07', '0000-00-00', 0, NULL, NULL, NULL),
(38, 45, 36, 'active', '', '2016-01-04', '0000-00-00', 0, NULL, NULL, NULL),
(39, 47, 36, 'active', '', '2015-12-14', '0000-00-00', 0, NULL, NULL, NULL),
(40, 48, 36, 'active', '', '2016-02-21', '0000-00-00', 0, NULL, NULL, NULL),
(41, 49, 36, 'active', '', '2015-12-16', '0000-00-00', 0, NULL, NULL, NULL),
(42, 50, 36, 'active', '', '2016-01-11', '0000-00-00', 0, NULL, NULL, NULL),
(43, 51, 36, 'active', '', '2015-12-28', '0000-00-00', 0, NULL, NULL, NULL),
(44, 52, 28, 'active', '', '2016-06-21', '0000-00-00', 1, NULL, 'not_started', NULL),
(45, 53, 36, 'active', '', '2015-12-28', '0000-00-00', 0, NULL, NULL, NULL),
(46, 55, 40, 'active', '', '2016-01-07', '0000-00-00', 0, NULL, NULL, NULL),
(47, 56, 36, 'active', '', '2016-06-13', '0000-00-00', 0, NULL, NULL, NULL),
(48, 57, 40, 'active', '', '2015-12-29', '0000-00-00', 0, NULL, NULL, NULL),
(49, 58, 40, 'active', '', '2015-12-30', '0000-00-00', 0, NULL, NULL, NULL),
(50, 59, 40, 'active', '', '2015-12-30', '0000-00-00', 0, NULL, NULL, NULL),
(51, 60, 40, 'active', '', '2015-12-30', '0000-00-00', 0, NULL, NULL, NULL),
(52, 61, 36, 'active', '', '2015-12-30', '0000-00-00', 0, NULL, NULL, NULL),
(53, 62, 40, 'active', '', '2015-12-30', '0000-00-00', 0, NULL, NULL, NULL),
(54, 63, 32, 'active', '', '2016-01-06', '0000-00-00', 0, NULL, NULL, NULL),
(55, 64, 40, 'rejected', '', '2016-01-05', '0000-00-00', 0, NULL, NULL, NULL),
(56, 65, 40, 'active', '', '2016-01-06', '0000-00-00', 0, NULL, NULL, NULL),
(57, 66, 40, 'active', '', '2016-01-06', '0000-00-00', 0, NULL, NULL, NULL),
(58, 67, 40, 'active', '', '2016-01-06', '0000-00-00', 0, NULL, NULL, NULL),
(59, 68, 40, 'rejected', '', '2016-01-07', '0000-00-00', 0, NULL, NULL, NULL),
(60, 69, 40, 'active', '', '2016-01-07', '0000-00-00', 0, NULL, NULL, NULL),
(61, 70, 40, 'active', '', '2016-01-07', '0000-00-00', 0, NULL, NULL, NULL),
(62, 72, 40, 'active', '', '2016-01-08', '0000-00-00', 0, NULL, NULL, NULL),
(63, 73, 36, 'active', '', '2016-01-21', '0000-00-00', 0, NULL, NULL, NULL),
(64, 74, 32, 'active', '', '2016-06-09', '0000-00-00', 0, NULL, NULL, NULL),
(65, 76, 28, 'active', '', '2016-06-20', '0000-00-00', 1, NULL, 'not_started', NULL),
(66, 77, 36, 'active', '', '2016-06-13', '0000-00-00', 0, NULL, NULL, NULL),
(67, 78, 40, 'rejected', '', '2016-03-15', '0000-00-00', 0, NULL, NULL, NULL),
(68, 79, 40, 'rejected', '', '2016-03-16', '0000-00-00', 0, NULL, NULL, NULL),
(69, 80, 40, 'rejected', '', '2016-03-16', '0000-00-00', 1, NULL, 'not_started', NULL),
(70, 81, 40, 'active', '', '2016-03-16', '0000-00-00', 0, NULL, NULL, NULL),
(71, 83, 40, 'rejected', '', '2016-03-19', '0000-00-00', 1, NULL, 'not_started', NULL),
(72, 84, 40, 'rejected', '', '2016-03-20', '0000-00-00', 1, NULL, 'not_started', NULL),
(73, 85, 32, 'active', '', '2016-06-09', '0000-00-00', 0, NULL, NULL, NULL),
(74, 86, 34, 'rejected', '', '2016-04-15', '0000-00-00', 0, NULL, NULL, NULL),
(75, 87, 34, 'active', '', '2016-04-15', '0000-00-00', 0, NULL, NULL, NULL),
(76, 88, 40, 'active', '', '2016-04-20', '0000-00-00', 0, NULL, NULL, NULL),
(77, 89, 40, 'active', '', '2016-05-10', '0000-00-00', 0, NULL, NULL, NULL),
(78, 90, 40, 'active', '', '2016-05-10', '0000-00-00', 0, NULL, NULL, NULL),
(79, 91, 36, 'active', '', '2016-05-17', '0000-00-00', 0, NULL, NULL, NULL),
(80, 92, 40, 'active', '', '2016-05-19', '0000-00-00', 0, NULL, NULL, NULL),
(81, 93, 40, 'active', '', '2016-05-19', '0000-00-00', 0, NULL, NULL, NULL),
(82, 94, 40, 'active', '', '2016-05-23', '0000-00-00', 0, NULL, NULL, NULL),
(83, 95, 40, 'active', '', '2016-05-23', '0000-00-00', 0, NULL, NULL, NULL),
(84, 97, 40, 'active', '', '2016-05-24', '0000-00-00', 0, NULL, NULL, NULL),
(85, 98, 40, 'active', '', '2016-05-24', '0000-00-00', 0, NULL, NULL, NULL),
(86, 100, 40, 'active', '', '2016-06-01', '0000-00-00', 0, NULL, NULL, NULL),
(87, 102, 36, 'active', '', '2016-05-26', '0000-00-00', 0, NULL, NULL, NULL),
(88, 103, 36, 'active', '', '2016-05-26', '0000-00-00', 0, NULL, NULL, NULL),
(89, 105, 36, 'active', '', '2016-05-26', '0000-00-00', 0, NULL, NULL, NULL),
(90, 106, 36, 'active', '', '2016-05-26', '0000-00-00', 0, NULL, NULL, NULL),
(91, 107, 36, 'active', '', '2016-05-26', '0000-00-00', 0, NULL, NULL, NULL),
(92, 108, 35, 'active', '', '2016-05-26', '0000-00-00', 0, NULL, NULL, NULL),
(93, 111, 40, 'active', '', '2016-05-27', '0000-00-00', 0, NULL, NULL, NULL),
(94, 112, 40, 'active', '', '2016-06-01', '0000-00-00', 0, NULL, NULL, NULL),
(95, 113, 40, 'active', '', '2016-06-01', '0000-00-00', 0, NULL, NULL, NULL),
(96, 115, 41, 'active', '', '2016-06-01', '0000-00-00', 0, NULL, NULL, NULL),
(97, 116, 40, 'active', '', '2016-06-01', '0000-00-00', 1, NULL, 'not_started', NULL),
(98, 117, 29, 'active', '', '2016-06-01', '0000-00-00', 1, NULL, 'not_started', NULL),
(99, 118, 30, 'active', '', '2016-06-01', '0000-00-00', 0, NULL, NULL, NULL),
(100, 119, 30, 'active', '', '2016-06-03', '0000-00-00', 0, NULL, NULL, NULL),
(101, 120, 32, 'active', '', '2016-06-03', '0000-00-00', 0, NULL, NULL, NULL),
(102, 123, 32, 'active', '', '2016-06-06', '0000-00-00', 0, NULL, NULL, NULL),
(103, 124, 41, 'active', '', '2016-06-06', '0000-00-00', 1, NULL, 'not_started', NULL),
(104, 127, 29, 'active', '', '2016-06-07', '0000-00-00', 0, NULL, NULL, NULL),
(105, 128, 29, 'active', '', '2016-06-07', '0000-00-00', 0, NULL, NULL, NULL),
(106, 130, 32, 'active', '', '2016-06-09', '0000-00-00', 0, NULL, NULL, NULL),
(107, 131, 36, 'active', '', '2016-06-09', '0000-00-00', 0, NULL, NULL, NULL),
(108, 132, 32, 'active', '', '2016-06-09', '0000-00-00', 0, NULL, NULL, NULL),
(109, 133, 32, 'active', '', '2016-06-09', '0000-00-00', 0, NULL, NULL, NULL),
(110, 134, 32, 'active', '', '2016-06-09', '0000-00-00', 0, NULL, NULL, NULL),
(111, 135, 36, 'active', '', '2016-06-10', '0000-00-00', 0, NULL, NULL, NULL),
(112, 136, 36, 'active', '', '2016-06-10', '0000-00-00', 0, NULL, NULL, NULL),
(113, 137, 32, 'active', '', '2016-06-10', '0000-00-00', 0, NULL, NULL, NULL),
(114, 138, 30, 'active', '', '2016-06-10', '0000-00-00', 0, NULL, NULL, NULL),
(115, 139, 32, 'active', '', '2016-06-10', '0000-00-00', 0, NULL, NULL, NULL),
(116, 140, 30, 'active', '', '2016-06-13', '0000-00-00', 0, NULL, NULL, NULL),
(117, 141, 32, 'active', '', '2016-06-13', '0000-00-00', 1, NULL, 'not_started', NULL),
(118, 142, 28, 'active', '', '2016-06-17', '0000-00-00', 1, NULL, 'completed', NULL),
(119, 143, 36, 'active', '', '2016-06-14', '0000-00-00', 0, NULL, NULL, NULL),
(120, 146, 27, 'active', '', '2016-06-14', '0000-00-00', 0, NULL, NULL, NULL),
(121, 147, 27, 'active', '', '2016-06-15', '0000-00-00', 0, NULL, NULL, NULL),
(122, 148, 28, 'active', '', '2016-07-25', '0000-00-00', 1, NULL, 'completed', NULL),
(123, 149, 36, 'active', '', '2016-06-19', '0000-00-00', 0, NULL, NULL, NULL),
(124, 150, 28, 'active', '', '2016-06-20', '0000-00-00', 1, NULL, 'not_started', NULL),
(125, 151, 30, 'active', '', '2016-06-22', '0000-00-00', 1, NULL, 'not_started', NULL),
(126, 152, 28, 'active', '', '2016-06-22', '0000-00-00', 1, NULL, 'completed', NULL),
(127, 153, 28, 'active', '', '2016-06-20', '0000-00-00', 1, NULL, 'not_started', NULL),
(128, 154, 25, 'active', '', '2016-06-22', '0000-00-00', 0, NULL, NULL, NULL),
(129, 155, 36, 'active', '', '2016-06-22', '0000-00-00', 0, NULL, NULL, NULL),
(130, 156, 26, 'active', '', '2016-06-22', '0000-00-00', 1, NULL, 'not_started', NULL),
(131, 158, 28, 'active', '', '2016-07-08', '0000-00-00', 0, NULL, NULL, NULL),
(132, 159, 28, 'active', '', '2016-07-08', '0000-00-00', 0, NULL, NULL, NULL),
(133, 160, 28, 'active', '', '2016-07-08', '0000-00-00', 0, NULL, NULL, NULL),
(134, 161, 28, 'active', '', '2016-07-08', '0000-00-00', 0, NULL, NULL, NULL),
(135, 162, 28, 'active', '', '2016-07-08', '0000-00-00', 0, NULL, NULL, NULL),
(136, 163, 28, 'active', '', '2016-07-08', '0000-00-00', 0, NULL, NULL, NULL),
(137, 164, 28, 'active', '', '2016-07-08', '0000-00-00', 0, NULL, NULL, NULL),
(138, 165, 28, 'active', '', '2016-07-08', '0000-00-00', 0, NULL, NULL, NULL),
(139, 166, 28, 'active', '', '2016-07-08', '0000-00-00', 0, NULL, NULL, NULL),
(140, 167, 28, 'active', '', '2016-07-08', '0000-00-00', 0, NULL, NULL, NULL),
(141, 168, 28, 'active', '', '2016-07-08', '0000-00-00', 0, NULL, NULL, NULL),
(142, 169, 28, 'active', '', '2016-07-08', '0000-00-00', 0, NULL, NULL, NULL),
(143, 170, 28, 'active', '', '2016-07-08', '0000-00-00', 0, NULL, NULL, NULL),
(144, 171, 36, 'active', '', '2016-07-10', '0000-00-00', 0, NULL, NULL, NULL),
(145, 172, 28, 'active', '', '2016-07-10', '0000-00-00', 0, NULL, NULL, NULL),
(146, 173, 27, 'active', '', '2016-07-18', '0000-00-00', 0, NULL, NULL, NULL),
(147, 174, 28, 'active', '', '2016-07-11', '0000-00-00', 0, NULL, NULL, NULL),
(148, 175, 36, 'active', '', '2016-07-11', '0000-00-00', 0, NULL, NULL, NULL),
(149, 176, 28, 'active', '', '2016-07-11', '0000-00-00', 0, NULL, NULL, NULL),
(150, 177, 36, 'active', '', '2016-07-11', '0000-00-00', 0, NULL, NULL, NULL),
(151, 178, 28, 'active', '', '2016-07-11', '0000-00-00', 0, NULL, NULL, NULL),
(152, 179, 28, 'active', '', '2016-07-11', '0000-00-00', 0, NULL, NULL, NULL),
(153, 180, 28, 'active', '', '2016-07-11', '0000-00-00', 0, NULL, NULL, NULL),
(154, 181, 28, 'active', '', '2016-07-11', '0000-00-00', 0, NULL, NULL, NULL),
(155, 182, 28, 'active', '', '2016-07-11', '0000-00-00', 0, NULL, NULL, NULL),
(156, 183, 25, 'active', '', '2016-07-14', '0000-00-00', 0, NULL, NULL, NULL),
(157, 184, 30, 'active', '', '2016-07-12', '0000-00-00', 0, NULL, NULL, NULL),
(158, 185, 28, 'active', '', '2016-07-12', '0000-00-00', 0, NULL, NULL, NULL),
(159, 186, 28, 'active', '', '2016-07-12', '0000-00-00', 0, NULL, NULL, NULL),
(160, 187, 28, 'active', '', '2016-07-12', '0000-00-00', 0, NULL, NULL, NULL),
(161, 188, 28, 'active', '', '2016-07-13', '0000-00-00', 0, NULL, NULL, NULL),
(162, 189, 28, 'active', '', '2016-07-13', '0000-00-00', 0, NULL, NULL, NULL),
(163, 190, 28, 'active', '', '2016-07-13', '0000-00-00', 0, NULL, NULL, NULL),
(164, 191, 28, 'active', '', '2016-07-13', '0000-00-00', 0, NULL, NULL, NULL),
(165, 192, 28, 'active', '', '2016-07-13', '0000-00-00', 0, NULL, NULL, NULL),
(166, 193, 28, 'active', '', '2016-07-13', '0000-00-00', 0, NULL, NULL, NULL),
(167, 194, 28, 'active', '', '2016-07-13', '0000-00-00', 0, NULL, NULL, NULL),
(168, 195, 28, 'active', '', '2016-07-14', '0000-00-00', 0, NULL, NULL, NULL),
(169, 196, 28, 'active', '', '2016-07-14', '0000-00-00', 0, NULL, NULL, NULL),
(170, 197, 28, 'active', '', '2016-07-14', '0000-00-00', 0, NULL, NULL, NULL),
(171, 198, 28, 'active', '', '2016-07-14', '0000-00-00', 0, NULL, NULL, NULL),
(172, 199, 28, 'active', '', '2016-07-14', '0000-00-00', 0, NULL, NULL, NULL),
(173, 200, 28, 'active', '', '2016-07-14', '0000-00-00', 0, NULL, NULL, NULL),
(174, 201, 28, 'active', '', '2016-07-14', '0000-00-00', 0, NULL, NULL, NULL),
(175, 202, 28, 'active', '', '2016-07-14', '0000-00-00', 0, NULL, NULL, NULL),
(176, 203, 28, 'active', '', '2016-07-14', '0000-00-00', 0, NULL, NULL, NULL),
(177, 204, 30, 'active', '', '2016-07-18', '0000-00-00', 0, NULL, NULL, NULL),
(178, 205, 22, 'active', '', '2016-07-18', '0000-00-00', 0, NULL, NULL, NULL),
(179, 206, 23, 'active', '', '2016-07-18', '0000-00-00', 0, NULL, NULL, NULL),
(180, 207, 36, 'active', '', '2016-07-18', '0000-00-00', 0, NULL, NULL, NULL),
(181, 208, 36, 'active', '', '2016-07-18', '0000-00-00', 0, NULL, NULL, NULL),
(182, 209, 30, 'active', '', '2016-07-18', '0000-00-00', 0, NULL, NULL, NULL),
(183, 210, 22, 'active', '', '2016-07-18', '0000-00-00', 0, NULL, NULL, NULL),
(184, 211, 22, 'active', '', '2016-07-18', '0000-00-00', 0, NULL, NULL, NULL),
(185, 212, 28, 'active', '', '2016-07-19', '0000-00-00', 0, NULL, NULL, NULL),
(186, 213, 28, 'active', '', '2016-07-19', '0000-00-00', 0, NULL, NULL, NULL),
(187, 214, 36, 'active', '', '2016-07-19', '0000-00-00', 1, NULL, 'not_started', NULL),
(188, 215, 36, 'active', '', '2016-07-19', '0000-00-00', 1, NULL, 'not_started', NULL),
(189, 216, 28, 'active', '', '2016-07-20', '0000-00-00', 0, NULL, NULL, NULL),
(190, 217, 28, 'active', '', '2016-07-20', '0000-00-00', 0, NULL, NULL, NULL),
(191, 218, 28, 'active', '', '2016-07-20', '0000-00-00', 0, NULL, NULL, NULL),
(192, 219, 28, 'active', '', '2016-07-20', '0000-00-00', 0, NULL, NULL, NULL),
(193, 220, 28, 'active', '', '2016-07-20', '0000-00-00', 0, NULL, NULL, NULL),
(194, 221, 28, 'active', '', '2016-07-20', '0000-00-00', 0, NULL, NULL, NULL),
(195, 222, 28, 'active', '', '2016-07-20', '0000-00-00', 0, NULL, NULL, NULL),
(196, 223, 28, 'active', '', '2016-07-20', '0000-00-00', 0, NULL, NULL, NULL),
(197, 224, 28, 'active', '', '2016-07-20', '0000-00-00', 0, NULL, NULL, NULL),
(198, 225, 28, 'active', '', '2016-07-20', '0000-00-00', 1, NULL, 'not_started', NULL),
(199, 227, 26, 'active', '', '2016-07-20', '0000-00-00', 1, NULL, 'completed', NULL),
(200, 228, 28, 'active', '', '2016-07-22', '0000-00-00', 0, NULL, NULL, NULL),
(201, 229, 22, 'active', '', '2016-07-22', '0000-00-00', 0, NULL, NULL, NULL),
(202, 230, 22, 'active', '', '2016-07-22', '0000-00-00', 0, NULL, NULL, NULL),
(203, 231, 22, 'active', '', '2016-07-22', '0000-00-00', 1, NULL, 'completed', NULL),
(204, 232, 28, 'active', '', '2016-07-22', '0000-00-00', 1, NULL, 'not_started', NULL),
(205, 233, 28, 'active', '', '2016-07-24', '0000-00-00', 0, NULL, NULL, NULL),
(206, 234, 28, 'active', '', '2016-07-24', '0000-00-00', 0, NULL, NULL, NULL),
(207, 235, 28, 'active', '', '2016-07-25', '0000-00-00', 0, NULL, NULL, NULL),
(208, 236, 28, 'active', '', '2016-07-25', '0000-00-00', 1, NULL, 'not_started', NULL),
(209, 237, 28, 'active', '', '2016-07-25', '0000-00-00', 1, NULL, 'completed', NULL),
(210, 238, 28, 'active', '', '2016-07-25', '0000-00-00', 1, NULL, 'completed', NULL),
(211, 239, 28, 'active', '', '2016-07-25', '0000-00-00', 1, NULL, 'completed', NULL),
(212, 240, 28, 'active', '', '2016-07-25', '0000-00-00', 1, NULL, 'completed', NULL),
(213, 241, 28, 'active', '', '2016-07-25', '0000-00-00', 1, NULL, 'completed', NULL),
(214, 242, 28, 'active', '', '2016-07-26', '0000-00-00', 0, NULL, NULL, NULL),
(215, 243, 28, 'active', '', '2016-07-26', '0000-00-00', 1, NULL, 'not_started', NULL),
(216, 244, 28, 'active', '', '2016-07-26', '0000-00-00', 1, NULL, 'not_started', NULL),
(217, 245, 15, 'active', '', '2016-08-15', '0000-00-00', 1, NULL, 'not_started', NULL),
(218, 246, 12, 'active', '', '2016-08-22', '0000-00-00', 0, NULL, NULL, NULL),
(219, 247, 13, 'active', '', '2016-08-17', '0000-00-00', 0, NULL, NULL, NULL),
(220, 248, 12, 'active', '', '2016-08-17', '0000-00-00', 0, NULL, NULL, NULL),
(221, 249, 15, 'active', '', '2016-08-18', '0000-00-00', 0, NULL, NULL, NULL),
(222, 250, 18, 'active', '', '2016-08-18', '0000-00-00', 0, NULL, NULL, NULL),
(223, 251, 16, 'active', '', '2016-08-18', '0000-00-00', 0, NULL, NULL, NULL),
(224, 252, 25, 'active', '', '2016-08-18', '0000-00-00', 0, NULL, NULL, NULL),
(225, 253, 36, 'active', '', '2016-08-18', '0000-00-00', 0, NULL, NULL, NULL),
(226, 254, 22, 'active', '', '2016-08-18', '0000-00-00', 0, NULL, NULL, NULL),
(227, 255, 21, 'active', '', '2016-08-18', '0000-00-00', 0, NULL, NULL, NULL),
(228, 256, 12, 'active', '', '2016-08-18', '0000-00-00', 1, NULL, 'not_started', NULL),
(229, 257, 12, 'active', '', '2016-08-18', '0000-00-00', 1, NULL, 'not_started', NULL),
(230, 258, 10, 'active', '', '2016-08-19', '0000-00-00', 0, NULL, NULL, NULL),
(231, 259, 3, 'active', '', '2016-08-22', '0000-00-00', 0, NULL, NULL, NULL),
(232, 260, 10, 'active', '', '2016-08-22', '0000-00-00', 0, NULL, NULL, NULL),
(233, 261, 12, 'active', '', '2016-08-22', '0000-00-00', 0, NULL, NULL, NULL),
(234, 262, 15, 'active', '', '2016-08-22', '0000-00-00', 0, NULL, NULL, NULL),
(235, 263, 8, 'active', '', '2016-08-22', '0000-00-00', 0, NULL, NULL, NULL),
(236, 264, 9, 'active', '', '2016-08-22', '0000-00-00', 0, NULL, NULL, NULL),
(237, 265, 2, 'active', NULL, '2017-01-11', '2017-12-31', 0, NULL, NULL, NULL),
(238, 266, 2, 'active', NULL, '2016-11-12', '2017-12-31', 0, NULL, NULL, NULL),
(239, 267, 2, 'active', NULL, '2016-11-12', '2017-12-31', 0, NULL, NULL, NULL),
(240, 268, 2, 'active', NULL, '2016-12-12', '2017-12-31', 0, NULL, NULL, NULL),
(241, 269, 2, 'active', NULL, '2016-12-12', '2017-01-11', 0, NULL, NULL, NULL),
(242, 127, 2, 'active', NULL, '0000-00-00', '2017-12-31', 0, NULL, NULL, NULL),
(243, 402, 1, 'active', NULL, '2016-11-14', '2017-12-31', 1, '2017-11-14', NULL, NULL),
(244, 403, 1, 'active', NULL, '2016-11-14', '2017-12-31', 1, '2017-11-14', NULL, NULL),
(245, 411, 1, 'active', NULL, '2016-11-14', '2017-12-31', 1, '2017-11-14', NULL, NULL),
(246, 424, 1, 'active', NULL, '2016-11-14', '2017-12-31', 1, '2017-11-14', NULL, NULL),
(247, 425, 1, 'active', NULL, '2016-11-14', '2017-12-31', 1, '2017-11-14', NULL, NULL),
(248, 426, 1, 'active', NULL, '2016-11-14', '2017-12-31', 1, '2017-11-14', NULL, NULL),
(249, 427, 1, 'active', NULL, '2016-11-14', '2017-12-31', 1, '2017-11-14', NULL, NULL),
(250, 428, 1, 'active', NULL, '2016-11-14', '2017-12-31', 1, '2017-11-14', NULL, NULL),
(251, 429, 1, 'active', NULL, '2016-11-14', '2017-12-31', 1, '2017-11-14', NULL, NULL),
(252, 430, 1, 'active', NULL, '2016-11-14', '2017-12-31', 1, '2017-11-14', NULL, NULL),
(253, 431, 1, 'active', NULL, '2016-11-14', '2017-12-31', 1, '2017-11-14', NULL, NULL),
(254, 432, 20, 'active', NULL, '2016-11-14', '2017-12-31', 1, '2017-11-14', 'not_started', NULL),
(255, 433, 21, 'active', NULL, '2016-11-14', '2017-12-31', 1, '2017-11-14', 'not_started', NULL),
(256, 434, 1, 'active', NULL, '2016-11-14', '2017-12-31', 1, '2017-11-14', NULL, NULL),
(257, 435, 1, 'active', NULL, '2016-11-14', '2017-12-31', 1, '2017-11-14', NULL, NULL),
(258, 436, 1, 'active', NULL, '2016-11-14', '2017-12-31', 1, '2017-11-14', NULL, NULL),
(259, 437, 1, 'active', NULL, '2016-11-14', '2017-12-31', 1, '2017-11-14', NULL, NULL),
(260, 438, 1, 'active', NULL, '2016-11-14', '2017-12-31', 1, '2017-11-14', NULL, NULL),
(261, 439, 1, 'active', NULL, '2016-11-14', '2017-12-31', 1, '2017-11-14', NULL, NULL),
(262, 440, 7, 'active', NULL, '2016-12-14', '2017-12-31', 0, NULL, NULL, NULL);

--
-- Truncate table before insert `gn_subscription_club_filter`
--

TRUNCATE TABLE `gn_subscription_club_filter`;
--
-- Dumping data for table `gn_subscription_club_filter`
--

INSERT INTO `gn_subscription_club_filter` (`subscription_fee_id`, `club_service_id`, `apply_fee_override`, `fee_override`) VALUES
(48, 1, 0, NULL),
(48, 2, 0, NULL),
(48, 3, 0, NULL),
(48, 4, 0, NULL),
(48, 5, 0, NULL),
(48, 6, 0, NULL),
(48, 7, 0, NULL),
(48, 8, 0, NULL),
(48, 9, 0, NULL),
(48, 10, 0, NULL),
(65, 2, 0, NULL),
(65, 4, 0, NULL),
(65, 17, 0, NULL);

--
-- Truncate table before insert `gn_subscription_fee`
--

TRUNCATE TABLE `gn_subscription_fee`;
--
-- Dumping data for table `gn_subscription_fee`
--

INSERT INTO `gn_subscription_fee` (`subscription_fee_id`, `association_id`, `fee_level_cd`, `fee_type_cd`, `fee_name`, `fee_amount`, `fee_description`, `start_date`, `end_date`, `gender_type_cd`, `online_only`, `low_age`, `high_age`, `requires_promotion`, `promotion_code`, `display_order`, `exclude_inactive`, `restrict_by_trans_type`) VALUES
(1, 1, 'assn', 'base_fee', 'Membership Fee', '36.00', '', NULL, NULL, 'mixed', 1, NULL, NULL, 0, NULL, NULL, 0, 1),
(2, 1, 'club', 'base_fee', 'SCGA Associate Membership Network', '24.00', '', '0000-00-00', '0000-00-00', 'mixed', 1, 18, 0, 0, NULL, NULL, 0, 0),
(3, 1, 'club', 'base_fee', 'Regular', '50.00', '', '0000-00-00', '0000-00-00', 'mixed', 1, 0, 0, 0, NULL, NULL, 0, 0),
(4, 1, 'club', 'base_fee', 'LBM Service 1', '22.00', '', '0000-00-00', '0000-00-00', 'mixed', 1, 18, 0, 0, NULL, NULL, 0, 0),
(5, 1, 'club', 'base_fee', 'AMN 2', '30.00', '', '0000-00-00', '0000-00-00', 'mixed', 1, 0, 0, 0, NULL, NULL, 0, 0),
(6, 1, 'club', 'base_fee', 'AMN', '24.00', 'AMN AMN AMN', '0000-00-00', '0000-00-00', 'mixed', 1, 18, 0, 0, NULL, NULL, 0, 0),
(7, 1, 'club', 'base_fee', 'LBM Service 3 number 2', '17.00', '', '0000-00-00', '0000-00-00', 'mixed', 1, 18, 0, 0, NULL, NULL, 0, 0),
(8, 1, 'club', 'base_fee', 'Mess', '17.00', '', '0000-00-00', '0000-00-00', 'mixed', 1, 18, 0, 0, NULL, NULL, 0, 0),
(9, 1, 'club', 'base_fee', 'AMN Service 1', '27.00', 'AMN AMN AMN', '0000-00-00', '0000-00-00', 'mixed', 1, 18, 0, 0, NULL, NULL, 0, 0),
(10, 1, 'club', 'base_fee', 'regular', '10.00', '', '0000-00-00', '0000-00-00', 'mixed', 1, 0, 0, 0, NULL, NULL, 0, 0),
(11, 1, 'club', 'base_fee', 'Limited Benefit Membership 5', '10.00', '', '0000-00-00', '0000-00-00', 'mixed', 1, 18, 0, 0, NULL, NULL, 0, 0),
(12, 1, 'club', 'base_fee', 'Limited Benefit Membership 3', '12.00', '', '0000-00-00', '0000-00-00', 'mixed', 1, 0, 0, 0, NULL, NULL, 0, 0),
(13, 1, 'club', 'base_fee', 'Limited Benefit Membership', '5.00', '', '0000-00-00', '0000-00-00', 'mixed', 1, 0, 0, 0, NULL, NULL, 0, 0),
(14, 1, 'club', 'base_fee', 'Women only', '21.00', 'Only women can join', '0000-00-00', '0000-00-00', 'female', 1, 0, 0, 0, NULL, NULL, 0, 0),
(15, 1, 'club', 'base_fee', 'All people', '31.00', 'All people can join this one.', '0000-00-00', '0000-00-00', 'mixed', 1, 0, 0, 0, NULL, NULL, 0, 0),
(16, 1, 'club', 'base_fee', 'Men only', '28.00', 'For men only', '0000-00-00', '0000-00-00', 'male', 1, 0, 0, 0, NULL, NULL, 0, 0),
(17, 1, 'club', 'base_fee', 'Men only', '20.00', 'This membership type is for men only.', '0000-00-00', '0000-00-00', 'male', 1, 0, 0, 0, NULL, NULL, 0, 0),
(18, 1, 'club', 'base_fee', 'Women only', '15.00', 'This membership is only for women.', '0000-00-00', '0000-00-00', 'female', 1, 0, 0, 0, NULL, NULL, 0, 0),
(19, 1, 'club', 'base_fee', 'Membership for all', '25.00', 'This membership type has no eligibility requirements.', '0000-00-00', '0000-00-00', 'mixed', 1, 0, 0, 0, NULL, NULL, 0, 0),
(20, 1, 'club', 'base_fee', 'Basic', '12.00', '', '0000-00-00', '0000-00-00', 'mixed', 1, 0, 0, 0, NULL, NULL, 0, 0),
(21, 1, 'club', 'base_fee', 'Women Special', '45.00', '', '0000-00-00', '0000-00-00', 'female', 1, 0, 0, 0, NULL, NULL, 0, 0),
(22, 1, 'club', 'base_fee', 'Women''s Membership 18-100', '27.00', '', '0000-00-00', '0000-00-00', 'female', 1, 18, 100, 0, NULL, NULL, 0, 0),
(23, 1, 'club', 'base_fee', 'Regular Membership', '50.00', '', '0000-00-00', '0000-00-00', 'mixed', 1, 0, 0, 0, NULL, NULL, 0, 0),
(24, 1, 'club', 'base_fee', 'Silver membership', '50.00', '', '0000-00-00', '0000-00-00', 'mixed', 1, 0, 0, 0, NULL, NULL, 0, 0),
(25, 1, 'club', 'base_fee', 'Sheetal Membership', '40.00', '', '0000-00-00', '0000-00-00', 'male', 1, 20, 50, 0, NULL, NULL, 0, 0),
(26, 1, 'club', 'base_fee', 'Another Membership', '23.00', '', '0000-00-00', '0000-00-00', 'mixed', 1, 0, 0, 0, NULL, NULL, 0, 0),
(27, 1, 'club', 'base_fee', 'Just another membership', '90.00', '', '0000-00-00', '0000-00-00', 'mixed', 1, 0, 0, 0, NULL, NULL, 0, 0),
(28, 1, 'club', 'base_fee', 'Super Special Membership', '24.00', '', '0000-00-00', '0000-00-00', 'mixed', 1, 0, 0, 0, NULL, NULL, 0, 0),
(29, 1, 'club', 'base_fee', 'Regular', '17.50', 'xyz', '0000-00-00', '0000-00-00', 'mixed', 1, 0, 0, 0, NULL, NULL, 0, 0),
(30, 1, 'club', 'base_fee', 'Super Secret Membership', '25.00', '', '0000-00-00', '0000-00-00', 'mixed', 1, 0, 0, 0, NULL, NULL, 0, 0),
(31, 1, 'club', 'base_fee', 'Regular', '52.00', 'xxxx', '0000-00-00', '0000-00-00', 'male', 1, 0, 0, 0, NULL, NULL, 0, 0),
(32, 1, 'club', 'base_fee', 'Junior', '10.00', '', '0000-00-00', '0000-00-00', 'mixed', 1, 5, 21, 0, NULL, NULL, 0, 0),
(33, 1, 'club', 'base_fee', 'Special Membership', '34.00', '', '0000-00-00', '0000-00-00', 'mixed', 1, 0, 0, 0, NULL, NULL, 0, 0),
(34, 1, 'club', 'base_fee', 'Renewal Fee', '25.00', '', '0000-00-00', '0000-00-00', 'mixed', 1, 0, 0, 0, NULL, NULL, 0, 1),
(35, 1, 'club', 'base_fee', 'Regular Membership', '30.00', '', '0000-00-00', '0000-00-00', 'mixed', 1, 0, 0, 0, NULL, NULL, 0, 0),
(36, 1, 'club', 'base_fee', 'Men''s 18 - Requires Approval', '45.00', '', '0000-00-00', '0000-00-00', 'mixed', 1, 0, 0, 0, NULL, NULL, 0, 0),
(37, 1, 'club', 'base_fee', 'Regular', '25.00', '', '0000-00-00', '0000-00-00', 'mixed', 1, 0, 0, 0, NULL, NULL, 0, 0),
(38, 1, 'club', 'base_fee', 'Senior Renewal', '25.00', '', '0000-00-00', '0000-00-00', 'mixed', 1, 65, 0, 0, NULL, NULL, 0, 0),
(39, 1, 'club', 'base_fee', 'Regular Membership', '99.00', '', '0000-00-00', '0000-00-00', 'mixed', 1, 0, 0, 0, NULL, NULL, 0, 0),
(40, 1, 'club', 'base_fee', 'Regular', '92.00', 'Founded in 1962, the El Dorado Park Men''s Golf Club is one of the most active in the region.  We have at least one tournament per month at El Dorado and an average of 8 away trips and lots of other activities throughout the year.  Monthly Membership Meetings are held at the course at 7:00 PM on the second Tuesday of the month "under the Big Tent".  Come and join us!', '0000-00-00', '0000-00-00', 'male', 1, 18, 0, 0, NULL, NULL, 0, 0),
(41, 1, 'assn', 'discount', 'GolfTEC', '3.00', '', '0000-00-00', '0000-00-00', 'mixed', 1, 0, 0, 1, 'GolfTEC', NULL, 0, 1),
(42, 1, 'assn', 'discount', 'LrLrLrLr', '10.00', '', '0000-00-00', '0000-00-00', 'mixed', 1, 0, 0, 1, 'LrLrLrLr', NULL, 0, 0),
(43, 1, 'club', 'discount', 'PROMO TODAY', '10.00', '', '2016-08-24', '0000-00-00', 'mixed', 1, 18, 0, 1, 'TODAY', NULL, 0, 0),
(44, 1, 'club', 'discount', 'PROMO LADY2', '10.00', '', '0000-00-00', '0000-00-00', 'female', 1, 0, 0, 1, 'LADY2', NULL, 0, 1),
(45, 1, 'club', 'discount', 'PROMO LADY', '10.00', '', '0000-00-00', '0000-00-00', 'female', 1, 0, 0, 1, 'LADY', NULL, 0, 1),
(46, 1, 'club', 'discount', 'PROMO AUGUST', '12.00', '', '0000-00-00', '0000-00-00', 'mixed', 1, 18, 0, 1, 'AUGUST', NULL, 0, 1),
(47, 1, 'club', 'discount', 'Promo FORE', '3.00', '', '0000-00-00', '0000-00-00', 'mixed', 1, 0, 0, 1, 'FORE', NULL, 0, 1),
(48, 1, 'assn', 'discount', 'Association Promo Code TEN', '10.00', '', '2016-08-01', '2016-08-31', 'mixed', 1, 18, 0, 1, 'TEN', NULL, 0, 0),
(49, 1, 'assn', 'discount', 'Assn promo code golfer', '3.00', '', '0000-00-00', '0000-00-00', 'female', 1, 90, 100, 1, 'golfer', NULL, 0, 0),
(50, 1, 'club', 'discount', 'Women New Member', '10.00', '', '0000-00-00', '0000-00-00', 'mixed', 1, 0, 0, 0, '', NULL, 0, 0),
(51, 1, 'club', 'discount', 'Junior is free (club)', '50.00', '', '0000-00-00', '0000-00-00', 'mixed', 1, 0, 0, 0, '', NULL, 0, 0),
(52, 1, 'club', 'discount', 'Mydiscount', '3.00', '', '0000-00-00', '0000-00-00', 'mixed', 1, 0, 0, 0, '', NULL, 0, 1),
(53, 1, 'club', 'discount', 'Junior is free at club', '24.00', '', '0000-00-00', '0000-00-00', 'mixed', 1, 1, 17, 0, '', NULL, 0, 1),
(54, 1, 'club', 'discount', 'Junior is Free', '23.00', '', '0000-00-00', '0000-00-00', 'mixed', 1, 1, 17, 0, '', NULL, 0, 0),
(55, 1, 'club', 'discount', '11-21-16 through 12-31-16', '2.20', '', '2016-11-21', '2016-12-31', 'mixed', 1, 0, 0, 0, '', NULL, 0, 1),
(56, 1, 'club', 'discount', '5-1-16 through 11-20-16', '5.60', '', '2016-05-01', '2016-11-20', 'mixed', 1, 0, 0, 0, '', NULL, 0, 1),
(57, 1, 'club', 'discount', 'test discount', '2.00', '', '0000-00-00', '0000-00-00', 'mixed', 1, 0, 0, 0, '', NULL, 0, 1),
(58, 1, 'club', 'discount', 'Special Discount', '7.00', '', '2016-06-01', '2016-06-30', 'male', 1, 0, 0, 0, '', NULL, 0, 0),
(59, 1, 'club', 'discount', 'Women''s Incentive', '2.10', '', '0000-00-00', '0000-00-00', 'female', 1, 0, 0, 0, '', NULL, 0, 1),
(60, 1, 'club', 'discount', 'Club Junior Discount', '45.00', '', '0000-00-00', '0000-00-00', 'mixed', 1, 0, 17, 0, '', NULL, 0, 0),
(61, 1, 'club', 'discount', 'JD', '5.00', '', '0000-00-00', '0000-00-00', 'mixed', 1, 5, 21, 0, '', NULL, 0, 1),
(62, 1, 'club', 'discount', 'Just a discount', '10.00', '', '0000-00-00', '0000-00-00', 'mixed', 1, 0, 0, 0, '', NULL, 0, 0),
(63, 1, 'club', 'discount', 'Junior', '4.00', '', '0000-00-00', '0000-00-00', 'mixed', 1, 0, 17, 0, '', NULL, 0, 0),
(64, 1, 'club', 'discount', 'Renewing Regular Members', '20.00', '', '0000-00-00', '0000-00-00', 'male', 1, 0, 0, 0, '', NULL, 0, 1),
(65, 1, 'assn', 'discount', 'Specialized for certain clubs', '4.00', '', '2016-04-01', '2016-06-30', 'mixed', 1, 0, 0, 0, '', NULL, 0, 0),
(66, 1, 'club', 'discount', 'testing discount', '1.00', '', '0000-00-00', '0000-00-00', 'mixed', 1, 0, 0, 0, '', NULL, 0, 1),
(67, 1, 'assn', 'discount', 'Discount for joining multiple clubs', '1.50', '', '0000-00-00', '0000-00-00', 'mixed', 1, 0, 0, 0, '', NULL, 0, 0),
(68, 1, 'club', 'discount', '2016 Discount', '10.00', '', '2016-01-01', '2016-12-31', 'mixed', 1, 0, 0, 0, '', NULL, 0, 1),
(69, 1, 'assn', 'discount', 'Discount for Reactivation (Assoc)', '5.00', '', '0000-00-00', '0000-00-00', 'mixed', 1, 0, 0, 0, '', NULL, 0, 1),
(70, 1, 'assn', 'discount', 'Discount for Renewing (Assoc)', '6.00', '', '0000-00-00', '0000-00-00', 'mixed', 1, 0, 0, 0, '', NULL, 0, 1),
(71, 1, 'club', 'discount', 'Discount for Reactivation', '7.00', '', '0000-00-00', '0000-00-00', 'mixed', 1, 0, 0, 0, '', NULL, 0, 1),
(72, 1, 'assn', 'discount', 'Junior Discount', '35.00', '', '0000-00-00', '0000-00-00', 'mixed', 1, 0, 17, 0, '', NULL, 0, 0),
(73, 1, 'club', 'discount', 'New Member Discount', '5.00', '', '0000-00-00', '0000-00-00', 'mixed', 1, 0, 0, 0, '', NULL, 0, 0),
(74, 1, 'club', 'discount', 'ML Test', '40.00', '', '0000-00-00', '0000-00-00', 'mixed', 1, 0, 0, 1, 'MLT', NULL, 0, 0),
(75, 1, 'club', 'discount', 'Renewals Continuing', '4.00', '', '0000-00-00', '0000-00-00', 'mixed', 1, 0, 0, 0, '', NULL, 0, 1),
(76, 1, 'club', 'discount', 'Reinstatements', '3.00', '', '0000-00-00', '0000-00-00', 'mixed', 1, 0, 0, 0, '', NULL, 0, 1),
(77, 1, 'club', 'discount', 'Welcome', '10.00', '', '0000-00-00', '0000-00-00', 'mixed', 1, 0, 0, 0, '', NULL, 0, 0),
(78, 1, 'club', 'discount', 'Discount for Continuing Renewals', '20.00', '', '0000-00-00', '0000-00-00', 'mixed', 1, 0, 0, 0, '', NULL, 0, 1),
(79, 1, 'club', 'discount', 'Discount for Reactivation', '5.00', '', '0000-00-00', '0000-00-00', 'mixed', 1, 0, 0, 0, '', NULL, 0, 1),
(80, 1, 'club', 'discount', 'Juniors', '35.00', '', '0000-00-00', '0000-00-00', 'mixed', 1, 0, 15, 0, '', NULL, 0, 0),
(81, 1, 'club', 'discount', 'help approval discount', '6.00', '', '0000-00-00', '0000-00-00', 'mixed', 1, 0, 0, 0, '', NULL, 0, 0),
(82, 1, 'club', 'discount', 'coolest discount', '5.00', '', '0000-00-00', '0000-00-00', 'mixed', 1, 0, 0, 0, '', NULL, 0, 0),
(83, 1, 'club', 'discount', 'Test Discount', '20.00', '', '0000-00-00', '0000-00-00', 'mixed', 1, 0, 0, 0, '', NULL, 0, 0),
(84, 1, 'club', 'discount', 'Welcome Discount', '20.00', '', '0000-00-00', '0000-00-00', 'mixed', 1, 0, 0, 0, '', NULL, 0, 0),
(85, 1, 'club', 'discount', 'Gender Discount', '5.00', '', '0000-00-00', '0000-00-00', 'female', 1, 0, 0, 0, '', NULL, 0, 0),
(86, 1, 'club', 'discount', 'early renewal discount', '20.50', '', '2015-08-04', '2015-10-15', 'male', 1, 0, 0, 0, '', NULL, 0, 1),
(87, 1, 'club', 'discount', 'Early Bird', '10.00', '', '2015-08-09', '2015-09-08', 'mixed', 1, 0, 0, 0, '', NULL, 0, 1),
(88, 1, 'club', 'discount', 'year end', '29.00', '', '2015-10-01', '2015-12-15', 'mixed', 1, 0, 0, 0, '', NULL, 0, 0),
(89, 1, 'club', 'discount', 'early renewal discount', '20.00', '', '2015-08-04', '2015-10-15', 'male', 1, 0, 0, 0, '', NULL, 0, 1),
(90, 1, 'club', 'discount', 'New Member Discount', '4.25', '', '0000-00-00', '0000-00-00', 'mixed', 1, 0, 0, 0, '', NULL, 0, 0),
(91, 1, 'club', 'discount', 'Earlybird Discount', '2.50', '', '2015-08-01', '2015-08-31', 'mixed', 1, 25, 60, 0, '', NULL, 0, 0),
(92, 1, 'club', 'add_on', 'Tournament', '20.00', '', '0000-00-00', '0000-00-00', 'mixed', 1, 0, 0, 0, NULL, NULL, 0, 0),
(93, 1, 'club', 'add_on', 'Tournament', '20.00', '', '0000-00-00', '0000-00-00', 'mixed', 1, 0, 0, 0, NULL, NULL, 0, 0),
(94, 1, 'club', 'add_on', 'Tournament', '20.00', '', '0000-00-00', '0000-00-00', 'mixed', 1, 0, 0, 0, NULL, NULL, 0, 0),
(95, 1, 'club', 'add_on', 'Sheetal test addon', '10.00', '', '0000-00-00', '0000-00-00', 'mixed', 1, 0, 0, 0, NULL, NULL, 0, 1),
(96, 1, 'club', 'add_on', 'Addon for mtype test', '10.00', '', '0000-00-00', '0000-00-00', 'mixed', 1, 0, 0, 0, NULL, NULL, 0, 1),
(97, 1, 'club', 'base_fee', 'alphabetical (archived)', '1.00', NULL, NULL, NULL, NULL, 1, NULL, NULL, 0, NULL, NULL, 0, 0),
(98, 1, 'club', 'base_fee', '2016 Membership (archived)', '33.00', NULL, NULL, NULL, NULL, 1, NULL, NULL, 0, NULL, NULL, 0, 0),
(99, 1, 'club', 'discount', ' (archived)', '10.75', NULL, NULL, NULL, NULL, 1, NULL, NULL, 0, NULL, NULL, 0, 0),
(100, 1, 'club', 'base_fee', 'alphabetical (archived)', '1.00', NULL, NULL, NULL, NULL, 1, NULL, NULL, 0, NULL, NULL, 0, 0),
(101, 1, 'club', 'base_fee', '2016 Membership (archived)', '33.00', NULL, NULL, NULL, NULL, 1, NULL, NULL, 0, NULL, NULL, 0, 0),
(102, 1, 'club', 'discount', ' (archived)', '20.00', NULL, NULL, NULL, NULL, 1, NULL, NULL, 0, NULL, NULL, 0, 0),
(103, 1, 'club', 'base_fee', '2016 Membership (archived)', '33.00', NULL, NULL, NULL, NULL, 1, NULL, NULL, 0, NULL, NULL, 0, 0),
(104, 1, 'club', 'discount', ' (archived)', '20.00', NULL, NULL, NULL, NULL, 1, NULL, NULL, 0, NULL, NULL, 0, 0),
(105, 1, 'club', 'base_fee', '2016 Membership (archived)', '33.00', NULL, NULL, NULL, NULL, 1, NULL, NULL, 0, NULL, NULL, 0, 0),
(106, 1, 'club', 'base_fee', 'Renewal (archived)', '35.00', NULL, NULL, NULL, NULL, 1, NULL, NULL, 0, NULL, NULL, 0, 0),
(107, 1, 'club', 'base_fee', '2016 Membership (archived)', '33.00', NULL, NULL, NULL, NULL, 1, NULL, NULL, 0, NULL, NULL, 0, 0),
(108, 1, 'club', 'discount', ' (archived)', '20.00', NULL, NULL, NULL, NULL, 1, NULL, NULL, 0, NULL, NULL, 0, 0),
(109, 1, 'club', 'base_fee', '2016 Membership (archived)', '33.00', NULL, NULL, NULL, NULL, 1, NULL, NULL, 0, NULL, NULL, 0, 0),
(110, 1, 'club', 'base_fee', 'Renewal (archived)', '35.00', NULL, NULL, NULL, NULL, 1, NULL, NULL, 0, NULL, NULL, 0, 0),
(111, 1, 'club', 'base_fee', '2016 Membership (archived)', '33.00', NULL, NULL, NULL, NULL, 1, NULL, NULL, 0, NULL, NULL, 0, 0),
(112, 1, 'club', 'discount', ' (archived)', '20.00', NULL, NULL, NULL, NULL, 1, NULL, NULL, 0, NULL, NULL, 0, 0),
(113, 1, 'club', 'base_fee', '2016 Membership (archived)', '33.00', NULL, NULL, NULL, NULL, 1, NULL, NULL, 0, NULL, NULL, 0, 0),
(114, 1, 'club', 'base_fee', '2016 Membership (archived)', '33.00', NULL, NULL, NULL, NULL, 1, NULL, NULL, 0, NULL, NULL, 0, 0),
(115, 1, 'club', 'discount', ' (archived)', '20.00', NULL, NULL, NULL, NULL, 1, NULL, NULL, 0, NULL, NULL, 0, 0),
(116, 1, 'club', 'base_fee', '2016 Membership (archived)', '33.00', NULL, NULL, NULL, NULL, 1, NULL, NULL, 0, NULL, NULL, 0, 0),
(117, 1, 'club', 'base_fee', '2016 Membership (archived)', '33.00', NULL, NULL, NULL, NULL, 1, NULL, NULL, 0, NULL, NULL, 0, 0),
(118, 1, 'club', 'base_fee', 'alphabetical (archived)', '1.00', NULL, NULL, NULL, NULL, 1, NULL, NULL, 0, NULL, NULL, 0, 0),
(119, 1, 'club', 'base_fee', '2016 Membership (archived)', '33.00', NULL, NULL, NULL, NULL, 1, NULL, NULL, 0, NULL, NULL, 0, 0),
(120, 1, 'club', 'discount', ' (archived)', '33.00', NULL, NULL, NULL, NULL, 1, NULL, NULL, 0, NULL, NULL, 0, 0),
(121, 1, 'club', 'base_fee', '2016 Membership (archived)', '33.00', NULL, NULL, NULL, NULL, 1, NULL, NULL, 0, NULL, NULL, 0, 0),
(122, 1, 'club', 'base_fee', 'help approval (archived)', '7.00', NULL, NULL, NULL, NULL, 1, NULL, NULL, 0, NULL, NULL, 0, 0),
(123, 1, 'club', 'discount', ' (archived)', '6.00', NULL, NULL, NULL, NULL, 1, NULL, NULL, 0, NULL, NULL, 0, 0),
(124, 1, 'club', 'base_fee', '2016 Membership Fee (archived)', '15.00', NULL, NULL, NULL, NULL, 1, NULL, NULL, 0, NULL, NULL, 0, 0),
(125, 1, 'club', 'discount', ' (archived)', '10.00', NULL, NULL, NULL, NULL, 1, NULL, NULL, 0, NULL, NULL, 0, 0),
(126, 1, 'club', 'base_fee', 'help approval (archived)', '7.00', NULL, NULL, NULL, NULL, 1, NULL, NULL, 0, NULL, NULL, 0, 0),
(127, 1, 'club', 'discount', ' (archived)', '6.00', NULL, NULL, NULL, NULL, 1, NULL, NULL, 0, NULL, NULL, 0, 0),
(128, 1, 'club', 'base_fee', 'Southern California Golf Association (archived)', '15.00', NULL, NULL, NULL, NULL, 1, NULL, NULL, 0, NULL, NULL, 0, 0),
(129, 1, 'club', 'discount', ' (archived)', '10.00', NULL, NULL, NULL, NULL, 1, NULL, NULL, 0, NULL, NULL, 0, 0),
(130, 1, 'club', 'base_fee', 'Regular Membership (archived)', '35.00', NULL, NULL, NULL, NULL, 1, NULL, NULL, 0, NULL, NULL, 0, 0),
(131, 1, 'club', 'discount', ' (archived)', '5.00', NULL, NULL, NULL, NULL, 1, NULL, NULL, 0, NULL, NULL, 0, 0),
(132, 1, 'club', 'base_fee', 'Southern California Golf Association (archived)', '15.00', NULL, NULL, NULL, NULL, 1, NULL, NULL, 0, NULL, NULL, 0, 0),
(133, 1, 'club', 'base_fee', 'Southern California Golf Association (archived)', '15.00', NULL, NULL, NULL, NULL, 1, NULL, NULL, 0, NULL, NULL, 0, 0),
(134, 1, 'club', 'discount', ' (archived)', '10.00', NULL, NULL, NULL, NULL, 1, NULL, NULL, 0, NULL, NULL, 0, 0),
(135, 1, 'club', 'base_fee', 'Southern California Golf Association (archived)', '15.00', NULL, NULL, NULL, NULL, 1, NULL, NULL, 0, NULL, NULL, 0, 0),
(136, 1, 'club', 'base_fee', 'Southern California Golf Association (archived)', '15.00', NULL, NULL, NULL, NULL, 1, NULL, NULL, 0, NULL, NULL, 0, 0),
(137, 1, 'club', 'discount', ' (archived)', '15.00', NULL, NULL, NULL, NULL, 1, NULL, NULL, 0, NULL, NULL, 0, 0),
(138, 1, 'club', 'discount', ' (archived)', '5.00', NULL, NULL, NULL, NULL, 1, NULL, NULL, 0, NULL, NULL, 0, 0),
(139, 1, 'club', 'base_fee', 'Southern California Golf Association (archived)', '15.00', NULL, NULL, NULL, NULL, 1, NULL, NULL, 0, NULL, NULL, 0, 0),
(140, 1, 'club', 'discount', ' (archived)', '15.00', NULL, NULL, NULL, NULL, 1, NULL, NULL, 0, NULL, NULL, 0, 0),
(141, 1, 'club', 'base_fee', 'Membership Fee (archived)', '35.00', NULL, NULL, NULL, NULL, 1, NULL, NULL, 0, NULL, NULL, 0, 0),
(142, 1, 'club', 'discount', 'Jenneas Discount (archived)', '1.00', NULL, NULL, NULL, NULL, 1, NULL, NULL, 0, NULL, NULL, 0, 0),
(143, 1, 'club', 'base_fee', 'Membership Fee (archived)', '35.00', NULL, NULL, NULL, NULL, 1, NULL, NULL, 0, NULL, NULL, 0, 0),
(144, 1, 'club', 'base_fee', 'Pizza (archived)', '7.50', NULL, NULL, NULL, NULL, 1, NULL, NULL, 0, NULL, NULL, 0, 0),
(145, 1, 'club', 'base_fee', 'Membership Fee (archived)', '35.00', NULL, NULL, NULL, NULL, 1, NULL, NULL, 0, NULL, NULL, 0, 0),
(146, 1, 'club', 'base_fee', 'Magazine Subscription (archived)', '10.00', NULL, NULL, NULL, NULL, 1, NULL, NULL, 0, NULL, NULL, 0, 0),
(147, 1, 'club', 'base_fee', 'Membership Fee (archived)', '35.00', NULL, NULL, NULL, NULL, 1, NULL, NULL, 0, NULL, NULL, 0, 0),
(148, 1, 'club', 'discount', ' (archived)', '34.00', NULL, NULL, NULL, NULL, 1, NULL, NULL, 0, NULL, NULL, 0, 0),
(149, 1, 'club', 'base_fee', 'Southern California Golf Association (archived)', '15.00', NULL, NULL, NULL, NULL, 1, NULL, NULL, 0, NULL, NULL, 0, 0),
(150, 1, 'club', 'discount', ' (archived)', '15.00', NULL, NULL, NULL, NULL, 1, NULL, NULL, 0, NULL, NULL, 0, 0),
(151, 1, 'club', 'base_fee', 'Membership Fee (archived)', '35.00', NULL, NULL, NULL, NULL, 1, NULL, NULL, 0, NULL, NULL, 0, 0),
(152, 1, 'club', 'discount', 'Discount to other club (archived)', '1.00', NULL, NULL, NULL, NULL, 1, NULL, NULL, 0, NULL, NULL, 0, 0),
(153, 1, 'club', 'discount', 'Discount for Renewing (Assoc) (archived)', '5.00', NULL, NULL, NULL, NULL, 1, NULL, NULL, 0, NULL, NULL, 0, 0),
(154, 1, 'club', 'base_fee', 'Membership Fee (archived)', '35.00', NULL, NULL, NULL, NULL, 1, NULL, NULL, 0, NULL, NULL, 0, 0),
(155, 1, 'club', 'base_fee', 'Regular Membership (archived)', '35.00', NULL, NULL, NULL, NULL, 1, NULL, NULL, 0, NULL, NULL, 0, 0),
(156, 1, 'club', 'base_fee', 'Membership Fee (archived)', '35.00', NULL, NULL, NULL, NULL, 1, NULL, NULL, 0, NULL, NULL, 0, 0),
(157, 1, 'club', 'base_fee', 'Beginners Magazine (archived)', '10.00', NULL, NULL, NULL, NULL, 1, NULL, NULL, 0, NULL, NULL, 0, 0),
(158, 1, 'club', 'base_fee', 'Hole In One Club (archived)', '15.00', NULL, NULL, NULL, NULL, 1, NULL, NULL, 0, NULL, NULL, 0, 0),
(159, 1, 'club', 'base_fee', 'Membership Fee (archived)', '35.00', NULL, NULL, NULL, NULL, 1, NULL, NULL, 0, NULL, NULL, 0, 0),
(160, 1, 'club', 'base_fee', 'Membership Fee (archived)', '35.00', NULL, NULL, NULL, NULL, 1, NULL, NULL, 0, NULL, NULL, 0, 0),
(161, 1, 'club', 'discount', 'Test (archived)', '33.50', NULL, NULL, NULL, NULL, 1, NULL, NULL, 0, NULL, NULL, 0, 0),
(162, 1, 'club', 'discount', 'Renewals Continuing (archived)', '0.50', NULL, NULL, NULL, NULL, 1, NULL, NULL, 0, NULL, NULL, 0, 0),
(163, 1, 'club', 'base_fee', 'Membership Fee (archived)', '35.00', NULL, NULL, NULL, NULL, 1, NULL, NULL, 0, NULL, NULL, 0, 0),
(164, 1, 'club', 'discount', 'Jenneas Discount (archived)', '1.00', NULL, NULL, NULL, NULL, 1, NULL, NULL, 0, NULL, NULL, 0, 0),
(165, 1, 'club', 'base_fee', 'Membership Fee (archived)', '35.00', NULL, NULL, NULL, NULL, 1, NULL, NULL, 0, NULL, NULL, 0, 0),
(166, 1, 'club', 'base_fee', 'Membership Fee (archived)', '35.00', NULL, NULL, NULL, NULL, 1, NULL, NULL, 0, NULL, NULL, 0, 0),
(167, 1, 'club', 'base_fee', 'Magazine Subscription (archived)', '10.00', NULL, NULL, NULL, NULL, 1, NULL, NULL, 0, NULL, NULL, 0, 0),
(168, 1, 'club', 'base_fee', 'Membership Fee (archived)', '35.00', NULL, NULL, NULL, NULL, 1, NULL, NULL, 0, NULL, NULL, 0, 0),
(169, 1, 'club', 'base_fee', 'Pizza (archived)', '7.50', NULL, NULL, NULL, NULL, 1, NULL, NULL, 0, NULL, NULL, 0, 0),
(170, 1, 'club', 'base_fee', 'Membership Fee (archived)', '35.00', NULL, NULL, NULL, NULL, 1, NULL, NULL, 0, NULL, NULL, 0, 0),
(171, 1, 'club', 'base_fee', 'Pizza (archived)', '7.50', NULL, NULL, NULL, NULL, 1, NULL, NULL, 0, NULL, NULL, 0, 0),
(172, 1, 'club', 'base_fee', 'Membership Fee (archived)', '35.00', NULL, NULL, NULL, NULL, 1, NULL, NULL, 0, NULL, NULL, 0, 0),
(173, 1, 'club', 'base_fee', 'Pizza (archived)', '7.50', NULL, NULL, NULL, NULL, 1, NULL, NULL, 0, NULL, NULL, 0, 0),
(174, 1, 'club', 'base_fee', 'Magazine Subscription (archived)', '10.00', NULL, NULL, NULL, NULL, 1, NULL, NULL, 0, NULL, NULL, 0, 0),
(175, 1, 'club', 'base_fee', 'Membership Fee (archived)', '35.00', NULL, NULL, NULL, NULL, 1, NULL, NULL, 0, NULL, NULL, 0, 0),
(176, 1, 'club', 'discount', 'Discount to other club (archived)', '1.00', NULL, NULL, NULL, NULL, 1, NULL, NULL, 0, NULL, NULL, 0, 0),
(177, 1, 'club', 'base_fee', 'Membership Fee (archived)', '35.00', NULL, NULL, NULL, NULL, 1, NULL, NULL, 0, NULL, NULL, 0, 0),
(178, 1, 'club', 'base_fee', 'Pizza (archived)', '7.50', NULL, NULL, NULL, NULL, 1, NULL, NULL, 0, NULL, NULL, 0, 0),
(179, 1, 'club', 'base_fee', 'Membership Fee (archived)', '35.00', NULL, NULL, NULL, NULL, 1, NULL, NULL, 0, NULL, NULL, 0, 0),
(180, 1, 'club', 'base_fee', 'Pizza (archived)', '7.50', NULL, NULL, NULL, NULL, 1, NULL, NULL, 0, NULL, NULL, 0, 0),
(181, 1, 'club', 'base_fee', 'Magazine Subscription (archived)', '10.00', NULL, NULL, NULL, NULL, 1, NULL, NULL, 0, NULL, NULL, 0, 0),
(182, 1, 'club', 'base_fee', 'Membership Fee (archived)', '35.00', NULL, NULL, NULL, NULL, 1, NULL, NULL, 0, NULL, NULL, 0, 0),
(183, 1, 'club', 'base_fee', 'Pizza (archived)', '7.50', NULL, NULL, NULL, NULL, 1, NULL, NULL, 0, NULL, NULL, 0, 0),
(184, 1, 'club', 'base_fee', 'Magazine Subscription (archived)', '10.00', NULL, NULL, NULL, NULL, 1, NULL, NULL, 0, NULL, NULL, 0, 0),
(185, 1, 'club', 'base_fee', 'Membership Fee (archived)', '35.00', NULL, NULL, NULL, NULL, 1, NULL, NULL, 0, NULL, NULL, 0, 0),
(186, 1, 'club', 'base_fee', 'Pizza (archived)', '7.50', NULL, NULL, NULL, NULL, 1, NULL, NULL, 0, NULL, NULL, 0, 0),
(187, 1, 'club', 'base_fee', 'Magazine Subscription (archived)', '10.00', NULL, NULL, NULL, NULL, 1, NULL, NULL, 0, NULL, NULL, 0, 0),
(188, 1, 'club', 'base_fee', 'Membership Fee (archived)', '35.00', NULL, NULL, NULL, NULL, 1, NULL, NULL, 0, NULL, NULL, 0, 0),
(189, 1, 'club', 'base_fee', 'Pizza (archived)', '7.50', NULL, NULL, NULL, NULL, 1, NULL, NULL, 0, NULL, NULL, 0, 0),
(190, 1, 'club', 'base_fee', 'Magazine Subscription (archived)', '10.00', NULL, NULL, NULL, NULL, 1, NULL, NULL, 0, NULL, NULL, 0, 0),
(191, 1, 'club', 'base_fee', 'Membership Fee (archived)', '35.00', NULL, NULL, NULL, NULL, 1, NULL, NULL, 0, NULL, NULL, 0, 0),
(192, 1, 'club', 'base_fee', 'Membership Fee (archived)', '35.00', NULL, NULL, NULL, NULL, 1, NULL, NULL, 0, NULL, NULL, 0, 0),
(193, 1, 'club', 'base_fee', 'Membership Fee (archived)', '35.00', NULL, NULL, NULL, NULL, 1, NULL, NULL, 0, NULL, NULL, 0, 0),
(194, 1, 'club', 'base_fee', 'Requires Approval for Join (archived)', '29.00', NULL, NULL, NULL, NULL, 1, NULL, NULL, 0, NULL, NULL, 0, 0),
(195, 1, 'club', 'base_fee', 'Membership Fee (archived)', '35.00', NULL, NULL, NULL, NULL, 1, NULL, NULL, 0, NULL, NULL, 0, 0),
(196, 1, 'club', 'base_fee', 'Hole In One Club (archived)', '15.00', NULL, NULL, NULL, NULL, 1, NULL, NULL, 0, NULL, NULL, 0, 0),
(197, 1, 'club', 'base_fee', 'Coolest Membership (archived)', '29.50', NULL, NULL, NULL, NULL, 1, NULL, NULL, 0, NULL, NULL, 0, 0),
(198, 1, 'club', 'base_fee', 'Membership Fee (archived)', '35.00', NULL, NULL, NULL, NULL, 1, NULL, NULL, 0, NULL, NULL, 0, 0),
(199, 1, 'club', 'base_fee', 'Coolest Membership (archived)', '29.50', NULL, NULL, NULL, NULL, 1, NULL, NULL, 0, NULL, NULL, 0, 0),
(200, 1, 'club', 'base_fee', 'Membership Fee (archived)', '35.00', NULL, NULL, NULL, NULL, 1, NULL, NULL, 0, NULL, NULL, 0, 0),
(201, 1, 'club', 'discount', 'Junior 38-40 (archived)', '10.00', NULL, NULL, NULL, NULL, 1, NULL, NULL, 0, NULL, NULL, 0, 0),
(202, 1, 'club', 'base_fee', 'Membership Fee (archived)', '35.00', NULL, NULL, NULL, NULL, 1, NULL, NULL, 0, NULL, NULL, 0, 0),
(203, 1, 'club', 'discount', 'Junior 38-40 (archived)', '10.00', NULL, NULL, NULL, NULL, 1, NULL, NULL, 0, NULL, NULL, 0, 0),
(204, 1, 'club', 'base_fee', 'Membership Fee (archived)', '35.00', NULL, NULL, NULL, NULL, 1, NULL, NULL, 0, NULL, NULL, 0, 0),
(205, 1, 'club', 'discount', 'Junior 38-40 (archived)', '10.00', NULL, NULL, NULL, NULL, 1, NULL, NULL, 0, NULL, NULL, 0, 0),
(206, 1, 'club', 'base_fee', 'Membership Fee (archived)', '35.00', NULL, NULL, NULL, NULL, 1, NULL, NULL, 0, NULL, NULL, 0, 0),
(207, 1, 'club', 'discount', 'Junior 38-40 (archived)', '10.00', NULL, NULL, NULL, NULL, 1, NULL, NULL, 0, NULL, NULL, 0, 0),
(208, 1, 'club', 'base_fee', 'Membership Fee (archived)', '35.00', NULL, NULL, NULL, NULL, 1, NULL, NULL, 0, NULL, NULL, 0, 0),
(209, 1, 'club', 'discount', 'Junior 38-40 (archived)', '10.00', NULL, NULL, NULL, NULL, 1, NULL, NULL, 0, NULL, NULL, 0, 0),
(210, 1, 'club', 'base_fee', 'Membership Fee (archived)', '35.00', NULL, NULL, NULL, NULL, 1, NULL, NULL, 0, NULL, NULL, 0, 0),
(211, 1, 'club', 'discount', 'Junior 38-40 (archived)', '10.00', NULL, NULL, NULL, NULL, 1, NULL, NULL, 0, NULL, NULL, 0, 0),
(212, 1, 'club', 'base_fee', 'Membership Fee (archived)', '35.00', NULL, NULL, NULL, NULL, 1, NULL, NULL, 0, NULL, NULL, 0, 0),
(213, 1, 'club', 'base_fee', 'Coolest Membership (archived)', '29.50', NULL, NULL, NULL, NULL, 1, NULL, NULL, 0, NULL, NULL, 0, 0),
(214, 1, 'club', 'base_fee', 'Membership Fee (archived)', '35.00', NULL, NULL, NULL, NULL, 1, NULL, NULL, 0, NULL, NULL, 0, 0),
(215, 1, 'club', 'base_fee', 'Membership Fee (archived)', '35.00', NULL, NULL, NULL, NULL, 1, NULL, NULL, 0, NULL, NULL, 0, 0),
(216, 1, 'club', 'base_fee', 'Membership Fee (archived)', '35.00', NULL, NULL, NULL, NULL, 1, NULL, NULL, 0, NULL, NULL, 0, 0),
(217, 1, 'club', 'base_fee', 'Membership Fee (archived)', '35.00', NULL, NULL, NULL, NULL, 1, NULL, NULL, 0, NULL, NULL, 0, 0),
(218, 1, 'club', 'discount', 'Jennea&#8217;s Discount (archived)', '1.00', NULL, NULL, NULL, NULL, 1, NULL, NULL, 0, NULL, NULL, 0, 0),
(219, 1, 'club', 'discount', 'Discount New JR SCGA Members (archived)', '10.00', NULL, NULL, NULL, NULL, 1, NULL, NULL, 0, NULL, NULL, 0, 0),
(220, 1, 'club', 'base_fee', 'Membership Fee (archived)', '35.00', NULL, NULL, NULL, NULL, 1, NULL, NULL, 0, NULL, NULL, 0, 0),
(221, 1, 'club', 'discount', 'Jenneas Discount (archived)', '1.00', NULL, NULL, NULL, NULL, 1, NULL, NULL, 0, NULL, NULL, 0, 0),
(222, 1, 'club', 'base_fee', 'Membership Fee (archived)', '35.00', NULL, NULL, NULL, NULL, 1, NULL, NULL, 0, NULL, NULL, 0, 0),
(223, 1, 'club', 'discount', 'Jenneas Discount (archived)', '1.00', NULL, NULL, NULL, NULL, 1, NULL, NULL, 0, NULL, NULL, 0, 0),
(224, 1, 'club', 'base_fee', 'Requires Approval for Join (archived)', '29.00', NULL, NULL, NULL, NULL, 1, NULL, NULL, 0, NULL, NULL, 0, 0),
(225, 1, 'club', 'base_fee', 'Magazine Subscription (archived)', '10.00', NULL, NULL, NULL, NULL, 1, NULL, NULL, 0, NULL, NULL, 0, 0),
(226, 1, 'club', 'base_fee', 'Membership Fee (archived)', '35.00', NULL, NULL, NULL, NULL, 1, NULL, NULL, 0, NULL, NULL, 0, 0),
(227, 1, 'club', 'discount', 'Jenneas Discount (archived)', '1.00', NULL, NULL, NULL, NULL, 1, NULL, NULL, 0, NULL, NULL, 0, 0),
(228, 1, 'club', 'base_fee', 'Membership Fee (archived)', '35.00', NULL, NULL, NULL, NULL, 1, NULL, NULL, 0, NULL, NULL, 0, 0),
(229, 1, 'club', 'discount', 'Jenneas Discount (archived)', '1.00', NULL, NULL, NULL, NULL, 1, NULL, NULL, 0, NULL, NULL, 0, 0),
(230, 1, 'club', 'base_fee', 'Membership Fee (archived)', '35.00', NULL, NULL, NULL, NULL, 1, NULL, NULL, 0, NULL, NULL, 0, 0),
(231, 1, 'club', 'discount', 'Jenneas Discount (archived)', '1.00', NULL, NULL, NULL, NULL, 1, NULL, NULL, 0, NULL, NULL, 0, 0),
(232, 1, 'club', 'base_fee', 'Membership Fee (archived)', '35.00', NULL, NULL, NULL, NULL, 1, NULL, NULL, 0, NULL, NULL, 0, 0),
(233, 1, 'club', 'discount', 'Jenneas Discount (archived)', '1.00', NULL, NULL, NULL, NULL, 1, NULL, NULL, 0, NULL, NULL, 0, 0),
(234, 1, 'club', 'base_fee', 'Membership Fee (archived)', '35.00', NULL, NULL, NULL, NULL, 1, NULL, NULL, 0, NULL, NULL, 0, 0),
(235, 1, 'club', 'discount', 'Jenneas Discount (archived)', '1.00', NULL, NULL, NULL, NULL, 1, NULL, NULL, 0, NULL, NULL, 0, 0),
(236, 1, 'club', 'base_fee', 'Membership Fee (archived)', '35.00', NULL, NULL, NULL, NULL, 1, NULL, NULL, 0, NULL, NULL, 0, 0),
(237, 1, 'club', 'discount', 'Jenneas Discount (archived)', '1.00', NULL, NULL, NULL, NULL, 1, NULL, NULL, 0, NULL, NULL, 0, 0),
(238, 1, 'club', 'base_fee', 'Membership Fee (archived)', '35.00', NULL, NULL, NULL, NULL, 1, NULL, NULL, 0, NULL, NULL, 0, 0),
(239, 1, 'club', 'discount', 'Jenneas Discount (archived)', '1.00', NULL, NULL, NULL, NULL, 1, NULL, NULL, 0, NULL, NULL, 0, 0),
(240, 1, 'club', 'base_fee', 'Membership Fee (archived)', '35.00', NULL, NULL, NULL, NULL, 1, NULL, NULL, 0, NULL, NULL, 0, 0),
(241, 1, 'club', 'discount', 'Jenneas Discount (archived)', '1.00', NULL, NULL, NULL, NULL, 1, NULL, NULL, 0, NULL, NULL, 0, 0),
(242, 1, 'club', 'base_fee', 'Junior Drinks (archived)', '5.00', NULL, NULL, NULL, NULL, 1, NULL, NULL, 0, NULL, NULL, 0, 0),
(243, 1, 'club', 'base_fee', 'Membership Fee (archived)', '35.00', NULL, NULL, NULL, NULL, 1, NULL, NULL, 0, NULL, NULL, 0, 0),
(244, 1, 'club', 'discount', 'Jenneas Discount (archived)', '1.00', NULL, NULL, NULL, NULL, 1, NULL, NULL, 0, NULL, NULL, 0, 0),
(245, 1, 'club', 'base_fee', 'Membership Fee (archived)', '35.00', NULL, NULL, NULL, NULL, 1, NULL, NULL, 0, NULL, NULL, 0, 0),
(246, 1, 'club', 'discount', 'Jenneas Discount (archived)', '1.00', NULL, NULL, NULL, NULL, 1, NULL, NULL, 0, NULL, NULL, 0, 0),
(247, 1, 'club', 'base_fee', 'Membership Fee (archived)', '35.00', NULL, NULL, NULL, NULL, 1, NULL, NULL, 0, NULL, NULL, 0, 0),
(248, 1, 'club', 'discount', 'Jenneas Discount (archived)', '1.00', NULL, NULL, NULL, NULL, 1, NULL, NULL, 0, NULL, NULL, 0, 0),
(249, 1, 'club', 'base_fee', 'Membership Fee (archived)', '35.00', NULL, NULL, NULL, NULL, 1, NULL, NULL, 0, NULL, NULL, 0, 0),
(250, 1, 'club', 'discount', 'Jenneas Discount (archived)', '1.00', NULL, NULL, NULL, NULL, 1, NULL, NULL, 0, NULL, NULL, 0, 0),
(251, 1, 'club', 'base_fee', 'Membership Fee (archived)', '35.00', NULL, NULL, NULL, NULL, 1, NULL, NULL, 0, NULL, NULL, 0, 0),
(252, 1, 'club', 'discount', 'Jenneas Discount (archived)', '1.00', NULL, NULL, NULL, NULL, 1, NULL, NULL, 0, NULL, NULL, 0, 0),
(253, 1, 'club', 'base_fee', 'Membership Fee (archived)', '35.00', NULL, NULL, NULL, NULL, 1, NULL, NULL, 0, NULL, NULL, 0, 0),
(254, 1, 'club', 'discount', 'Jenneas Discount (archived)', '1.00', NULL, NULL, NULL, NULL, 1, NULL, NULL, 0, NULL, NULL, 0, 0),
(255, 1, 'club', 'base_fee', 'Membership Fee (archived)', '35.00', NULL, NULL, NULL, NULL, 1, NULL, NULL, 0, NULL, NULL, 0, 0),
(256, 1, 'club', 'discount', 'Jenneas Discount (archived)', '1.00', NULL, NULL, NULL, NULL, 1, NULL, NULL, 0, NULL, NULL, 0, 0),
(257, 1, 'club', 'discount', 'Discount to other club (archived)', '1.00', NULL, NULL, NULL, NULL, 1, NULL, NULL, 0, NULL, NULL, 0, 0),
(258, 1, 'club', 'base_fee', 'Membership Fee (archived)', '35.00', NULL, NULL, NULL, NULL, 1, NULL, NULL, 0, NULL, NULL, 0, 0),
(259, 1, 'club', 'discount', 'Jenneas Discount (archived)', '1.00', NULL, NULL, NULL, NULL, 1, NULL, NULL, 0, NULL, NULL, 0, 0),
(260, 1, 'club', 'base_fee', 'Membership Fee (archived)', '35.00', NULL, NULL, NULL, NULL, 1, NULL, NULL, 0, NULL, NULL, 0, 0),
(261, 1, 'club', 'discount', 'Jenneas Discount (archived)', '1.00', NULL, NULL, NULL, NULL, 1, NULL, NULL, 0, NULL, NULL, 0, 0),
(262, 1, 'club', 'discount', 'Discount to other club (archived)', '1.00', NULL, NULL, NULL, NULL, 1, NULL, NULL, 0, NULL, NULL, 0, 0),
(263, 1, 'club', 'base_fee', 'Membership Fee (archived)', '35.00', NULL, NULL, NULL, NULL, 1, NULL, NULL, 0, NULL, NULL, 0, 0),
(264, 1, 'club', 'discount', 'Jenneas Discount (archived)', '1.00', NULL, NULL, NULL, NULL, 1, NULL, NULL, 0, NULL, NULL, 0, 0),
(265, 1, 'club', 'base_fee', 'Membership Fee (archived)', '35.00', NULL, NULL, NULL, NULL, 1, NULL, NULL, 0, NULL, NULL, 0, 0),
(266, 1, 'club', 'discount', 'Jenneas Discount (archived)', '1.00', NULL, NULL, NULL, NULL, 1, NULL, NULL, 0, NULL, NULL, 0, 0),
(267, 1, 'club', 'base_fee', 'Membership Fee (archived)', '35.00', NULL, NULL, NULL, NULL, 1, NULL, NULL, 0, NULL, NULL, 0, 0),
(268, 1, 'club', 'discount', 'Jenneas Discount (archived)', '1.00', NULL, NULL, NULL, NULL, 1, NULL, NULL, 0, NULL, NULL, 0, 0),
(269, 1, 'club', 'base_fee', 'Membership Fee (archived)', '35.00', NULL, NULL, NULL, NULL, 1, NULL, NULL, 0, NULL, NULL, 0, 0),
(270, 1, 'club', 'discount', 'Jenneas Discount (archived)', '1.00', NULL, NULL, NULL, NULL, 1, NULL, NULL, 0, NULL, NULL, 0, 0),
(271, 1, 'club', 'base_fee', 'Membership Fee (archived)', '35.00', NULL, NULL, NULL, NULL, 1, NULL, NULL, 0, NULL, NULL, 0, 0),
(272, 1, 'club', 'discount', 'Jenneas Discount (archived)', '1.00', NULL, NULL, NULL, NULL, 1, NULL, NULL, 0, NULL, NULL, 0, 0),
(273, 1, 'club', 'base_fee', 'Membership Fee (archived)', '35.00', NULL, NULL, NULL, NULL, 1, NULL, NULL, 0, NULL, NULL, 0, 0),
(274, 1, 'club', 'discount', 'Jenneas Discount (archived)', '1.00', NULL, NULL, NULL, NULL, 1, NULL, NULL, 0, NULL, NULL, 0, 0),
(275, 1, 'club', 'base_fee', 'Membership Fee (archived)', '35.00', NULL, NULL, NULL, NULL, 1, NULL, NULL, 0, NULL, NULL, 0, 0),
(276, 1, 'club', 'discount', 'Jenneas Discount (archived)', '1.00', NULL, NULL, NULL, NULL, 1, NULL, NULL, 0, NULL, NULL, 0, 0),
(277, 1, 'club', 'base_fee', 'Membership Fee (archived)', '35.00', NULL, NULL, NULL, NULL, 1, NULL, NULL, 0, NULL, NULL, 0, 0),
(278, 1, 'club', 'discount', 'Jenneas Discount (archived)', '1.00', NULL, NULL, NULL, NULL, 1, NULL, NULL, 0, NULL, NULL, 0, 0),
(279, 1, 'club', 'base_fee', 'Membership Fee (archived)', '35.00', NULL, NULL, NULL, NULL, 1, NULL, NULL, 0, NULL, NULL, 0, 0),
(280, 1, 'club', 'discount', 'Jenneas Discount (archived)', '1.00', NULL, NULL, NULL, NULL, 1, NULL, NULL, 0, NULL, NULL, 0, 0),
(281, 1, 'club', 'base_fee', 'Membership Fee (archived)', '35.00', NULL, NULL, NULL, NULL, 1, NULL, NULL, 0, NULL, NULL, 0, 0),
(282, 1, 'club', 'discount', 'Jenneas Discount (archived)', '1.00', NULL, NULL, NULL, NULL, 1, NULL, NULL, 0, NULL, NULL, 0, 0),
(283, 1, 'club', 'base_fee', 'Membership Fee (archived)', '35.00', NULL, NULL, NULL, NULL, 1, NULL, NULL, 0, NULL, NULL, 0, 0),
(284, 1, 'club', 'discount', 'Jenneas Discount (archived)', '1.00', NULL, NULL, NULL, NULL, 1, NULL, NULL, 0, NULL, NULL, 0, 0),
(285, 1, 'club', 'discount', 'Test (archived)', '33.50', NULL, NULL, NULL, NULL, 1, NULL, NULL, 0, NULL, NULL, 0, 0),
(286, 1, 'club', 'base_fee', 'Membership Fee (archived)', '35.00', NULL, NULL, NULL, NULL, 1, NULL, NULL, 0, NULL, NULL, 0, 0),
(287, 1, 'club', 'discount', 'Jenneas Discount (archived)', '1.00', NULL, NULL, NULL, NULL, 1, NULL, NULL, 0, NULL, NULL, 0, 0),
(288, 1, 'club', 'discount', 'Test (archived)', '33.50', NULL, NULL, NULL, NULL, 1, NULL, NULL, 0, NULL, NULL, 0, 0),
(289, 1, 'club', 'base_fee', 'Membership Fee (archived)', '35.00', NULL, NULL, NULL, NULL, 1, NULL, NULL, 0, NULL, NULL, 0, 0),
(290, 1, 'club', 'discount', 'Jenneas Discount (archived)', '1.00', NULL, NULL, NULL, NULL, 1, NULL, NULL, 0, NULL, NULL, 0, 0),
(291, 1, 'club', 'base_fee', 'Membership Fee (archived)', '35.00', NULL, NULL, NULL, NULL, 1, NULL, NULL, 0, NULL, NULL, 0, 0),
(292, 1, 'club', 'discount', 'Jenneas Discount (archived)', '1.00', NULL, NULL, NULL, NULL, 1, NULL, NULL, 0, NULL, NULL, 0, 0),
(293, 1, 'club', 'base_fee', 'Membership Fee (archived)', '35.00', NULL, NULL, NULL, NULL, 1, NULL, NULL, 0, NULL, NULL, 0, 0),
(294, 1, 'club', 'discount', 'Jenneas Discount (archived)', '1.00', NULL, NULL, NULL, NULL, 1, NULL, NULL, 0, NULL, NULL, 0, 0),
(295, 1, 'club', 'base_fee', 'Membership Fee (archived)', '35.00', NULL, NULL, NULL, NULL, 1, NULL, NULL, 0, NULL, NULL, 0, 0),
(296, 1, 'club', 'discount', 'Jenneas Discount (archived)', '1.00', NULL, NULL, NULL, NULL, 1, NULL, NULL, 0, NULL, NULL, 0, 0),
(297, 1, 'club', 'base_fee', 'Membership Fee (archived)', '35.00', NULL, NULL, NULL, NULL, 1, NULL, NULL, 0, NULL, NULL, 0, 0),
(298, 1, 'club', 'discount', 'Jenneas Discount (archived)', '1.00', NULL, NULL, NULL, NULL, 1, NULL, NULL, 0, NULL, NULL, 0, 0),
(299, 1, 'club', 'base_fee', 'Membership Fee (archived)', '35.00', NULL, NULL, NULL, NULL, 1, NULL, NULL, 0, NULL, NULL, 0, 0),
(300, 1, 'club', 'discount', 'Jenneas Discount (archived)', '1.00', NULL, NULL, NULL, NULL, 1, NULL, NULL, 0, NULL, NULL, 0, 0),
(301, 1, 'club', 'base_fee', 'Men\\''s 18 - Requires Approval (archived)', '7.00', NULL, NULL, NULL, NULL, 1, NULL, NULL, 0, NULL, NULL, 0, 0),
(302, 1, 'club', 'discount', 'Just a discount (archived)', '7.00', NULL, NULL, NULL, NULL, 1, NULL, NULL, 0, NULL, NULL, 0, 0),
(303, 1, 'club', 'base_fee', 'Membership Fee (archived)', '35.00', NULL, NULL, NULL, NULL, 1, NULL, NULL, 0, NULL, NULL, 0, 0),
(304, 1, 'club', 'discount', 'Jenneas Discount (archived)', '1.00', NULL, NULL, NULL, NULL, 1, NULL, NULL, 0, NULL, NULL, 0, 0),
(305, 1, 'club', 'base_fee', 'Men\\''s 18 - Requires Approval (archived)', '45.00', NULL, NULL, NULL, NULL, 1, NULL, NULL, 0, NULL, NULL, 0, 0),
(306, 1, 'club', 'discount', 'Womens Incentive (archived)', '2.10', NULL, NULL, NULL, NULL, 1, NULL, NULL, 0, NULL, NULL, 0, 0),
(307, 1, 'club', 'discount', 'ML Test (archived)', '32.90', NULL, NULL, NULL, NULL, 1, NULL, NULL, 0, NULL, NULL, 0, 0),
(308, 1, 'club', 'base_fee', 'Membership Fee (archived)', '35.00', NULL, NULL, NULL, NULL, 1, NULL, NULL, 0, NULL, NULL, 0, 0),
(309, 1, 'club', 'discount', 'Jenneas Discount (archived)', '1.00', NULL, NULL, NULL, NULL, 1, NULL, NULL, 0, NULL, NULL, 0, 0),
(310, 1, 'club', 'base_fee', 'Sheetal Membeship (archived)', '40.00', NULL, NULL, NULL, NULL, 1, NULL, NULL, 0, NULL, NULL, 0, 0),
(311, 1, 'club', 'base_fee', 'Membership Fee (archived)', '35.00', NULL, NULL, NULL, NULL, 1, NULL, NULL, 0, NULL, NULL, 0, 0),
(312, 1, 'club', 'discount', 'New Member Discount (archived)', '2.25', NULL, NULL, NULL, NULL, 1, NULL, NULL, 0, NULL, NULL, 0, 0),
(313, 1, 'club', 'base_fee', 'Sheetal Membeship (archived)', '40.00', NULL, NULL, NULL, NULL, 1, NULL, NULL, 0, NULL, NULL, 0, 0),
(314, 1, 'club', 'base_fee', 'Membership Fee (archived)', '35.00', NULL, NULL, NULL, NULL, 1, NULL, NULL, 0, NULL, NULL, 0, 0),
(315, 1, 'club', 'discount', 'New Member Discount (archived)', '2.25', NULL, NULL, NULL, NULL, 1, NULL, NULL, 0, NULL, NULL, 0, 0),
(316, 1, 'club', 'base_fee', 'Special Addon (archived)', '5.00', NULL, NULL, NULL, NULL, 1, NULL, NULL, 0, NULL, NULL, 0, 0),
(317, 1, 'club', 'base_fee', 'Magazine Subscription (archived)', '10.00', NULL, NULL, NULL, NULL, 1, NULL, NULL, 0, NULL, NULL, 0, 0),
(318, 1, 'club', 'base_fee', 'Membership Fee (archived)', '35.00', NULL, NULL, NULL, NULL, 1, NULL, NULL, 0, NULL, NULL, 0, 0),
(319, 1, 'club', 'discount', 'New Member Discount (archived)', '2.25', NULL, NULL, NULL, NULL, 1, NULL, NULL, 0, NULL, NULL, 0, 0),
(320, 1, 'club', 'discount', 'Womens Incentive (archived)', '2.10', NULL, NULL, NULL, NULL, 1, NULL, NULL, 0, NULL, NULL, 0, 0),
(321, 1, 'club', 'discount', 'ML Test (archived)', '31.90', NULL, NULL, NULL, NULL, 1, NULL, NULL, 0, NULL, NULL, 0, 0),
(322, 1, 'club', 'base_fee', 'Membership Fee (archived)', '35.00', NULL, NULL, NULL, NULL, 1, NULL, NULL, 0, NULL, NULL, 0, 0),
(323, 1, 'club', 'base_fee', 'Membership Fee (archived)', '35.00', NULL, NULL, NULL, NULL, 1, NULL, NULL, 0, NULL, NULL, 0, 0),
(324, 1, 'club', 'base_fee', 'Membership Fee (archived)', '35.00', NULL, NULL, NULL, NULL, 1, NULL, NULL, 0, NULL, NULL, 0, 0),
(325, 1, 'club', 'discount', 'Junior Discount (archived)', '31.00', NULL, NULL, NULL, NULL, 1, NULL, NULL, 0, NULL, NULL, 0, 0),
(326, 1, 'club', 'base_fee', '5-1-16 through 11-20-16 (archived)', '0.00', NULL, NULL, NULL, NULL, 1, NULL, NULL, 0, NULL, NULL, 0, 0),
(327, 1, 'club', 'base_fee', 'Membership Fee (archived)', '35.00', NULL, NULL, NULL, NULL, 1, NULL, NULL, 0, NULL, NULL, 0, 0),
(328, 1, 'club', 'base_fee', 'Membership Fee (archived)', '35.00', NULL, NULL, NULL, NULL, 1, NULL, NULL, 0, NULL, NULL, 0, 0),
(329, 1, 'club', 'discount', 'Junior Discount (archived)', '33.50', NULL, NULL, NULL, NULL, 1, NULL, NULL, 0, NULL, NULL, 0, 0),
(330, 1, 'club', 'base_fee', 'Test Addon (archived)', '3.00', NULL, NULL, NULL, NULL, 1, NULL, NULL, 0, NULL, NULL, 0, 0),
(331, 1, 'club', 'base_fee', 'Membership Fee (archived)', '35.00', NULL, NULL, NULL, NULL, 1, NULL, NULL, 0, NULL, NULL, 0, 0),
(332, 1, 'club', 'base_fee', 'Membership Fee (archived)', '35.00', NULL, NULL, NULL, NULL, 1, NULL, NULL, 0, NULL, NULL, 0, 0),
(333, 1, 'club', 'base_fee', 'Membership Fee (archived)', '35.00', NULL, NULL, NULL, NULL, 1, NULL, NULL, 0, NULL, NULL, 0, 0),
(334, 1, 'club', 'base_fee', 'Membership Fee (archived)', '35.00', NULL, NULL, NULL, NULL, 1, NULL, NULL, 0, NULL, NULL, 0, 0),
(335, 1, 'club', 'base_fee', 'Membership Fee (archived)', '35.00', NULL, NULL, NULL, NULL, 1, NULL, NULL, 0, NULL, NULL, 0, 0),
(336, 1, 'club', 'base_fee', 'Membership Fee (archived)', '35.00', NULL, NULL, NULL, NULL, 1, NULL, NULL, 0, NULL, NULL, 0, 0),
(337, 1, 'club', 'base_fee', 'Membership Fee (archived)', '35.00', NULL, NULL, NULL, NULL, 1, NULL, NULL, 0, NULL, NULL, 0, 0),
(338, 1, 'club', 'base_fee', 'Membership Fee (archived)', '35.00', NULL, NULL, NULL, NULL, 1, NULL, NULL, 0, NULL, NULL, 0, 0),
(339, 1, 'club', 'base_fee', 'Membership Fee (archived)', '35.00', NULL, NULL, NULL, NULL, 1, NULL, NULL, 0, NULL, NULL, 0, 0),
(340, 1, 'club', 'base_fee', 'Membership Fee (archived)', '35.00', NULL, NULL, NULL, NULL, 1, NULL, NULL, 0, NULL, NULL, 0, 0),
(341, 1, 'club', 'base_fee', 'Membership Fee (archived)', '35.00', NULL, NULL, NULL, NULL, 1, NULL, NULL, 0, NULL, NULL, 0, 0),
(342, 1, 'club', 'base_fee', 'Membership Fee (archived)', '35.00', NULL, NULL, NULL, NULL, 1, NULL, NULL, 0, NULL, NULL, 0, 0),
(343, 1, 'club', 'base_fee', 'Membership Fee (archived)', '35.00', NULL, NULL, NULL, NULL, 1, NULL, NULL, 0, NULL, NULL, 0, 0),
(344, 1, 'club', 'base_fee', 'Membership Fee (archived)', '35.00', NULL, NULL, NULL, NULL, 1, NULL, NULL, 0, NULL, NULL, 0, 0),
(345, 1, 'club', 'base_fee', 'Membership Fee (archived)', '35.00', NULL, NULL, NULL, NULL, 1, NULL, NULL, 0, NULL, NULL, 0, 0),
(346, 1, 'club', 'base_fee', 'Membership Fee (archived)', '35.00', NULL, NULL, NULL, NULL, 1, NULL, NULL, 0, NULL, NULL, 0, 0),
(347, 1, 'club', 'base_fee', 'Membership Fee (archived)', '35.00', NULL, NULL, NULL, NULL, 1, NULL, NULL, 0, NULL, NULL, 0, 0),
(348, 1, 'club', 'base_fee', 'Membership Fee (archived)', '35.00', NULL, NULL, NULL, NULL, 1, NULL, NULL, 0, NULL, NULL, 0, 0),
(349, 1, 'club', 'base_fee', 'Membership Fee (archived)', '35.00', NULL, NULL, NULL, NULL, 1, NULL, NULL, 0, NULL, NULL, 0, 0),
(350, 1, 'club', 'base_fee', 'Membership Fee (archived)', '35.00', NULL, NULL, NULL, NULL, 1, NULL, NULL, 0, NULL, NULL, 0, 0),
(351, 1, 'club', 'base_fee', 'Membership Fee (archived)', '35.00', NULL, NULL, NULL, NULL, 1, NULL, NULL, 0, NULL, NULL, 0, 0),
(352, 1, 'club', 'base_fee', 'Membership Fee (archived)', '35.00', NULL, NULL, NULL, NULL, 1, NULL, NULL, 0, NULL, NULL, 0, 0),
(353, 1, 'club', 'base_fee', 'Membership Fee (archived)', '35.00', NULL, NULL, NULL, NULL, 1, NULL, NULL, 0, NULL, NULL, 0, 0),
(354, 1, 'club', 'base_fee', 'Membership Fee (archived)', '35.00', NULL, NULL, NULL, NULL, 1, NULL, NULL, 0, NULL, NULL, 0, 0),
(355, 1, 'club', 'base_fee', 'Membership Fee (archived)', '35.00', NULL, NULL, NULL, NULL, 1, NULL, NULL, 0, NULL, NULL, 0, 0),
(356, 1, 'club', 'base_fee', 'Membership Fee (archived)', '35.00', NULL, NULL, NULL, NULL, 1, NULL, NULL, 0, NULL, NULL, 0, 0),
(357, 1, 'club', 'base_fee', 'Membership Fee (archived)', '35.00', NULL, NULL, NULL, NULL, 1, NULL, NULL, 0, NULL, NULL, 0, 0),
(358, 1, 'club', 'base_fee', 'Membership Fee (archived)', '35.00', NULL, NULL, NULL, NULL, 1, NULL, NULL, 0, NULL, NULL, 0, 0),
(359, 1, 'club', 'base_fee', 'Membership Fee (archived)', '35.00', NULL, NULL, NULL, NULL, 1, NULL, NULL, 0, NULL, NULL, 0, 0),
(360, 1, 'club', 'base_fee', 'Membership Fee (archived)', '35.00', NULL, NULL, NULL, NULL, 1, NULL, NULL, 0, NULL, NULL, 0, 0),
(361, 1, 'club', 'base_fee', 'Membership Fee (archived)', '35.00', NULL, NULL, NULL, NULL, 1, NULL, NULL, 0, NULL, NULL, 0, 0),
(362, 1, 'club', 'base_fee', 'Membership Fee (archived)', '35.00', NULL, NULL, NULL, NULL, 1, NULL, NULL, 0, NULL, NULL, 0, 0),
(363, 1, 'club', 'base_fee', 'Membership Fee (archived)', '35.00', NULL, NULL, NULL, NULL, 1, NULL, NULL, 0, NULL, NULL, 0, 0),
(364, 1, 'club', 'base_fee', 'Membership Fee (archived)', '35.00', NULL, NULL, NULL, NULL, 1, NULL, NULL, 0, NULL, NULL, 0, 0),
(365, 1, 'club', 'base_fee', 'Membership Fee (archived)', '35.00', NULL, NULL, NULL, NULL, 1, NULL, NULL, 0, NULL, NULL, 0, 0),
(366, 1, 'club', 'base_fee', 'Membership Fee (archived)', '35.00', NULL, NULL, NULL, NULL, 1, NULL, NULL, 0, NULL, NULL, 0, 0),
(367, 1, 'club', 'base_fee', 'Membership Fee (archived)', '35.00', NULL, NULL, NULL, NULL, 1, NULL, NULL, 0, NULL, NULL, 0, 0),
(368, 1, 'club', 'base_fee', 'Membership Fee (archived)', '35.00', NULL, NULL, NULL, NULL, 1, NULL, NULL, 0, NULL, NULL, 0, 0),
(369, 1, 'club', 'base_fee', 'Membership Fee (archived)', '35.00', NULL, NULL, NULL, NULL, 1, NULL, NULL, 0, NULL, NULL, 0, 0),
(370, 1, 'club', 'base_fee', 'Membership Fee (archived)', '35.00', NULL, NULL, NULL, NULL, 1, NULL, NULL, 0, NULL, NULL, 0, 0),
(371, 1, 'club', 'base_fee', 'Membership Fee (archived)', '35.00', NULL, NULL, NULL, NULL, 1, NULL, NULL, 0, NULL, NULL, 0, 0),
(372, 1, 'club', 'base_fee', 'Membership Fee (archived)', '35.00', NULL, NULL, NULL, NULL, 1, NULL, NULL, 0, NULL, NULL, 0, 0),
(373, 1, 'club', 'base_fee', 'Membership Fee (archived)', '35.00', NULL, NULL, NULL, NULL, 1, NULL, NULL, 0, NULL, NULL, 0, 0),
(374, 1, 'club', 'base_fee', 'Membership Fee (archived)', '35.00', NULL, NULL, NULL, NULL, 1, NULL, NULL, 0, NULL, NULL, 0, 0),
(375, 1, 'club', 'base_fee', 'Membership Fee (archived)', '35.00', NULL, NULL, NULL, NULL, 1, NULL, NULL, 0, NULL, NULL, 0, 0),
(376, 1, 'club', 'base_fee', 'ABCD (archived)', '10.00', NULL, NULL, NULL, NULL, 1, NULL, NULL, 0, NULL, NULL, 0, 0),
(377, 1, 'club', 'base_fee', 'Membership Fee (archived)', '35.00', NULL, NULL, NULL, NULL, 1, NULL, NULL, 0, NULL, NULL, 0, 0),
(378, 1, 'club', 'base_fee', 'Membership Fee (archived)', '35.00', NULL, NULL, NULL, NULL, 1, NULL, NULL, 0, NULL, NULL, 0, 0),
(379, 1, 'club', 'base_fee', 'Membership Fee (archived)', '35.00', NULL, NULL, NULL, NULL, 1, NULL, NULL, 0, NULL, NULL, 0, 0),
(380, 1, 'club', 'base_fee', 'Membership Fee (archived)', '35.00', NULL, NULL, NULL, NULL, 1, NULL, NULL, 0, NULL, NULL, 0, 0),
(381, 1, 'club', 'base_fee', 'Membership Fee (archived)', '35.00', NULL, NULL, NULL, NULL, 1, NULL, NULL, 0, NULL, NULL, 0, 0),
(382, 1, 'club', 'base_fee', 'Membership Fee (archived)', '35.00', NULL, NULL, NULL, NULL, 1, NULL, NULL, 0, NULL, NULL, 0, 0),
(383, 1, 'club', 'base_fee', 'Membership Fee (archived)', '35.00', NULL, NULL, NULL, NULL, 1, NULL, NULL, 0, NULL, NULL, 0, 0),
(384, 1, 'club', 'base_fee', 'Membership Fee (archived)', '35.00', NULL, NULL, NULL, NULL, 1, NULL, NULL, 0, NULL, NULL, 0, 0),
(385, 1, 'club', 'discount', 'Womens Incentive (archived)', '2.10', NULL, NULL, NULL, NULL, 1, NULL, NULL, 0, NULL, NULL, 0, 0),
(386, 1, 'club', 'base_fee', 'Membership Fee (archived)', '35.00', NULL, NULL, NULL, NULL, 1, NULL, NULL, 0, NULL, NULL, 0, 0),
(387, 1, 'club', 'base_fee', 'Membership Fee (archived)', '35.00', NULL, NULL, NULL, NULL, 1, NULL, NULL, 0, NULL, NULL, 0, 0),
(388, 1, 'club', 'base_fee', 'Membership Fee (archived)', '35.00', NULL, NULL, NULL, NULL, 1, NULL, NULL, 0, NULL, NULL, 0, 0);
INSERT INTO `gn_subscription_fee` (`subscription_fee_id`, `association_id`, `fee_level_cd`, `fee_type_cd`, `fee_name`, `fee_amount`, `fee_description`, `start_date`, `end_date`, `gender_type_cd`, `online_only`, `low_age`, `high_age`, `requires_promotion`, `promotion_code`, `display_order`, `exclude_inactive`, `restrict_by_trans_type`) VALUES
(389, 1, 'club', 'base_fee', 'Membership Fee (archived)', '35.00', NULL, NULL, NULL, NULL, 1, NULL, NULL, 0, NULL, NULL, 0, 0),
(390, 1, 'club', 'base_fee', 'Membership Fee (archived)', '35.00', NULL, NULL, NULL, NULL, 1, NULL, NULL, 0, NULL, NULL, 0, 0),
(391, 1, 'club', 'base_fee', 'LBM (archived)', '17.00', NULL, NULL, NULL, NULL, 1, NULL, NULL, 0, NULL, NULL, 0, 0),
(392, 1, 'club', 'base_fee', 'Membership Fee (archived)', '35.00', NULL, NULL, NULL, NULL, 1, NULL, NULL, 0, NULL, NULL, 0, 0),
(393, 1, 'club', 'base_fee', 'Membership Fee (archived)', '35.00', NULL, NULL, NULL, NULL, 1, NULL, NULL, 0, NULL, NULL, 0, 0),
(394, 1, 'club', 'base_fee', 'Membership Fee (archived)', '35.00', NULL, NULL, NULL, NULL, 1, NULL, NULL, 0, NULL, NULL, 0, 0),
(395, 1, 'club', 'base_fee', 'Membership Fee (archived)', '35.00', NULL, NULL, NULL, NULL, 1, NULL, NULL, 0, NULL, NULL, 0, 0),
(396, 1, 'club', 'base_fee', 'Membership Fee (archived)', '35.00', NULL, NULL, NULL, NULL, 1, NULL, NULL, 0, NULL, NULL, 0, 0),
(397, 1, 'club', 'base_fee', 'LBM Service 1 (archived)', '17.00', NULL, NULL, NULL, NULL, 1, NULL, NULL, 0, NULL, NULL, 0, 0),
(398, 1, 'club', 'base_fee', 'Membership Fee (archived)', '35.00', NULL, NULL, NULL, NULL, 1, NULL, NULL, 0, NULL, NULL, 0, 0),
(399, 1, 'club', 'base_fee', 'Membership Fee (archived)', '35.00', NULL, NULL, NULL, NULL, 1, NULL, NULL, 0, NULL, NULL, 0, 0);

--
-- Truncate table before insert `gn_subscription_fee_map`
--

TRUNCATE TABLE `gn_subscription_fee_map`;
--
-- Dumping data for table `gn_subscription_fee_map`
--

INSERT INTO `gn_subscription_fee_map` (`subscription_type_id`, `subscription_fee_id`) VALUES
(1, 2),
(2, 3),
(9, 3),
(34, 3),
(3, 4),
(4, 5),
(5, 6),
(10, 6),
(6, 7),
(7, 8),
(8, 9),
(11, 10),
(12, 11),
(13, 12),
(14, 13),
(15, 13),
(16, 14),
(17, 15),
(18, 16),
(19, 17),
(20, 18),
(21, 19),
(22, 20),
(23, 21),
(24, 22),
(25, 23),
(43, 23),
(26, 24),
(27, 25),
(28, 26),
(29, 27),
(30, 28),
(31, 29),
(32, 30),
(33, 31),
(35, 32),
(36, 33),
(37, 34),
(38, 35),
(39, 36),
(40, 37),
(41, 38),
(42, 39),
(44, 40),
(1, 43),
(4, 44),
(5, 45),
(15, 46),
(26, 50),
(25, 51),
(26, 52),
(30, 53),
(28, 54),
(28, 55),
(28, 56),
(27, 58),
(36, 59),
(36, 60),
(35, 61),
(33, 64),
(40, 71),
(40, 73),
(36, 74),
(36, 75),
(36, 76),
(37, 83),
(38, 84),
(41, 85),
(44, 89),
(5, 92),
(26, 95),
(27, 95),
(28, 96);

--
-- Truncate table before insert `gn_subscription_status`
--

TRUNCATE TABLE `gn_subscription_status`;
--
-- Dumping data for table `gn_subscription_status`
--

INSERT INTO `gn_subscription_status` (`subscription_status_cd`, `subscription_status_value`, `requires_reason`) VALUES
('active', 'Active', 0),
('cancelled', 'Cancelled', 1),
('inactive', 'Inactive', 1),
('pending_approval', 'Pending Approval', 0),
('pending_renewal', 'Pending Renewal', 0),
('rejected', 'Rejected', 1);

--
-- Truncate table before insert `gn_subscription_type`
--

TRUNCATE TABLE `gn_subscription_type`;
--
-- Dumping data for table `gn_subscription_type`
--

INSERT INTO `gn_subscription_type` (`subscription_type_id`, `club_service_id`, `subscription_type_name`, `is_default`, `requires_approval`, `auto_reject_days`, `allow_auto_renew`, `auto_renew_days`, `renew_subscription_type_id`, `is_limited_membership`, `notify_email`, `is_archived`) VALUES
(1, 1, 'SCGA Associate Membership Network', 1, 0, 0, 0, 0, NULL, 1, '', 0),
(2, 2, 'Regular', 1, 0, 0, 0, 0, NULL, 0, '', 0),
(3, 3, 'LBM Service 1', 1, 0, 0, 0, 0, NULL, 1, '', 0),
(4, 4, 'AMN 2', 0, 0, 0, 0, 0, NULL, 0, '', 0),
(5, 2, 'AMN', 1, 0, 0, 0, 0, NULL, 1, '', 0),
(6, 5, 'LBM Service 3 number 2', 0, 0, 0, 0, 0, NULL, 1, '', 0),
(7, 6, 'Mess', 1, 0, 0, 0, 0, NULL, 0, '', 0),
(8, 6, 'AMN Service 1', 1, 0, 0, 0, 0, NULL, 1, '', 0),
(9, 6, 'regular', 1, 0, 0, 0, 0, NULL, 0, '', 0),
(10, 7, 'AMN', 1, 0, 0, 0, 0, NULL, 1, '', 0),
(11, 7, 'regular', 1, 0, 0, 0, 0, NULL, 0, '', 0),
(12, 8, 'Limited Benefit Membership 5', 0, 1, 0, 0, 0, NULL, 1, '', 0),
(13, 9, 'Limited Benefit Membership 3', 0, 0, 0, 0, 0, NULL, 1, '', 0),
(14, 1, 'Limited Benefit Membership', 1, 0, 0, 0, 0, NULL, 1, '', 1),
(15, 2, 'Limited Benefit Membership', 1, 0, 0, 0, 0, NULL, 1, '', 0),
(16, 10, 'Women only', 1, 0, 0, 0, 0, NULL, 0, '', 0),
(17, 10, 'All people', 1, 0, 0, 0, 0, NULL, 0, '', 1),
(18, 10, 'Men only', 1, 0, 0, 0, 0, NULL, 0, '', 0),
(19, 1, 'Men only', 1, 0, 0, 0, 0, NULL, 0, '', 0),
(20, 1, 'Women only', 1, 0, 0, 0, 0, NULL, 0, '', 0),
(21, 1, 'Membership for all', 1, 0, 0, 0, 0, NULL, 0, '', 0),
(22, 2, 'Basic', 1, 0, 0, 0, 0, NULL, 0, '', 0),
(23, 2, 'Women Special', 1, 0, 0, 0, 0, NULL, 0, '', 0),
(24, 6, 'Women\\''s Membership 18-100', 1, 1, 0, 0, 0, NULL, 0, '', 0),
(25, 3, 'Regular Membership', 1, 0, 0, 0, 0, NULL, 0, '', 0),
(26, 6, 'Silver membership', 1, 1, 0, 0, 0, NULL, 0, '', 0),
(27, 6, 'Sheetal Membership', 1, 1, 0, 0, 0, NULL, 0, 'shd.fortest@gmail.com', 0),
(28, 6, 'Another Membership', 1, 0, 0, 0, 0, NULL, 0, '', 0),
(29, 2, 'Just another membership', 1, 0, 0, 0, 0, NULL, 0, '', 1),
(30, 2, 'Super Special Membership', 1, 0, 0, 0, 0, NULL, 0, '', 0),
(31, 11, 'Regular', 1, 0, 0, 0, 0, NULL, 0, '', 0),
(32, 6, 'Super Secret Membership', 1, 0, 0, 0, 0, NULL, 0, '', 1),
(33, 12, 'Regular', 1, 1, 0, 0, 0, NULL, 0, '', 0),
(34, 13, 'Regular', 1, 1, 0, 0, 0, NULL, 0, '', 0),
(35, 2, 'Junior', 1, 0, 0, 0, 0, NULL, 0, '', 1),
(36, 6, 'Special Membership', 1, 0, 0, 0, 0, NULL, 1, 'marvinhl@yahoo.com,immarvin@gmail.com,j_a_canarias@yahoo.com', 0),
(37, 14, 'Renewal Fee', 1, 0, 0, 0, 0, NULL, 0, '', 0),
(38, 15, 'Regular Membership', 1, 0, 0, 0, 0, NULL, 0, '', 0),
(39, 6, 'Men\\''s 18 - Requires Approval', 1, 1, 0, 0, 0, NULL, 0, '', 1),
(40, 2, 'Regular', 1, 1, 0, 0, 0, NULL, 0, 'immarvin@gmail.com,miki@liquamedia.com', 1),
(41, 2, 'Senior Renewal', 1, 0, 0, 0, 0, NULL, 0, '', 0),
(42, 16, 'Regular Membership', 1, 1, 0, 0, 0, NULL, 0, '', 0),
(43, 14, 'Regular Membership', 1, 1, 0, 0, 0, NULL, 0, '', 0),
(44, 17, 'Regular', 1, 1, 0, 0, 0, NULL, 0, '', 0);

--
-- Truncate table before insert `gn_sub_fee_trans_type`
--

TRUNCATE TABLE `gn_sub_fee_trans_type`;
--
-- Dumping data for table `gn_sub_fee_trans_type`
--

INSERT INTO `gn_sub_fee_trans_type` (`subscription_fee_id`, `transaction_type_cd`) VALUES
(34, 'auto_renew'),
(41, 'auto_renew'),
(44, 'auto_renew'),
(45, 'auto_renew'),
(46, 'auto_renew'),
(47, 'auto_renew'),
(52, 'auto_renew'),
(53, 'auto_renew'),
(55, 'auto_renew'),
(56, 'auto_renew'),
(57, 'auto_renew'),
(59, 'auto_renew'),
(61, 'auto_renew'),
(64, 'auto_renew'),
(66, 'auto_renew'),
(68, 'auto_renew'),
(69, 'auto_renew'),
(70, 'auto_renew'),
(71, 'auto_renew'),
(75, 'auto_renew'),
(76, 'auto_renew'),
(78, 'auto_renew'),
(79, 'auto_renew'),
(86, 'auto_renew'),
(87, 'auto_renew'),
(89, 'auto_renew'),
(95, 'auto_renew'),
(96, 'auto_renew');

--
-- Truncate table before insert `gn_synch_status`
--

TRUNCATE TABLE `gn_synch_status`;
--
-- Dumping data for table `gn_synch_status`
--

INSERT INTO `gn_synch_status` (`synch_status_cd`, `synch_status_value`) VALUES
('complete', 'Complete'),
('error', 'Error Processing'),
('in_queue', 'In Queue');

--
-- Truncate table before insert `gn_tee_rating`
--

TRUNCATE TABLE `gn_tee_rating`;
--
-- Truncate table before insert `gn_transaction`
--

TRUNCATE TABLE `gn_transaction`;
--
-- Dumping data for table `gn_transaction`
--

INSERT INTO `gn_transaction` (`transaction_id`, `subscription_id`, `transaction_date`, `transaction_type_cd`, `transaction_status_cd`, `transaction_amount`, `association_amount`, `club_amount`, `transaction_fee`, `merchant_payment_id`, `original_transaction_id`, `access_key`, `applied_to_payment`, `club_bill_id`, `applied_to_bill`, `club_bill_adj_id`, `includes_adjustment`, `paid_online`, `assn_merchant_fee`, `club_merchant_fee`) VALUES
(1, 1, '2015-08-17', 'online_join', 'paid', '23.25', '0.00', '23.25', '0.00', 0, NULL, NULL, 0, NULL, 0, NULL, 0, 1, NULL, NULL),
(2, 2, '2015-08-17', 'online_join', 'paid', '34.00', '0.00', '34.00', '0.00', 0, NULL, NULL, 0, NULL, 0, NULL, 0, 1, NULL, NULL),
(3, 3, '2015-08-17', 'online_join', 'paid', '105.00', '0.00', '105.00', '0.00', 0, NULL, NULL, 0, NULL, 0, NULL, 0, 1, NULL, NULL),
(4, 4, '2015-08-17', 'online_join', 'paid', '105.00', '0.00', '105.00', '0.00', 0, NULL, NULL, 0, NULL, 0, NULL, 0, 1, NULL, NULL),
(5, 5, '2015-08-18', 'online_join', 'paid', '68.00', '0.00', '68.00', '0.00', 0, NULL, NULL, 0, NULL, 0, NULL, 0, 1, NULL, NULL),
(6, 6, '2015-08-18', 'online_join', 'paid', '105.00', '0.00', '105.00', '0.00', 0, NULL, NULL, 0, NULL, 0, NULL, 0, 1, NULL, NULL),
(7, 7, '2015-08-18', 'online_join', 'paid', '68.00', '0.00', '68.00', '0.00', 0, NULL, NULL, 0, NULL, 0, NULL, 0, 1, NULL, NULL),
(8, 8, '2015-08-18', 'online_join', 'paid', '105.00', '0.00', '105.00', '0.00', 0, NULL, NULL, 0, NULL, 0, NULL, 0, 1, NULL, NULL),
(9, 9, '2015-08-18', 'online_join', 'paid', '58.00', '0.00', '58.00', '0.00', 0, NULL, NULL, 0, NULL, 0, NULL, 0, 1, NULL, NULL),
(10, 10, '2015-08-18', 'online_join', 'paid', '105.00', '0.00', '105.00', '0.00', 0, NULL, NULL, 0, NULL, 0, NULL, 0, 1, NULL, NULL),
(11, 11, '2015-08-20', 'online_join', 'paid', '58.00', '0.00', '58.00', '0.00', 0, NULL, NULL, 0, NULL, 0, NULL, 0, 1, NULL, NULL),
(12, 12, '2015-08-20', 'online_join', 'paid', '1.00', '0.00', '1.00', '0.00', 0, NULL, NULL, 0, NULL, 0, NULL, 0, 1, NULL, NULL),
(13, 13, '2015-08-26', 'online_join', 'paid', '58.00', '0.00', '58.00', '0.00', 0, NULL, NULL, 0, NULL, 0, NULL, 0, 1, NULL, NULL),
(14, 14, '2015-10-08', 'online_join', 'paid', '6.00', '0.00', '6.00', '0.00', 0, NULL, NULL, 0, NULL, 0, NULL, 0, 1, NULL, NULL),
(15, 15, '2015-10-30', 'online_join', 'paid', '6.00', '0.00', '6.00', '0.00', 0, NULL, NULL, 0, NULL, 0, NULL, 0, 1, NULL, NULL),
(16, 16, '2015-11-03', 'online_join', 'paid', '45.00', '0.00', '45.00', '0.00', 0, NULL, NULL, 0, NULL, 0, NULL, 0, 1, NULL, NULL),
(17, 17, '2015-11-08', 'online_join', 'paid', '39.00', '0.00', '39.00', '0.00', 0, NULL, NULL, 0, NULL, 0, NULL, 0, 1, NULL, NULL),
(18, 18, '2015-11-10', 'online_join', 'paid', '49.00', '0.00', '49.00', '0.00', 0, NULL, NULL, 0, NULL, 0, NULL, 0, 1, NULL, NULL),
(19, 28, '2015-11-16', 'online_join', 'paid', '25.00', '0.00', '25.00', '0.00', 0, NULL, NULL, 0, NULL, 0, NULL, 0, 1, NULL, NULL),
(20, 29, '2015-11-18', 'online_join', 'paid', '20.00', '0.00', '20.00', '0.00', 0, NULL, NULL, 0, NULL, 0, NULL, 0, 1, NULL, NULL),
(21, 31, '2016-06-13', 'online_join', 'paid', '54.00', '-5.00', '59.00', '0.00', 0, NULL, NULL, 0, NULL, 0, NULL, 0, 1, NULL, NULL),
(22, 35, '2016-01-07', 'online_join', 'paid', '61.50', '-6.00', '67.50', '0.00', 0, NULL, NULL, 0, NULL, 0, NULL, 0, 1, NULL, NULL),
(23, 36, '2016-01-06', 'online_join', 'paid', '64.00', '-6.00', '70.00', '0.00', 0, NULL, NULL, 0, NULL, 0, NULL, 0, 1, NULL, NULL),
(24, 37, '2016-01-07', 'online_join', 'paid', '29.00', '-6.00', '35.00', '0.00', 0, NULL, NULL, 0, NULL, 0, NULL, 0, 1, NULL, NULL),
(25, 38, '2015-11-22', 'online_join', 'paid', '0.00', '0.00', '0.00', '0.00', 0, NULL, NULL, 0, NULL, 0, NULL, 0, 1, NULL, NULL),
(26, 39, '2015-12-14', 'online_join', 'paid', '29.00', '0.00', '29.00', '0.00', 0, NULL, NULL, 0, NULL, 0, NULL, 0, 1, NULL, NULL),
(27, 40, '2015-12-16', 'online_join', 'paid', '61.00', '-5.00', '66.00', '0.00', 0, NULL, NULL, 0, NULL, 0, NULL, 0, 1, NULL, NULL),
(28, 42, '2015-12-22', 'online_join', 'paid', '85.00', '0.00', '85.00', '0.00', 0, NULL, NULL, 0, NULL, 0, NULL, 0, 1, NULL, NULL),
(29, 44, '2016-06-21', 'online_join', 'paid', '47.40', '-5.00', '52.40', '0.00', 0, NULL, NULL, 0, NULL, 0, NULL, 0, 1, NULL, NULL),
(30, 46, '2016-01-07', 'online_join', 'paid', '29.00', '-6.00', '35.00', '0.00', 0, NULL, NULL, 0, NULL, 0, NULL, 0, 1, NULL, NULL),
(31, 47, '2016-06-13', 'online_join', 'paid', '26.50', '-7.50', '34.00', '0.00', 0, NULL, NULL, 0, NULL, 0, NULL, 0, 1, NULL, NULL),
(32, 48, '2015-12-29', 'online_join', 'paid', '57.50', '0.00', '55.00', '2.50', 0, NULL, NULL, 0, NULL, 0, NULL, 0, 1, NULL, NULL),
(33, 49, '2015-12-30', 'online_join', 'paid', '60.50', '-5.00', '63.00', '2.50', 0, NULL, NULL, 0, NULL, 0, NULL, 0, 1, NULL, NULL),
(34, 50, '2015-12-30', 'online_join', 'paid', '65.00', '0.00', '62.50', '2.50', 0, NULL, NULL, 0, NULL, 0, NULL, 0, 1, NULL, NULL),
(35, 51, '2015-12-30', 'online_join', 'paid', '65.00', '0.00', '62.50', '2.50', 0, NULL, NULL, 0, NULL, 0, NULL, 0, 1, NULL, NULL),
(36, 53, '2015-12-30', 'online_join', 'paid', '75.00', '0.00', '72.50', '2.50', 0, NULL, NULL, 0, NULL, 0, NULL, 0, 1, NULL, NULL),
(37, 54, '2016-01-04', 'online_join', 'paid', '28.00', '-6.00', '34.00', '0.00', 0, NULL, NULL, 0, NULL, 0, NULL, 0, 1, NULL, NULL),
(38, 56, '2016-01-06', 'online_join', 'paid', '62.50', '0.00', '62.50', '0.00', 0, NULL, NULL, 0, NULL, 0, NULL, 0, 1, NULL, NULL),
(39, 57, '2016-01-06', 'online_join', 'paid', '72.50', '0.00', '72.50', '0.00', 0, NULL, NULL, 0, NULL, 0, NULL, 0, 1, NULL, NULL),
(40, 58, '2016-01-06', 'online_join', 'paid', '72.50', '0.00', '72.50', '0.00', 0, NULL, NULL, 0, NULL, 0, NULL, 0, 1, NULL, NULL),
(41, 59, '2016-01-07', 'online_join', 'paid', '72.50', '0.00', '72.50', '0.00', 0, NULL, NULL, 0, NULL, 0, NULL, 0, 1, NULL, NULL),
(42, 60, '2016-01-07', 'online_join', 'paid', '72.50', '0.00', '72.50', '0.00', 0, NULL, NULL, 0, NULL, 0, NULL, 0, 1, NULL, NULL),
(43, 61, '2016-01-07', 'online_join', 'paid', '55.00', '0.00', '55.00', '0.00', 0, NULL, NULL, 0, NULL, 0, NULL, 0, 1, NULL, NULL),
(44, 62, '2016-01-08', 'online_join', 'paid', '55.00', '0.00', '55.00', '0.00', 0, NULL, NULL, 0, NULL, 0, NULL, 0, 1, NULL, NULL),
(45, 63, '2016-01-18', 'online_join', 'paid', '66.50', '-5.00', '69.00', '2.50', 0, NULL, NULL, 0, NULL, 0, NULL, 0, 1, NULL, NULL),
(46, 64, '2016-01-21', 'online_join', 'paid', '81.50', '0.00', '79.00', '2.50', 0, NULL, NULL, 0, NULL, 0, NULL, 0, 1, NULL, NULL),
(47, 65, '2016-02-22', 'online_join', 'paid', '61.00', '0.00', '58.50', '2.50', 0, NULL, NULL, 0, NULL, 0, NULL, 0, 1, NULL, NULL),
(48, 66, '2016-02-22', 'online_join', 'paid', '61.00', '0.00', '58.50', '2.50', 0, NULL, NULL, 0, NULL, 0, NULL, 0, 1, NULL, NULL),
(49, 67, '2016-03-15', 'online_join', 'paid', '45.00', '0.00', '45.00', '0.00', 0, NULL, NULL, 0, NULL, 0, NULL, 0, 1, NULL, NULL),
(50, 68, '2016-03-16', 'online_join', 'paid', '45.00', '0.00', '45.00', '0.00', 0, NULL, NULL, 0, NULL, 0, NULL, 0, 1, NULL, NULL),
(51, 69, '2016-03-16', 'online_join', 'paid', '45.00', '0.00', '45.00', '0.00', 0, NULL, NULL, 0, NULL, 0, NULL, 0, 1, NULL, NULL),
(52, 70, '2016-03-16', 'online_join', 'paid', '45.00', '0.00', '45.00', '0.00', 0, NULL, NULL, 0, NULL, 0, NULL, 0, 1, NULL, NULL),
(53, 71, '2016-03-19', 'online_join', 'paid', '45.00', '0.00', '45.00', '0.00', 0, NULL, NULL, 0, NULL, 0, NULL, 0, 1, NULL, NULL),
(54, 72, '2016-03-20', 'online_join', 'paid', '45.00', '0.00', '45.00', '0.00', 0, NULL, NULL, 0, NULL, 0, NULL, 0, 1, NULL, NULL),
(55, 73, '2016-03-28', 'online_join', 'paid', '58.50', '0.00', '58.50', '0.00', 0, NULL, NULL, 0, NULL, 0, NULL, 0, 1, NULL, NULL),
(56, 74, '2016-04-15', 'online_join', 'paid', '85.00', '0.00', '85.00', '0.00', 0, NULL, NULL, 0, NULL, 0, NULL, 0, 1, NULL, NULL),
(57, 75, '2016-04-15', 'online_join', 'paid', '85.00', '0.00', '85.00', '0.00', 0, NULL, NULL, 0, NULL, 0, NULL, 0, 1, NULL, NULL),
(58, 76, '2016-04-20', 'online_join', 'paid', '40.00', '-4.00', '44.00', '0.00', 0, NULL, NULL, 0, NULL, 0, NULL, 0, 1, NULL, NULL),
(59, 77, '0000-00-00', 'online_join', 'paid', '48.00', '-6.00', '54.00', '0.00', 0, NULL, NULL, 0, NULL, 0, NULL, 0, 1, NULL, NULL),
(60, 78, '0000-00-00', 'online_join', 'paid', '48.00', '-6.00', '54.00', '0.00', 0, NULL, NULL, 0, NULL, 0, NULL, 0, 1, NULL, NULL),
(61, 79, '2016-05-17', 'online_join', 'paid', '73.00', '0.00', '73.00', '0.00', 0, NULL, NULL, 0, NULL, 0, NULL, 0, 1, NULL, NULL),
(62, 80, '2016-05-19', 'online_join', 'paid', '48.00', '-6.00', '54.00', '0.00', 0, NULL, NULL, 0, NULL, 0, NULL, 0, 1, NULL, NULL),
(63, 81, '2016-05-19', 'online_join', 'paid', '48.00', '-6.00', '54.00', '0.00', 0, NULL, NULL, 0, NULL, 0, NULL, 0, 1, NULL, NULL),
(64, 82, '2016-05-23', 'online_join', 'paid', '49.00', '-5.00', '54.00', '0.00', 0, NULL, NULL, 0, NULL, 0, NULL, 0, 1, NULL, NULL),
(65, 83, '2016-05-23', 'online_join', 'paid', '49.00', '-5.00', '54.00', '0.00', 0, NULL, NULL, 0, NULL, 0, NULL, 0, 1, NULL, NULL),
(66, 84, '2016-05-24', 'online_join', 'paid', '49.00', '-5.00', '54.00', '0.00', 0, NULL, NULL, 0, NULL, 0, NULL, 0, 1, NULL, NULL),
(67, 85, '2016-05-24', 'online_join', 'paid', '49.00', '-5.00', '54.00', '0.00', 0, NULL, NULL, 0, NULL, 0, NULL, 0, 1, NULL, NULL),
(68, 86, '2016-06-01', 'online_join', 'paid', '51.50', '-7.50', '59.00', '0.00', 0, NULL, NULL, 0, NULL, 0, NULL, 0, 1, NULL, NULL),
(69, 87, '2016-05-26', 'online_join', 'paid', '68.00', '-5.00', '73.00', '0.00', 0, NULL, NULL, 0, NULL, 0, NULL, 0, 1, NULL, NULL),
(70, 88, '2016-05-26', 'online_join', 'paid', '63.00', '-5.00', '68.00', '0.00', 0, NULL, NULL, 0, NULL, 0, NULL, 0, 1, NULL, NULL),
(71, 89, '2016-05-26', 'online_join', 'paid', '63.00', '-5.00', '68.00', '0.00', 0, NULL, NULL, 0, NULL, 0, NULL, 0, 1, NULL, NULL),
(72, 90, '2016-05-26', 'online_join', 'paid', '63.00', '-5.00', '68.00', '0.00', 0, NULL, NULL, 0, NULL, 0, NULL, 0, 1, NULL, NULL),
(73, 91, '2016-05-26', 'online_join', 'paid', '63.00', '-5.00', '68.00', '0.00', 0, NULL, NULL, 0, NULL, 0, NULL, 0, 1, NULL, NULL),
(74, 92, '2016-05-26', 'online_join', 'paid', '38.00', '-6.00', '44.00', '0.00', 0, NULL, NULL, 0, NULL, 0, NULL, 0, 1, NULL, NULL),
(75, 93, '2016-05-27', 'online_join', 'paid', '53.00', '0.00', '53.00', '0.00', 0, NULL, NULL, 0, NULL, 0, NULL, 0, 1, NULL, NULL),
(76, 94, '2016-06-01', 'online_join', 'paid', '53.00', '-6.00', '59.00', '0.00', 0, NULL, NULL, 0, NULL, 0, NULL, 0, 1, NULL, NULL),
(77, 95, '2016-06-01', 'online_join', 'paid', '52.00', '-6.00', '58.00', '0.00', 0, NULL, NULL, 0, NULL, 0, NULL, 0, 1, NULL, NULL),
(78, 96, '2016-06-01', 'online_join', 'paid', '48.00', '-6.00', '54.00', '0.00', 0, NULL, NULL, 0, NULL, 0, NULL, 0, 1, NULL, NULL),
(79, 97, '2016-06-01', 'online_join', 'paid', '48.00', '-6.00', '54.00', '0.00', 0, NULL, NULL, 0, NULL, 0, NULL, 0, 1, NULL, NULL),
(80, 98, '2016-06-01', 'online_join', 'paid', '116.50', '-7.50', '124.00', '0.00', 0, NULL, NULL, 0, NULL, 0, NULL, 0, 1, NULL, NULL),
(81, 99, '2016-06-01', 'online_join', 'paid', '50.50', '-7.50', '58.00', '0.00', 0, NULL, NULL, 0, NULL, 0, NULL, 0, 1, NULL, NULL),
(82, 102, '2016-06-06', 'online_join', 'paid', '53.00', '-6.00', '59.00', '0.00', 0, NULL, NULL, 0, NULL, 0, NULL, 0, 1, NULL, NULL),
(83, 103, '2016-06-06', 'online_join', 'paid', '51.50', '-7.50', '59.00', '0.00', 0, NULL, NULL, 0, NULL, 0, NULL, 0, 1, NULL, NULL),
(84, 104, '2016-06-07', 'online_join', 'paid', '116.50', '-7.50', '124.00', '0.00', 0, NULL, NULL, 0, NULL, 0, NULL, 0, 1, NULL, NULL),
(85, 105, '2016-06-07', 'online_join', 'paid', '116.50', '-7.50', '124.00', '0.00', 0, NULL, NULL, 0, NULL, 0, NULL, 0, 1, NULL, NULL),
(86, 108, '2016-06-09', 'online_join', 'paid', '53.00', '-6.00', '59.00', '0.00', 0, NULL, NULL, 0, NULL, 0, NULL, 0, 1, NULL, NULL),
(87, 109, '2016-06-09', 'online_join', 'paid', '57.50', '-1.50', '59.00', '0.00', 0, NULL, NULL, 0, NULL, 0, NULL, 0, 1, NULL, NULL),
(88, 110, '2016-06-09', 'online_join', 'paid', '57.50', '-1.50', '59.00', '0.00', 0, NULL, NULL, 0, NULL, 0, NULL, 0, 1, NULL, NULL),
(89, 111, '2016-06-10', 'online_join', 'paid', '34.50', '0.00', '34.50', '0.00', 0, NULL, NULL, 0, NULL, 0, NULL, 0, 1, NULL, NULL),
(90, 112, '2016-06-10', 'online_join', 'paid', '34.50', '0.00', '34.50', '0.00', 0, NULL, NULL, 0, NULL, 0, NULL, 0, 1, NULL, NULL),
(91, 113, '2016-06-10', 'online_join', 'paid', '59.00', '0.00', '59.00', '0.00', 0, NULL, NULL, 0, NULL, 0, NULL, 0, 1, NULL, NULL),
(92, 114, '2016-06-10', 'online_join', 'paid', '46.50', '-11.50', '58.00', '0.00', 0, NULL, NULL, 0, NULL, 0, NULL, 0, 1, NULL, NULL),
(93, 115, '2016-06-10', 'online_join', 'paid', '53.00', '-6.00', '59.00', '0.00', 0, NULL, NULL, 0, NULL, 0, NULL, 0, 1, NULL, NULL),
(94, 116, '2016-06-13', 'online_join', 'paid', '46.50', '-11.50', '58.00', '0.00', 0, NULL, NULL, 0, NULL, 0, NULL, 0, 1, NULL, NULL),
(95, 117, '2016-06-13', 'online_join', 'paid', '53.00', '-6.00', '59.00', '0.00', 0, NULL, NULL, 0, NULL, 0, NULL, 0, 1, NULL, NULL),
(96, 118, '2016-06-13', 'online_join', 'paid', '34.00', '0.00', '34.00', '0.00', 0, NULL, NULL, 0, NULL, 0, NULL, 0, 1, NULL, NULL),
(97, 119, '2016-06-14', 'online_join', 'paid', '34.00', '0.00', '34.00', '0.00', 0, NULL, NULL, 0, NULL, 0, NULL, 0, 1, NULL, NULL),
(98, 120, '2016-06-14', 'online_join', 'paid', '72.75', '0.00', '72.75', '0.00', 0, NULL, NULL, 0, NULL, 0, NULL, 0, 1, NULL, NULL),
(99, 121, '2016-06-15', 'online_join', 'paid', '65.75', '0.00', '65.75', '0.00', 0, NULL, NULL, 0, NULL, 0, NULL, 0, 1, NULL, NULL),
(100, 122, '2016-06-15', 'online_join', 'paid', '80.75', '0.00', '80.75', '0.00', 0, NULL, NULL, 0, NULL, 0, NULL, 0, 1, NULL, NULL),
(101, 123, '2016-06-19', 'online_join', 'paid', '29.00', '-6.00', '35.00', '0.00', 0, NULL, NULL, 0, NULL, 0, NULL, 0, 1, NULL, NULL),
(102, 124, '2016-06-20', 'online_join', 'paid', '47.40', '-5.00', '52.40', '0.00', 0, NULL, NULL, 0, NULL, 0, NULL, 0, 1, NULL, NULL),
(103, 125, '2016-06-22', 'online_join', 'paid', '0.00', '-4.00', '4.00', '0.00', 0, NULL, NULL, 0, NULL, 0, NULL, 0, 1, NULL, NULL),
(104, 126, '2016-06-22', 'online_join', 'paid', '0.00', '-35.00', '35.00', '0.00', 0, NULL, NULL, 0, NULL, 0, NULL, 0, 1, NULL, NULL),
(105, 128, '2016-06-22', 'online_join', 'paid', '0.00', '-1.50', '1.50', '0.00', 0, NULL, NULL, 0, NULL, 0, NULL, 0, 1, NULL, NULL),
(106, 129, '2016-06-22', 'online_join', 'paid', '49.40', '-6.00', '55.40', '0.00', 0, NULL, NULL, 0, NULL, 0, NULL, 0, 1, NULL, NULL),
(107, 130, '2016-06-22', 'online_join', 'paid', '77.00', '-5.00', '82.00', '0.00', 0, NULL, NULL, 0, NULL, 0, NULL, 0, 1, NULL, NULL),
(108, 146, '2016-07-18', 'online_join', 'paid', '67.50', '-7.50', '75.00', '0.00', 0, NULL, NULL, 0, NULL, 0, NULL, 0, 1, NULL, NULL),
(109, 156, '2016-07-14', 'online_join', 'paid', '29.00', '-6.00', '35.00', '0.00', 0, NULL, NULL, 0, NULL, 0, NULL, 0, 1, NULL, NULL),
(110, 175, '2016-07-14', 'online_join', 'paid', '52.40', '0.00', '52.40', '0.00', 0, NULL, NULL, 0, NULL, 0, NULL, 0, 1, NULL, NULL),
(111, 176, '2016-07-14', 'online_join', 'paid', '52.40', '0.00', '52.40', '0.00', 0, NULL, NULL, 0, NULL, 0, NULL, 0, 1, NULL, NULL),
(112, 177, '2016-07-18', 'online_join', 'paid', '59.00', '0.00', '59.00', '0.00', 0, NULL, NULL, 0, NULL, 0, NULL, 0, 1, NULL, NULL),
(113, 178, '2016-07-18', 'online_join', 'paid', '47.00', '0.00', '47.00', '0.00', 0, NULL, NULL, 0, NULL, 0, NULL, 0, 1, NULL, NULL),
(114, 179, '2016-07-18', 'online_join', 'paid', '80.00', '0.00', '80.00', '0.00', 0, NULL, NULL, 0, NULL, 0, NULL, 0, 1, NULL, NULL),
(115, 180, '2016-07-18', 'online_join', 'paid', '69.00', '0.00', '69.00', '0.00', 0, NULL, NULL, 0, NULL, 0, NULL, 0, 1, NULL, NULL),
(116, 181, '2016-07-18', 'online_join', 'paid', '69.00', '0.00', '69.00', '0.00', 0, NULL, NULL, 0, NULL, 0, NULL, 0, 1, NULL, NULL),
(117, 182, '2016-07-18', 'online_join', 'paid', '57.50', '-1.50', '59.00', '0.00', 0, NULL, NULL, 0, NULL, 0, NULL, 0, 1, NULL, NULL),
(118, 183, '2016-07-18', 'online_join', 'paid', '47.00', '0.00', '47.00', '0.00', 0, NULL, NULL, 0, NULL, 0, NULL, 0, 1, NULL, NULL),
(119, 184, '2016-07-18', 'online_join', 'paid', '47.00', '0.00', '47.00', '0.00', 0, NULL, NULL, 0, NULL, 0, NULL, 0, 1, NULL, NULL),
(120, 185, '2016-07-19', 'online_join', 'paid', '52.40', '0.00', '52.40', '0.00', 0, NULL, NULL, 0, NULL, 0, NULL, 0, 1, NULL, NULL),
(121, 186, '2016-07-19', 'online_join', 'paid', '52.40', '0.00', '52.40', '0.00', 0, NULL, NULL, 0, NULL, 0, NULL, 0, 1, NULL, NULL),
(122, 187, '2016-07-19', 'online_join', 'paid', '69.00', '0.00', '69.00', '0.00', 0, NULL, NULL, 0, NULL, 0, NULL, 0, 1, NULL, NULL),
(123, 188, '2016-07-19', 'online_join', 'paid', '69.00', '0.00', '69.00', '0.00', 0, NULL, NULL, 0, NULL, 0, NULL, 0, 1, NULL, NULL),
(124, 189, '2016-07-20', 'online_join', 'paid', '52.40', '0.00', '52.40', '0.00', 0, NULL, NULL, 0, NULL, 0, NULL, 0, 1, NULL, NULL),
(125, 190, '2016-07-20', 'online_join', 'paid', '52.40', '0.00', '52.40', '0.00', 0, NULL, NULL, 0, NULL, 0, NULL, 0, 1, NULL, NULL),
(126, 191, '2016-07-20', 'online_join', 'paid', '52.40', '0.00', '52.40', '0.00', 0, NULL, NULL, 0, NULL, 0, NULL, 0, 1, NULL, NULL),
(127, 192, '2016-07-20', 'online_join', 'paid', '52.40', '0.00', '52.40', '0.00', 0, NULL, NULL, 0, NULL, 0, NULL, 0, 1, NULL, NULL),
(128, 193, '2016-07-20', 'online_join', 'paid', '52.40', '0.00', '52.40', '0.00', 0, NULL, NULL, 0, NULL, 0, NULL, 0, 1, NULL, NULL),
(129, 194, '2016-07-20', 'online_join', 'paid', '52.40', '0.00', '52.40', '0.00', 0, NULL, NULL, 0, NULL, 0, NULL, 0, 1, NULL, NULL),
(130, 195, '2016-07-20', 'online_join', 'paid', '52.40', '0.00', '52.40', '0.00', 0, NULL, NULL, 0, NULL, 0, NULL, 0, 1, NULL, NULL),
(131, 196, '2016-07-20', 'online_join', 'paid', '46.40', '-6.00', '52.40', '0.00', 0, NULL, NULL, 0, NULL, 0, NULL, 0, 1, NULL, NULL),
(132, 197, '2016-07-20', 'online_join', 'paid', '52.40', '0.00', '52.40', '0.00', 0, NULL, NULL, 0, NULL, 0, NULL, 0, 1, NULL, NULL),
(133, 199, '2016-07-20', 'online_join', 'paid', '72.00', '0.00', '72.00', '0.00', 0, NULL, NULL, 0, NULL, 0, NULL, 0, 1, NULL, NULL),
(134, 200, '2016-07-22', 'online_join', 'paid', '52.40', '0.00', '52.40', '0.00', 0, NULL, NULL, 0, NULL, 0, NULL, 0, 1, NULL, NULL),
(135, 201, '2016-07-22', 'online_join', 'paid', '47.00', '0.00', '47.00', '0.00', 0, NULL, NULL, 0, NULL, 0, NULL, 0, 1, NULL, NULL),
(136, 202, '2016-07-22', 'online_join', 'paid', '47.00', '0.00', '47.00', '0.00', 0, NULL, NULL, 0, NULL, 0, NULL, 0, 1, NULL, NULL),
(137, 203, '2016-07-22', 'online_join', 'paid', '47.00', '0.00', '47.00', '0.00', 0, NULL, NULL, 0, NULL, 0, NULL, 0, 1, NULL, NULL),
(138, 204, '2016-07-22', 'online_join', 'paid', '52.40', '0.00', '52.40', '0.00', 0, NULL, NULL, 0, NULL, 0, NULL, 0, 1, NULL, NULL),
(139, 205, '2016-07-24', 'online_join', 'paid', '52.40', '0.00', '52.40', '0.00', 0, NULL, NULL, 0, NULL, 0, NULL, 0, 1, NULL, NULL),
(140, 206, '2016-07-24', 'online_join', 'paid', '52.40', '0.00', '52.40', '0.00', 0, NULL, NULL, 0, NULL, 0, NULL, 0, 1, NULL, NULL),
(141, 207, '2016-07-25', 'online_join', 'paid', '52.40', '0.00', '52.40', '0.00', 0, NULL, NULL, 0, NULL, 0, NULL, 0, 1, NULL, NULL),
(142, 208, '2016-07-25', 'online_join', 'paid', '52.40', '0.00', '52.40', '0.00', 0, NULL, NULL, 0, NULL, 0, NULL, 0, 1, NULL, NULL),
(143, 209, '2016-07-25', 'online_join', 'paid', '52.40', '0.00', '52.40', '0.00', 0, NULL, NULL, 0, NULL, 0, NULL, 0, 1, NULL, NULL),
(144, 210, '2016-07-25', 'online_join', 'paid', '52.40', '0.00', '52.40', '0.00', 0, NULL, NULL, 0, NULL, 0, NULL, 0, 1, NULL, NULL),
(145, 211, '2016-07-25', 'online_join', 'paid', '52.40', '0.00', '52.40', '0.00', 0, NULL, NULL, 0, NULL, 0, NULL, 0, 1, NULL, NULL),
(146, 212, '2016-07-25', 'online_join', 'paid', '52.40', '0.00', '52.40', '0.00', 0, NULL, NULL, 0, NULL, 0, NULL, 0, 1, NULL, NULL),
(147, 213, '2016-07-25', 'online_join', 'paid', '52.40', '0.00', '52.40', '0.00', 0, NULL, NULL, 0, NULL, 0, NULL, 0, 1, NULL, NULL),
(148, 214, '2016-07-26', 'online_join', 'paid', '52.40', '0.00', '52.40', '0.00', 0, NULL, NULL, 0, NULL, 0, NULL, 0, 1, NULL, NULL),
(149, 215, '2016-07-26', 'online_join', 'paid', '52.40', '0.00', '52.40', '0.00', 0, NULL, NULL, 0, NULL, 0, NULL, 0, 1, NULL, NULL),
(150, 216, '2016-07-26', 'online_join', 'paid', '52.40', '0.00', '52.40', '0.00', 0, NULL, NULL, 0, NULL, 0, NULL, 0, 1, NULL, NULL),
(151, 217, '2016-08-15', 'online_join', 'paid', '45.00', '0.00', '45.00', '0.00', 0, NULL, NULL, 0, NULL, 0, NULL, 0, 1, NULL, NULL),
(152, 218, '2016-08-17', 'online_join', 'paid', '45.50', '-1.50', '47.00', '0.00', 0, NULL, NULL, 0, NULL, 0, NULL, 0, 1, NULL, NULL),
(153, 219, '2016-08-17', 'online_join', 'paid', '47.00', '0.00', '47.00', '0.00', 0, NULL, NULL, 0, NULL, 0, NULL, 0, 1, NULL, NULL),
(154, 220, '2016-08-17', 'online_join', 'paid', '45.00', '0.00', '45.00', '0.00', 0, NULL, NULL, 0, NULL, 0, NULL, 0, 1, NULL, NULL),
(155, 221, '2016-08-18', 'online_join', 'paid', '45.50', '-1.50', '47.00', '0.00', 0, NULL, NULL, 0, NULL, 0, NULL, 0, 1, NULL, NULL),
(156, 222, '2016-08-18', 'online_join', 'paid', '63.00', '0.00', '63.00', '0.00', 0, NULL, NULL, 0, NULL, 0, NULL, 0, 1, NULL, NULL),
(157, 223, '2016-08-18', 'online_join', 'paid', '54.50', '-1.50', '56.00', '0.00', 0, NULL, NULL, 0, NULL, 0, NULL, 0, 1, NULL, NULL),
(158, 224, '2016-08-18', 'online_join', 'paid', '33.50', '-1.50', '35.00', '0.00', 0, NULL, NULL, 0, NULL, 0, NULL, 0, 1, NULL, NULL),
(159, 225, '2016-08-18', 'online_join', 'paid', '66.90', '0.00', '66.90', '0.00', 0, NULL, NULL, 0, NULL, 0, NULL, 0, 1, NULL, NULL),
(160, 226, '2016-08-18', 'online_join', 'paid', '47.00', '0.00', '47.00', '0.00', 0, NULL, NULL, 0, NULL, 0, NULL, 0, 1, NULL, NULL),
(161, 227, '2016-08-18', 'online_join', 'paid', '58.50', '-1.50', '60.00', '0.00', 0, NULL, NULL, 0, NULL, 0, NULL, 0, 1, NULL, NULL),
(162, 228, '2016-08-18', 'online_join', 'paid', '10.00', '-35.00', '45.00', '0.00', 0, NULL, NULL, 0, NULL, 0, NULL, 0, 1, NULL, NULL),
(163, 229, '2016-08-18', 'online_join', 'paid', '43.50', '-1.50', '45.00', '0.00', 0, NULL, NULL, 0, NULL, 0, NULL, 0, 1, NULL, NULL),
(164, 230, '2016-08-19', 'online_join', 'paid', '52.00', '0.00', '52.00', '0.00', 0, NULL, NULL, 0, NULL, 0, NULL, 0, 1, NULL, NULL),
(165, 231, '2016-08-22', 'online_join', 'paid', '57.00', '0.00', '57.00', '0.00', 0, NULL, NULL, 0, NULL, 0, NULL, 0, 1, NULL, NULL),
(166, 232, '2016-08-22', 'online_join', 'paid', '45.00', '0.00', '45.00', '0.00', 0, NULL, NULL, 0, NULL, 0, NULL, 0, 1, NULL, NULL),
(167, 233, '2016-08-22', 'online_join', 'paid', '43.50', '-1.50', '45.00', '0.00', 0, NULL, NULL, 0, NULL, 0, NULL, 0, 1, NULL, NULL),
(168, 234, '2016-08-22', 'online_join', 'paid', '38.50', '-1.50', '40.00', '0.00', 0, NULL, NULL, 0, NULL, 0, NULL, 0, 1, NULL, NULL),
(169, 235, '2016-08-22', 'online_join', 'paid', '50.50', '-1.50', '52.00', '0.00', 0, NULL, NULL, 0, NULL, 0, NULL, 0, 1, NULL, NULL),
(170, 236, '2016-08-22', 'online_join', 'paid', '85.00', '0.00', '85.00', '0.00', 0, NULL, NULL, 0, NULL, 0, NULL, 0, 1, NULL, NULL),
(171, 237, '2017-01-11', 'online_join', 'paid', '84.50', '34.50', '50.00', NULL, NULL, NULL, NULL, 0, NULL, 0, NULL, 0, 1, NULL, NULL),
(172, 238, '2016-11-12', 'online_join', 'paid', '84.50', '34.50', '50.00', NULL, NULL, NULL, NULL, 1, 1, 1, NULL, 0, 1, NULL, NULL),
(173, 239, '2016-11-12', 'hp_add', 'paid', '45.00', '45.00', '0.00', NULL, NULL, NULL, NULL, 1, 1, 1, NULL, 0, 0, NULL, NULL),
(174, 240, '2016-12-12', 'online_join', 'paid', '84.50', '34.50', '50.00', NULL, NULL, NULL, NULL, 0, 3, 1, NULL, 0, 1, NULL, NULL),
(175, 241, '2016-12-12', 'hp_add', 'unpaid', '45.00', '45.00', '0.00', NULL, NULL, NULL, NULL, 0, 3, 1, NULL, 0, 0, NULL, NULL),
(176, 242, '2017-01-12', 'hp_add', 'unpaid', '25.00', '25.00', '0.00', NULL, NULL, NULL, NULL, 0, NULL, 0, NULL, 0, 0, NULL, NULL),
(177, 243, '2016-11-14', 'hp_add', 'paid', '35.00', '35.00', '0.00', NULL, NULL, NULL, NULL, 1, 5, 1, NULL, 0, 0, NULL, NULL),
(178, 244, '2016-11-14', 'hp_add', 'paid', '0.00', '0.00', '0.00', NULL, NULL, NULL, NULL, 1, 5, 1, NULL, 0, 0, NULL, NULL),
(179, 245, '2016-11-14', 'hp_add', 'paid', '35.00', '35.00', '0.00', NULL, NULL, NULL, NULL, 1, 5, 1, NULL, 0, 0, NULL, NULL),
(180, 246, '2016-11-14', 'hp_add', 'paid', '35.00', '35.00', '0.00', NULL, NULL, NULL, NULL, 1, 5, 1, NULL, 0, 0, NULL, NULL),
(181, 247, '2016-11-14', 'hp_add', 'paid', '0.00', '0.00', '0.00', NULL, NULL, NULL, NULL, 1, 5, 1, NULL, 0, 0, NULL, NULL),
(182, 248, '2016-11-14', 'hp_add', 'paid', '35.00', '35.00', '0.00', NULL, NULL, NULL, NULL, 1, 5, 1, NULL, 0, 0, NULL, NULL),
(183, 249, '2016-11-14', 'hp_add', 'postponed', '35.00', '35.00', '0.00', NULL, NULL, NULL, NULL, 0, 5, 1, NULL, 0, 0, NULL, NULL),
(184, 250, '2016-11-14', 'hp_add', 'postponed', '35.00', '35.00', '0.00', NULL, NULL, NULL, NULL, 0, 5, 1, NULL, 0, 0, NULL, NULL),
(185, 251, '2016-11-14', 'hp_add', 'paid', '35.00', '35.00', '0.00', NULL, NULL, NULL, NULL, 1, 5, 1, NULL, 0, 0, NULL, NULL),
(186, 252, '2016-11-14', 'hp_add', 'postponed', '35.00', '35.00', '0.00', NULL, NULL, NULL, NULL, 0, 5, 1, NULL, 0, 0, NULL, NULL),
(187, 253, '2016-11-14', 'hp_add', 'paid', '35.00', '35.00', '0.00', NULL, NULL, NULL, NULL, 1, 5, 1, NULL, 0, 0, NULL, NULL),
(188, 254, '2016-11-14', 'online_join', 'paid', '49.50', '34.50', '15.00', NULL, NULL, NULL, NULL, 1, 5, 1, NULL, 0, 1, NULL, NULL),
(189, 255, '2016-11-14', 'online_join', 'paid', '25.00', '0.00', '25.00', NULL, NULL, NULL, NULL, 1, 5, 1, NULL, 0, 1, NULL, NULL),
(190, 256, '2016-11-14', 'hp_add', 'paid', '35.00', '35.00', '0.00', NULL, NULL, NULL, NULL, 1, 5, 1, NULL, 0, 0, NULL, NULL),
(191, 257, '2016-11-14', 'hp_add', 'postponed', '35.00', '35.00', '0.00', NULL, NULL, NULL, NULL, 0, 5, 1, NULL, 0, 0, NULL, NULL),
(192, 258, '2016-11-14', 'hp_add', 'paid', '35.00', '35.00', '0.00', NULL, NULL, NULL, NULL, 1, 5, 1, NULL, 0, 0, NULL, NULL),
(193, 259, '2016-11-14', 'hp_add', 'postponed', '35.00', '35.00', '0.00', NULL, NULL, NULL, NULL, 0, 5, 1, NULL, 0, 0, NULL, NULL),
(194, 260, '2016-11-14', 'hp_add', 'postponed', '35.00', '35.00', '0.00', NULL, NULL, NULL, NULL, 0, 5, 1, NULL, 0, 0, NULL, NULL),
(195, 261, '2016-11-14', 'hp_add', 'paid', '35.00', '35.00', '0.00', NULL, NULL, NULL, NULL, 1, 5, 1, NULL, 0, 0, NULL, NULL),
(196, 262, '2016-12-14', 'hp_add', 'unpaid', '35.00', '35.00', '0.00', NULL, NULL, NULL, NULL, 0, NULL, 0, NULL, 0, 0, NULL, NULL);

--
-- Truncate table before insert `gn_transaction_status`
--

TRUNCATE TABLE `gn_transaction_status`;
--
-- Dumping data for table `gn_transaction_status`
--

INSERT INTO `gn_transaction_status` (`transaction_status_cd`, `transaction_status_value`) VALUES
('canceled', 'Canceled'),
('deactivated', 'Deactivated'),
('paid', 'Transaction paid in full'),
('postponed', 'Postponed'),
('renew', 'Renewal transaction'),
('unpaid', 'Unpaid transaction');

--
-- Truncate table before insert `gn_transaction_sub_detail`
--

TRUNCATE TABLE `gn_transaction_sub_detail`;
--
-- Dumping data for table `gn_transaction_sub_detail`
--

INSERT INTO `gn_transaction_sub_detail` (`transaction_id`, `subscription_fee_id`, `detail_amount`, `fee_name`) VALUES
(1, 97, '1.00', 'alphabetical'),
(1, 98, '33.00', '2016 Membership'),
(1, 99, '-10.75', ''),
(2, 100, '1.00', 'alphabetical'),
(2, 101, '33.00', '2016 Membership'),
(3, 40, '92.00', 'Regular'),
(3, 102, '-20.00', ''),
(3, 103, '33.00', '2016 Membership'),
(4, 40, '92.00', 'Regular'),
(4, 104, '-20.00', ''),
(4, 105, '33.00', '2016 Membership'),
(5, 106, '35.00', 'Renewal'),
(5, 107, '33.00', '2016 Membership'),
(6, 40, '92.00', 'Regular'),
(6, 108, '-20.00', ''),
(6, 109, '33.00', '2016 Membership'),
(7, 110, '35.00', 'Renewal'),
(7, 111, '33.00', '2016 Membership'),
(8, 40, '92.00', 'Regular'),
(8, 112, '-20.00', ''),
(8, 113, '33.00', '2016 Membership'),
(9, 37, '25.00', 'Regular'),
(9, 114, '33.00', '2016 Membership'),
(10, 40, '92.00', 'Regular'),
(10, 115, '-20.00', ''),
(10, 116, '33.00', '2016 Membership'),
(11, 37, '25.00', 'Regular'),
(11, 117, '33.00', '2016 Membership'),
(12, 118, '1.00', 'alphabetical'),
(12, 119, '33.00', '2016 Membership'),
(12, 120, '-33.00', ''),
(13, 37, '25.00', 'Regular'),
(13, 121, '33.00', '2016 Membership'),
(14, 122, '7.00', 'help approval'),
(14, 123, '-6.00', ''),
(14, 124, '15.00', '2016 Membership Fee'),
(14, 125, '-10.00', ''),
(15, 126, '7.00', 'help approval'),
(15, 127, '-6.00', ''),
(15, 128, '15.00', 'Southern California Golf Association'),
(15, 129, '-10.00', ''),
(16, 130, '35.00', 'Regular Membership'),
(16, 131, '-5.00', ''),
(16, 132, '15.00', 'Southern California Golf Association'),
(17, 33, '34.00', 'Special Membership'),
(17, 133, '15.00', 'Southern California Golf Association'),
(17, 134, '-10.00', ''),
(18, 33, '34.00', 'Special Membership'),
(18, 135, '15.00', 'Southern California Golf Association'),
(19, 37, '25.00', 'Regular'),
(19, 136, '15.00', 'Southern California Golf Association'),
(19, 137, '-15.00', ''),
(20, 37, '25.00', 'Regular'),
(20, 138, '-5.00', ''),
(20, 139, '15.00', 'Southern California Golf Association'),
(20, 140, '-15.00', ''),
(21, 30, '25.00', 'Super Secret Membership'),
(21, 69, '-5.00', 'Discount for Reactivation (Assoc)'),
(21, 141, '35.00', 'Membership Fee'),
(21, 142, '-1.00', 'Jenneas Discount'),
(22, 37, '25.00', 'Regular'),
(22, 70, '-6.00', 'Discount for Renewing (Assoc)'),
(22, 143, '35.00', 'Membership Fee'),
(22, 144, '7.50', 'Pizza'),
(23, 38, '25.00', 'Senior Renewal'),
(23, 70, '-6.00', 'Discount for Renewing (Assoc)'),
(23, 145, '35.00', 'Membership Fee'),
(23, 146, '10.00', 'Magazine Subscription'),
(24, 70, '-6.00', 'Discount for Renewing (Assoc)'),
(24, 147, '35.00', 'Membership Fee'),
(25, 33, '34.00', 'Special Membership'),
(25, 148, '-34.00', ''),
(25, 149, '15.00', 'Southern California Golf Association'),
(25, 150, '-15.00', ''),
(26, 151, '35.00', 'Membership Fee'),
(26, 152, '-1.00', 'Discount to other club'),
(26, 153, '-5.00', 'Discount for Renewing (Assoc)'),
(27, 33, '34.00', 'Special Membership'),
(27, 69, '-5.00', 'Discount for Reactivation (Assoc)'),
(27, 76, '-3.00', 'Reinstatements'),
(27, 154, '35.00', 'Membership Fee'),
(28, 77, '-10.00', 'Welcome'),
(28, 155, '35.00', 'Regular Membership'),
(28, 156, '35.00', 'Membership Fee'),
(28, 157, '10.00', 'Beginners Magazine'),
(28, 158, '15.00', 'Hole In One Club'),
(29, 26, '23.00', 'Another Membership'),
(29, 56, '-5.60', '5-1-16 through 11-20-16'),
(29, 69, '-5.00', 'Discount for Reactivation (Assoc)'),
(29, 159, '35.00', 'Membership Fee'),
(30, 70, '-6.00', 'Discount for Renewing (Assoc)'),
(30, 160, '35.00', 'Membership Fee'),
(31, 33, '34.00', 'Special Membership'),
(31, 67, '-1.50', 'Discount for joining multiple clubs'),
(31, 70, '-6.00', 'Discount for Renewing (Assoc)'),
(31, 161, '-33.50', 'Test'),
(31, 162, '-0.50', 'Renewals Continuing'),
(31, 163, '35.00', 'Membership Fee'),
(31, 164, '-1.00', 'Jenneas Discount'),
(32, 37, '25.00', 'Regular'),
(32, 73, '-5.00', 'New Member Discount'),
(32, 165, '35.00', 'Membership Fee'),
(33, 37, '25.00', 'Regular'),
(33, 69, '-5.00', 'Discount for Reactivation (Assoc)'),
(33, 71, '-7.00', 'Discount for Reactivation'),
(33, 166, '35.00', 'Membership Fee'),
(33, 167, '10.00', 'Magazine Subscription'),
(34, 37, '25.00', 'Regular'),
(34, 73, '-5.00', 'New Member Discount'),
(34, 168, '35.00', 'Membership Fee'),
(34, 169, '7.50', 'Pizza'),
(35, 37, '25.00', 'Regular'),
(35, 73, '-5.00', 'New Member Discount'),
(35, 170, '35.00', 'Membership Fee'),
(35, 171, '7.50', 'Pizza'),
(36, 37, '25.00', 'Regular'),
(36, 73, '-5.00', 'New Member Discount'),
(36, 172, '35.00', 'Membership Fee'),
(36, 173, '7.50', 'Pizza'),
(36, 174, '10.00', 'Magazine Subscription'),
(37, 70, '-6.00', 'Discount for Renewing (Assoc)'),
(37, 175, '35.00', 'Membership Fee'),
(37, 176, '-1.00', 'Discount to other club'),
(38, 37, '25.00', 'Regular'),
(38, 73, '-5.00', 'New Member Discount'),
(38, 177, '35.00', 'Membership Fee'),
(38, 178, '7.50', 'Pizza'),
(39, 37, '25.00', 'Regular'),
(39, 73, '-5.00', 'New Member Discount'),
(39, 179, '35.00', 'Membership Fee'),
(39, 180, '7.50', 'Pizza'),
(39, 181, '10.00', 'Magazine Subscription'),
(40, 37, '25.00', 'Regular'),
(40, 73, '-5.00', 'New Member Discount'),
(40, 182, '35.00', 'Membership Fee'),
(40, 183, '7.50', 'Pizza'),
(40, 184, '10.00', 'Magazine Subscription'),
(41, 37, '25.00', 'Regular'),
(41, 73, '-5.00', 'New Member Discount'),
(41, 185, '35.00', 'Membership Fee'),
(41, 186, '7.50', 'Pizza'),
(41, 187, '10.00', 'Magazine Subscription'),
(42, 37, '25.00', 'Regular'),
(42, 73, '-5.00', 'New Member Discount'),
(42, 188, '35.00', 'Membership Fee'),
(42, 189, '7.50', 'Pizza'),
(42, 190, '10.00', 'Magazine Subscription'),
(43, 37, '25.00', 'Regular'),
(43, 73, '-5.00', 'New Member Discount'),
(43, 191, '35.00', 'Membership Fee'),
(44, 37, '25.00', 'Regular'),
(44, 73, '-5.00', 'New Member Discount'),
(44, 192, '35.00', 'Membership Fee'),
(45, 33, '34.00', 'Special Membership'),
(45, 69, '-5.00', 'Discount for Reactivation (Assoc)'),
(45, 193, '35.00', 'Membership Fee'),
(46, 194, '29.00', 'Requires Approval for Join'),
(46, 195, '35.00', 'Membership Fee'),
(46, 196, '15.00', 'Hole In One Club'),
(47, 66, '-1.00', 'testing discount'),
(47, 82, '-5.00', 'coolest discount'),
(47, 197, '29.50', 'Coolest Membership'),
(47, 198, '35.00', 'Membership Fee'),
(48, 66, '-1.00', 'testing discount'),
(48, 82, '-5.00', 'coolest discount'),
(48, 199, '29.50', 'Coolest Membership'),
(48, 200, '35.00', 'Membership Fee'),
(49, 37, '25.00', 'Regular'),
(49, 73, '-5.00', 'New Member Discount'),
(49, 201, '-10.00', 'Junior 38-40'),
(49, 202, '35.00', 'Membership Fee'),
(50, 37, '25.00', 'Regular'),
(50, 73, '-5.00', 'New Member Discount'),
(50, 203, '-10.00', 'Junior 38-40'),
(50, 204, '35.00', 'Membership Fee'),
(51, 37, '25.00', 'Regular'),
(51, 73, '-5.00', 'New Member Discount'),
(51, 205, '-10.00', 'Junior 38-40'),
(51, 206, '35.00', 'Membership Fee'),
(52, 37, '25.00', 'Regular'),
(52, 73, '-5.00', 'New Member Discount'),
(52, 207, '-10.00', 'Junior 38-40'),
(52, 208, '35.00', 'Membership Fee'),
(53, 37, '25.00', 'Regular'),
(53, 73, '-5.00', 'New Member Discount'),
(53, 209, '-10.00', 'Junior 38-40'),
(53, 210, '35.00', 'Membership Fee'),
(54, 37, '25.00', 'Regular'),
(54, 73, '-5.00', 'New Member Discount'),
(54, 211, '-10.00', 'Junior 38-40'),
(54, 212, '35.00', 'Membership Fee'),
(55, 66, '-1.00', 'testing discount'),
(55, 82, '-5.00', 'coolest discount'),
(55, 213, '29.50', 'Coolest Membership'),
(55, 214, '35.00', 'Membership Fee'),
(56, 3, '50.00', 'Regular'),
(56, 215, '35.00', 'Membership Fee'),
(57, 3, '50.00', 'Regular'),
(57, 216, '35.00', 'Membership Fee'),
(58, 37, '25.00', 'Regular'),
(58, 65, '-4.00', 'Specialized for certain clubs'),
(58, 73, '-5.00', 'New Member Discount'),
(58, 217, '35.00', 'Membership Fee'),
(58, 218, '-1.00', 'Jennea&#8217;s Discount'),
(58, 219, '-10.00', 'Discount New JR SCGA Members'),
(59, 37, '25.00', 'Regular'),
(59, 70, '-6.00', 'Discount for Renewing (Assoc)'),
(59, 73, '-5.00', 'New Member Discount'),
(59, 220, '35.00', 'Membership Fee'),
(59, 221, '-1.00', 'Jenneas Discount'),
(60, 37, '25.00', 'Regular'),
(60, 70, '-6.00', 'Discount for Renewing (Assoc)'),
(60, 73, '-5.00', 'New Member Discount'),
(60, 222, '35.00', 'Membership Fee'),
(60, 223, '-1.00', 'Jenneas Discount'),
(61, 224, '29.00', 'Requires Approval for Join'),
(61, 225, '10.00', 'Magazine Subscription'),
(61, 226, '35.00', 'Membership Fee'),
(61, 227, '-1.00', 'Jenneas Discount'),
(62, 37, '25.00', 'Regular'),
(62, 70, '-6.00', 'Discount for Renewing (Assoc)'),
(62, 73, '-5.00', 'New Member Discount'),
(62, 228, '35.00', 'Membership Fee'),
(62, 229, '-1.00', 'Jenneas Discount'),
(63, 37, '25.00', 'Regular'),
(63, 70, '-6.00', 'Discount for Renewing (Assoc)'),
(63, 73, '-5.00', 'New Member Discount'),
(63, 230, '35.00', 'Membership Fee'),
(63, 231, '-1.00', 'Jenneas Discount'),
(64, 37, '25.00', 'Regular'),
(64, 69, '-5.00', 'Discount for Reactivation (Assoc)'),
(64, 73, '-5.00', 'New Member Discount'),
(64, 232, '35.00', 'Membership Fee'),
(64, 233, '-1.00', 'Jenneas Discount'),
(65, 37, '25.00', 'Regular'),
(65, 69, '-5.00', 'Discount for Reactivation (Assoc)'),
(65, 73, '-5.00', 'New Member Discount'),
(65, 234, '35.00', 'Membership Fee'),
(65, 235, '-1.00', 'Jenneas Discount'),
(66, 37, '25.00', 'Regular'),
(66, 69, '-5.00', 'Discount for Reactivation (Assoc)'),
(66, 73, '-5.00', 'New Member Discount'),
(66, 236, '35.00', 'Membership Fee'),
(66, 237, '-1.00', 'Jenneas Discount'),
(67, 37, '25.00', 'Regular'),
(67, 69, '-5.00', 'Discount for Reactivation (Assoc)'),
(67, 73, '-5.00', 'New Member Discount'),
(67, 238, '35.00', 'Membership Fee'),
(67, 239, '-1.00', 'Jenneas Discount'),
(68, 37, '25.00', 'Regular'),
(68, 67, '-1.50', 'Discount for joining multiple clubs'),
(68, 70, '-6.00', 'Discount for Renewing (Assoc)'),
(68, 240, '35.00', 'Membership Fee'),
(68, 241, '-1.00', 'Jenneas Discount'),
(69, 33, '34.00', 'Special Membership'),
(69, 69, '-5.00', 'Discount for Reactivation (Assoc)'),
(69, 242, '5.00', 'Junior Drinks'),
(69, 243, '35.00', 'Membership Fee'),
(69, 244, '-1.00', 'Jenneas Discount'),
(70, 33, '34.00', 'Special Membership'),
(70, 69, '-5.00', 'Discount for Reactivation (Assoc)'),
(70, 245, '35.00', 'Membership Fee'),
(70, 246, '-1.00', 'Jenneas Discount'),
(71, 33, '34.00', 'Special Membership'),
(71, 69, '-5.00', 'Discount for Reactivation (Assoc)'),
(71, 247, '35.00', 'Membership Fee'),
(71, 248, '-1.00', 'Jenneas Discount'),
(72, 33, '34.00', 'Special Membership'),
(72, 69, '-5.00', 'Discount for Reactivation (Assoc)'),
(72, 249, '35.00', 'Membership Fee'),
(72, 250, '-1.00', 'Jenneas Discount'),
(73, 33, '34.00', 'Special Membership'),
(73, 69, '-5.00', 'Discount for Reactivation (Assoc)'),
(73, 251, '35.00', 'Membership Fee'),
(73, 252, '-1.00', 'Jenneas Discount'),
(74, 32, '10.00', 'Junior'),
(74, 70, '-6.00', 'Discount for Renewing (Assoc)'),
(74, 253, '35.00', 'Membership Fee'),
(74, 254, '-1.00', 'Jenneas Discount'),
(75, 37, '25.00', 'Regular'),
(75, 73, '-5.00', 'New Member Discount'),
(75, 255, '35.00', 'Membership Fee'),
(75, 256, '-1.00', 'Jenneas Discount'),
(75, 257, '-1.00', 'Discount to other club'),
(76, 37, '25.00', 'Regular'),
(76, 70, '-6.00', 'Discount for Renewing (Assoc)'),
(76, 258, '35.00', 'Membership Fee'),
(76, 259, '-1.00', 'Jenneas Discount'),
(77, 37, '25.00', 'Regular'),
(77, 70, '-6.00', 'Discount for Renewing (Assoc)'),
(77, 260, '35.00', 'Membership Fee'),
(77, 261, '-1.00', 'Jenneas Discount'),
(77, 262, '-1.00', 'Discount to other club'),
(78, 38, '25.00', 'Senior Renewal'),
(78, 70, '-6.00', 'Discount for Renewing (Assoc)'),
(78, 85, '-5.00', 'Gender Discount'),
(78, 263, '35.00', 'Membership Fee'),
(78, 264, '-1.00', 'Jenneas Discount'),
(79, 37, '25.00', 'Regular'),
(79, 70, '-6.00', 'Discount for Renewing (Assoc)'),
(79, 73, '-5.00', 'New Member Discount'),
(79, 265, '35.00', 'Membership Fee'),
(79, 266, '-1.00', 'Jenneas Discount'),
(80, 27, '90.00', 'Just another membership'),
(80, 67, '-1.50', 'Discount for joining multiple clubs'),
(80, 70, '-6.00', 'Discount for Renewing (Assoc)'),
(80, 267, '35.00', 'Membership Fee'),
(80, 268, '-1.00', 'Jenneas Discount'),
(81, 28, '24.00', 'Super Special Membership'),
(81, 67, '-1.50', 'Discount for joining multiple clubs'),
(81, 70, '-6.00', 'Discount for Renewing (Assoc)'),
(81, 269, '35.00', 'Membership Fee'),
(81, 270, '-1.00', 'Jenneas Discount'),
(82, 30, '25.00', 'Super Secret Membership'),
(82, 70, '-6.00', 'Discount for Renewing (Assoc)'),
(82, 271, '35.00', 'Membership Fee'),
(82, 272, '-1.00', 'Jenneas Discount'),
(83, 38, '25.00', 'Senior Renewal'),
(83, 67, '-1.50', 'Discount for joining multiple clubs'),
(83, 70, '-6.00', 'Discount for Renewing (Assoc)'),
(83, 273, '35.00', 'Membership Fee'),
(83, 274, '-1.00', 'Jenneas Discount'),
(84, 27, '90.00', 'Just another membership'),
(84, 67, '-1.50', 'Discount for joining multiple clubs'),
(84, 70, '-6.00', 'Discount for Renewing (Assoc)'),
(84, 275, '35.00', 'Membership Fee'),
(84, 276, '-1.00', 'Jenneas Discount'),
(85, 27, '90.00', 'Just another membership'),
(85, 67, '-1.50', 'Discount for joining multiple clubs'),
(85, 70, '-6.00', 'Discount for Renewing (Assoc)'),
(85, 277, '35.00', 'Membership Fee'),
(85, 278, '-1.00', 'Jenneas Discount'),
(86, 30, '25.00', 'Super Secret Membership'),
(86, 70, '-6.00', 'Discount for Renewing (Assoc)'),
(86, 279, '35.00', 'Membership Fee'),
(86, 280, '-1.00', 'Jenneas Discount'),
(87, 30, '25.00', 'Super Secret Membership'),
(87, 67, '-1.50', 'Discount for joining multiple clubs'),
(87, 281, '35.00', 'Membership Fee'),
(87, 282, '-1.00', 'Jenneas Discount'),
(88, 30, '25.00', 'Super Secret Membership'),
(88, 67, '-1.50', 'Discount for joining multiple clubs'),
(88, 283, '35.00', 'Membership Fee'),
(88, 284, '-1.00', 'Jenneas Discount'),
(89, 33, '34.00', 'Special Membership'),
(89, 285, '-33.50', 'Test'),
(89, 286, '35.00', 'Membership Fee'),
(89, 287, '-1.00', 'Jenneas Discount'),
(90, 33, '34.00', 'Special Membership'),
(90, 288, '-33.50', 'Test'),
(90, 289, '35.00', 'Membership Fee'),
(90, 290, '-1.00', 'Jenneas Discount'),
(91, 30, '25.00', 'Super Secret Membership'),
(91, 291, '35.00', 'Membership Fee'),
(91, 292, '-1.00', 'Jenneas Discount'),
(92, 28, '24.00', 'Super Special Membership'),
(92, 65, '-4.00', 'Specialized for certain clubs'),
(92, 67, '-1.50', 'Discount for joining multiple clubs'),
(92, 70, '-6.00', 'Discount for Renewing (Assoc)'),
(92, 293, '35.00', 'Membership Fee'),
(92, 294, '-1.00', 'Jenneas Discount'),
(93, 30, '25.00', 'Super Secret Membership'),
(93, 70, '-6.00', 'Discount for Renewing (Assoc)'),
(93, 295, '35.00', 'Membership Fee'),
(93, 296, '-1.00', 'Jenneas Discount'),
(94, 28, '24.00', 'Super Special Membership'),
(94, 65, '-4.00', 'Specialized for certain clubs'),
(94, 67, '-1.50', 'Discount for joining multiple clubs'),
(94, 70, '-6.00', 'Discount for Renewing (Assoc)'),
(94, 297, '35.00', 'Membership Fee'),
(94, 298, '-1.00', 'Jenneas Discount'),
(95, 30, '25.00', 'Super Secret Membership'),
(95, 70, '-6.00', 'Discount for Renewing (Assoc)'),
(95, 299, '35.00', 'Membership Fee'),
(95, 300, '-1.00', 'Jenneas Discount'),
(96, 301, '7.00', 'Men\\''s 18 - Requires Approval'),
(96, 302, '-7.00', 'Just a discount'),
(96, 303, '35.00', 'Membership Fee'),
(96, 304, '-1.00', 'Jenneas Discount'),
(97, 62, '-10.00', 'Just a discount'),
(97, 305, '45.00', 'Men\\''s 18 - Requires Approval'),
(97, 306, '-2.10', 'Womens Incentive'),
(97, 307, '-32.90', 'ML Test'),
(97, 308, '35.00', 'Membership Fee'),
(97, 309, '-1.00', 'Jenneas Discount'),
(98, 310, '40.00', 'Sheetal Membeship'),
(98, 311, '35.00', 'Membership Fee'),
(98, 312, '-2.25', 'New Member Discount'),
(99, 58, '-7.00', 'Special Discount'),
(99, 313, '40.00', 'Sheetal Membeship'),
(99, 314, '35.00', 'Membership Fee'),
(99, 315, '-2.25', 'New Member Discount'),
(100, 25, '40.00', 'Sheetal Membership'),
(100, 58, '-7.00', 'Special Discount'),
(100, 316, '5.00', 'Special Addon'),
(100, 317, '10.00', 'Magazine Subscription'),
(100, 318, '35.00', 'Membership Fee'),
(100, 319, '-2.25', 'New Member Discount'),
(101, 33, '34.00', 'Special Membership'),
(101, 70, '-6.00', 'Discount for Renewing (Assoc)'),
(101, 320, '-2.10', 'Womens Incentive'),
(101, 321, '-31.90', 'ML Test'),
(101, 322, '35.00', 'Membership Fee'),
(102, 26, '23.00', 'Another Membership'),
(102, 56, '-5.60', '5-1-16 through 11-20-16'),
(102, 69, '-5.00', 'Discount for Reactivation (Assoc)'),
(102, 323, '35.00', 'Membership Fee'),
(103, 28, '24.00', 'Super Special Membership'),
(103, 53, '-24.00', 'Junior is free at club'),
(103, 65, '-4.00', 'Specialized for certain clubs'),
(103, 324, '35.00', 'Membership Fee'),
(103, 325, '-31.00', 'Junior Discount'),
(104, 26, '23.00', 'Another Membership'),
(104, 54, '-23.00', 'Junior is Free'),
(104, 72, '-35.00', 'Junior Discount'),
(104, 326, '0.00', '5-1-16 through 11-20-16'),
(104, 327, '35.00', 'Membership Fee'),
(105, 23, '50.00', 'Regular Membership'),
(105, 51, '-50.00', 'Junior is free (club)'),
(105, 67, '-1.50', 'Discount for joining multiple clubs'),
(105, 328, '35.00', 'Membership Fee'),
(105, 329, '-33.50', 'Junior Discount'),
(106, 26, '23.00', 'Another Membership'),
(106, 56, '-5.60', '5-1-16 through 11-20-16'),
(106, 70, '-6.00', 'Discount for Renewing (Assoc)'),
(106, 330, '3.00', 'Test Addon'),
(106, 331, '35.00', 'Membership Fee'),
(107, 24, '50.00', 'Silver membership'),
(107, 52, '-3.00', 'Mydiscount'),
(107, 69, '-5.00', 'Discount for Reactivation (Assoc)'),
(107, 332, '35.00', 'Membership Fee'),
(108, 25, '40.00', 'Sheetal Membership'),
(108, 67, '-1.50', 'Discount for joining multiple clubs'),
(108, 70, '-6.00', 'Discount for Renewing (Assoc)'),
(108, 333, '35.00', 'Membership Fee'),
(109, 23, '50.00', 'Regular Membership'),
(109, 51, '-50.00', 'Junior is free (club)'),
(109, 70, '-6.00', 'Discount for Renewing (Assoc)'),
(109, 334, '35.00', 'Membership Fee'),
(110, 26, '23.00', 'Another Membership'),
(110, 56, '-5.60', '5-1-16 through 11-20-16'),
(110, 335, '35.00', 'Membership Fee'),
(111, 26, '23.00', 'Another Membership'),
(111, 56, '-5.60', '5-1-16 through 11-20-16'),
(111, 336, '35.00', 'Membership Fee'),
(112, 28, '24.00', 'Super Special Membership'),
(112, 337, '35.00', 'Membership Fee'),
(113, 20, '12.00', 'Basic'),
(113, 338, '35.00', 'Membership Fee'),
(114, 21, '45.00', 'Women Special'),
(114, 339, '35.00', 'Membership Fee'),
(115, 33, '34.00', 'Special Membership'),
(115, 340, '35.00', 'Membership Fee'),
(116, 33, '34.00', 'Special Membership'),
(116, 341, '35.00', 'Membership Fee'),
(117, 28, '24.00', 'Super Special Membership'),
(117, 67, '-1.50', 'Discount for joining multiple clubs'),
(117, 342, '35.00', 'Membership Fee'),
(118, 20, '12.00', 'Basic'),
(118, 343, '35.00', 'Membership Fee'),
(119, 20, '12.00', 'Basic'),
(119, 344, '35.00', 'Membership Fee'),
(120, 26, '23.00', 'Another Membership'),
(120, 56, '-5.60', '5-1-16 through 11-20-16'),
(120, 345, '35.00', 'Membership Fee'),
(121, 26, '23.00', 'Another Membership'),
(121, 56, '-5.60', '5-1-16 through 11-20-16'),
(121, 346, '35.00', 'Membership Fee'),
(122, 33, '34.00', 'Special Membership'),
(122, 347, '35.00', 'Membership Fee'),
(123, 33, '34.00', 'Special Membership'),
(123, 348, '35.00', 'Membership Fee'),
(124, 26, '23.00', 'Another Membership'),
(124, 56, '-5.60', '5-1-16 through 11-20-16'),
(124, 349, '35.00', 'Membership Fee'),
(125, 26, '23.00', 'Another Membership'),
(125, 56, '-5.60', '5-1-16 through 11-20-16'),
(125, 350, '35.00', 'Membership Fee'),
(126, 26, '23.00', 'Another Membership'),
(126, 56, '-5.60', '5-1-16 through 11-20-16'),
(126, 351, '35.00', 'Membership Fee'),
(127, 26, '23.00', 'Another Membership'),
(127, 56, '-5.60', '5-1-16 through 11-20-16'),
(127, 352, '35.00', 'Membership Fee'),
(128, 26, '23.00', 'Another Membership'),
(128, 56, '-5.60', '5-1-16 through 11-20-16'),
(128, 353, '35.00', 'Membership Fee'),
(129, 26, '23.00', 'Another Membership'),
(129, 56, '-5.60', '5-1-16 through 11-20-16'),
(129, 354, '35.00', 'Membership Fee'),
(130, 26, '23.00', 'Another Membership'),
(130, 56, '-5.60', '5-1-16 through 11-20-16'),
(130, 355, '35.00', 'Membership Fee'),
(131, 26, '23.00', 'Another Membership'),
(131, 56, '-5.60', '5-1-16 through 11-20-16'),
(131, 70, '-6.00', 'Discount for Renewing (Assoc)'),
(131, 356, '35.00', 'Membership Fee'),
(132, 26, '23.00', 'Another Membership'),
(132, 56, '-5.60', '5-1-16 through 11-20-16'),
(132, 357, '35.00', 'Membership Fee'),
(133, 24, '50.00', 'Silver membership'),
(133, 50, '-10.00', 'Women New Member'),
(133, 52, '-3.00', 'Mydiscount'),
(133, 358, '35.00', 'Membership Fee'),
(134, 26, '23.00', 'Another Membership'),
(134, 56, '-5.60', '5-1-16 through 11-20-16'),
(134, 359, '35.00', 'Membership Fee'),
(135, 20, '12.00', 'Basic'),
(135, 360, '35.00', 'Membership Fee'),
(136, 20, '12.00', 'Basic'),
(136, 361, '35.00', 'Membership Fee'),
(137, 20, '12.00', 'Basic'),
(137, 362, '35.00', 'Membership Fee'),
(138, 26, '23.00', 'Another Membership'),
(138, 56, '-5.60', '5-1-16 through 11-20-16'),
(138, 363, '35.00', 'Membership Fee'),
(139, 26, '23.00', 'Another Membership'),
(139, 56, '-5.60', '5-1-16 through 11-20-16'),
(139, 364, '35.00', 'Membership Fee'),
(140, 26, '23.00', 'Another Membership'),
(140, 56, '-5.60', '5-1-16 through 11-20-16'),
(140, 365, '35.00', 'Membership Fee'),
(141, 26, '23.00', 'Another Membership'),
(141, 56, '-5.60', '5-1-16 through 11-20-16'),
(141, 366, '35.00', 'Membership Fee'),
(142, 26, '23.00', 'Another Membership'),
(142, 56, '-5.60', '5-1-16 through 11-20-16'),
(142, 367, '35.00', 'Membership Fee'),
(143, 26, '23.00', 'Another Membership'),
(143, 56, '-5.60', '5-1-16 through 11-20-16'),
(143, 368, '35.00', 'Membership Fee'),
(144, 26, '23.00', 'Another Membership'),
(144, 56, '-5.60', '5-1-16 through 11-20-16'),
(144, 369, '35.00', 'Membership Fee'),
(145, 26, '23.00', 'Another Membership'),
(145, 56, '-5.60', '5-1-16 through 11-20-16'),
(145, 370, '35.00', 'Membership Fee'),
(146, 26, '23.00', 'Another Membership'),
(146, 56, '-5.60', '5-1-16 through 11-20-16'),
(146, 371, '35.00', 'Membership Fee'),
(147, 26, '23.00', 'Another Membership'),
(147, 56, '-5.60', '5-1-16 through 11-20-16'),
(147, 372, '35.00', 'Membership Fee'),
(148, 26, '23.00', 'Another Membership'),
(148, 56, '-5.60', '5-1-16 through 11-20-16'),
(148, 373, '35.00', 'Membership Fee'),
(149, 26, '23.00', 'Another Membership'),
(149, 56, '-5.60', '5-1-16 through 11-20-16'),
(149, 374, '35.00', 'Membership Fee'),
(150, 26, '23.00', 'Another Membership'),
(150, 56, '-5.60', '5-1-16 through 11-20-16'),
(150, 375, '35.00', 'Membership Fee'),
(151, 376, '10.00', 'ABCD'),
(151, 377, '35.00', 'Membership Fee'),
(152, 12, '12.00', 'Limited Benefit Membership 3'),
(152, 67, '-1.50', 'Discount for joining multiple clubs'),
(152, 378, '35.00', 'Membership Fee'),
(153, 12, '12.00', 'Limited Benefit Membership 3'),
(153, 379, '35.00', 'Membership Fee'),
(154, 11, '10.00', 'Limited Benefit Membership 5'),
(154, 380, '35.00', 'Membership Fee'),
(155, 20, '12.00', 'Basic'),
(155, 67, '-1.50', 'Discount for joining multiple clubs'),
(155, 381, '35.00', 'Membership Fee'),
(156, 16, '28.00', 'Men only'),
(156, 382, '35.00', 'Membership Fee'),
(157, 14, '21.00', 'Women only'),
(157, 67, '-1.50', 'Discount for joining multiple clubs'),
(157, 383, '35.00', 'Membership Fee'),
(158, 23, '50.00', 'Regular Membership'),
(158, 51, '-50.00', 'Junior is free (club)'),
(158, 67, '-1.50', 'Discount for joining multiple clubs'),
(158, 384, '35.00', 'Membership Fee'),
(159, 33, '34.00', 'Special Membership'),
(159, 385, '-2.10', 'Womens Incentive'),
(159, 386, '35.00', 'Membership Fee'),
(160, 20, '12.00', 'Basic'),
(160, 387, '35.00', 'Membership Fee'),
(161, 19, '25.00', 'Membership for all'),
(161, 67, '-1.50', 'Discount for joining multiple clubs'),
(161, 388, '35.00', 'Membership Fee'),
(162, 11, '10.00', 'Limited Benefit Membership 5'),
(162, 72, '-35.00', 'Junior Discount'),
(162, 389, '35.00', 'Membership Fee'),
(163, 11, '10.00', 'Limited Benefit Membership 5'),
(163, 67, '-1.50', 'Discount for joining multiple clubs'),
(163, 390, '35.00', 'Membership Fee'),
(164, 391, '17.00', 'LBM'),
(164, 392, '35.00', 'Membership Fee'),
(165, 4, '22.00', 'LBM Service 1'),
(165, 393, '35.00', 'Membership Fee'),
(166, 10, '10.00', 'regular'),
(166, 394, '35.00', 'Membership Fee'),
(167, 11, '10.00', 'Limited Benefit Membership 5'),
(167, 67, '-1.50', 'Discount for joining multiple clubs'),
(167, 395, '35.00', 'Membership Fee'),
(168, 13, '5.00', 'Limited Benefit Membership'),
(168, 67, '-1.50', 'Discount for joining multiple clubs'),
(168, 396, '35.00', 'Membership Fee'),
(169, 67, '-1.50', 'Discount for joining multiple clubs'),
(169, 397, '17.00', 'LBM Service 1'),
(169, 398, '35.00', 'Membership Fee'),
(170, 3, '50.00', 'regular'),
(170, 399, '35.00', 'Membership Fee'),
(171, 1, '36.00', 'Membership Fee'),
(171, 3, '50.00', 'Regular'),
(171, 67, '1.50', 'Discount for joining multiple clubs'),
(172, 1, '36.00', 'Membership Fee'),
(172, 3, '50.00', 'Regular'),
(172, 67, '1.50', 'Discount for joining multiple clubs'),
(174, 1, '36.00', 'Membership Fee'),
(174, 3, '50.00', 'Regular'),
(174, 67, '1.50', 'Discount for joining multiple clubs'),
(188, 1, '36.00', 'Membership Fee'),
(188, 18, '15.00', 'Women only'),
(188, 67, '1.50', 'Discount for joining multiple clubs'),
(189, 1, '36.00', 'Membership Fee'),
(189, 19, '25.00', 'Membership for all'),
(189, 67, '1.50', 'Discount for joining multiple clubs'),
(189, 72, '34.50', 'Junior Discount');

--
-- Truncate table before insert `gn_transaction_type`
--

TRUNCATE TABLE `gn_transaction_type`;
--
-- Dumping data for table `gn_transaction_type`
--

INSERT INTO `gn_transaction_type` (`transaction_type_cd`, `transaction_type_value`, `is_online`, `is_renew`) VALUES
('auto_renew', 'Renewed Automatically', 1, 0),
('club_prepay', 'Club Prepay for Member', 1, 0),
('hp_add', 'Joined via Provider', 0, 0),
('hp_deactivate', 'Deactivated via Provider', 0, 0),
('online_join', 'Joined Online', 1, 0),
('online_renew', 'Renewed Online', 1, 1),
('online_upgrade', 'Upgraded Online', 1, 0);

--
-- Truncate table before insert `gn_user_action_type`
--

TRUNCATE TABLE `gn_user_action_type`;
--
-- Truncate table before insert `gn_user_audit`
--

TRUNCATE TABLE `gn_user_audit`;SET FOREIGN_KEY_CHECKS=1;

/*!40101 SET CHARACTER_SET_CLIENT=@OLD_CHARACTER_SET_CLIENT */;
/*!40101 SET CHARACTER_SET_RESULTS=@OLD_CHARACTER_SET_RESULTS */;
/*!40101 SET COLLATION_CONNECTION=@OLD_COLLATION_CONNECTION */;
